link;x;y;drtVehicles
-458915637#0;795464.755;5817739.135;1
491114052;806412.095;5823000.945;2
-4446720#0;791570.7350000001;5828146.3100000005;1
-26184743;806149.785;5830285.025;1
-102486254#3;795598.5900000001;5819098.68;1
-23547511;797530.76;5839102.529999999;6
-23547510;797615.485;5840485.92;41
-5046433#1;786158.5449999999;5834601.51;1
-145661740#3;787401.54;5818753.91;1
-145661740#0;787570.595;5818326.255;2
-66514425;800680.685;5826399.27;1
-4536805#3;794076.42;5822188.765000001;1
-1050737336;806886.81;5824091.475;1
23983814;794151.15;5817444.015000001;1
-153947334;801742.0900000001;5829447.57;2
-4696061;807714.74;5831078.1899999995;5
-34297631;818912.675;5819068.08;3
4752744#0;785615.8300000001;5828020.115;1
-572456085#3;799231.815;5833355.005;1
-4631549;800043.7749999999;5830929.390000001;1
226972806;790375.4299999999;5825495.99;1
-10864676#2;805073.0549999999;5829101.529999999;3
-23381664#1;782986.885;5831609.26;1
-22617295;813756.745;5826298.1850000005;1
-28131589#2;792599.005;5821423.885;1
-32215238;804514.1599999999;5817280.035;1
-9562474;789923.335;5833242.4350000005;1
-7607393;808103.145;5829926.970000001;1
-23381664#0;783032.6399999999;5831804.45;3
-605887305;812859.78;5820169.205;2
-1079900449;812210.465;5830378.445;1
-19660028#3;793175.495;5817519.31;1
-147948799#1;803579.4750000001;5833376.529999999;1
-6145494;801262.125;5834206.035;1
-19660028#4;793224.455;5817349.225;1
-1123753469;803254.74;5828172.155;1
-9794170#2;808638.325;5828295.449999999;1
520627744#0;793278.405;5824604.92;1
-10303261;808215.4199999999;5830087.15;2
109804590#1;801042.135;5829304.84;1
-42156202;799071.47;5830048.449999999;1
-1093730522;805480.3500000001;5834600.095000001;1
-851979949#1;804559.58;5817307.89;1
-4583363;794742.645;5824024.220000001;1
-32036516;799755.245;5826114.984999999;1
-27944009#2;809452.76;5829700.29;1
329862814;790336.6699999999;5820537.585;2
-14477919;791063.2050000001;5817157.37;1
-16239275#0;802181.895;5837022.4350000005;1
-851979949#0;804288.5549999999;5817256.949999999;1
-4359660#0;796061.605;5816562.82;1
-9932079#2;784349.9850000001;5828419.630000001;1
-25117292#3;806032.9550000001;5820777.22;1
-43169790#1;810614.5249999999;5823703.745;1
-1111681719;813385.61;5828702.02;1
-9932079#0;784394.1499999999;5828624.275;1
-43169790#2;810707.4099999999;5823634.529999999;1
164927497#2;809545.03;5826965.385;1
-23044976;802775.315;5817960.16;1
-1111681713;813123.245;5828998.515;1
432205814#0;807669.29;5830224.05;1
-24215008;807477.935;5836161.78;2
-4791974#3;796226.75;5818306.35;1
-1115122395;812486.41;5819534.720000001;1
-24204363;812772.8200000001;5830204.345;1
-5210341;799590.035;5816632.234999999;1
-223162197#0;795444.345;5817345.91;2
-223162197#1;795295.9450000001;5817286.195;1
529791047#2;793922.65;5824983.73;1
529791047#0;793916.235;5825045.365;1
4605298#0;793975.75;5831613.795;1
-4796786#1;789974.385;5834817.605;1
-4796786#0;789949.405;5834898.050000001;1
-180239842;807017.735;5818145.505000001;2
-151742472#1;805694.41;5817274.9399999995;1
-432427267#2;805230.8;5829105.74;1
-4582011;793944.29;5820314.72;1
-333626112#7;790330.55;5833643.195;1
-1125735293;794299.31;5822751.15;1
-147717066#1;810955.6799999999;5817281.710000001;1
-461840255;798932.49;5813469.29;1
1047417662;807076.51;5825266.215;1
-6140048#1;806347.5800000001;5832177.25;1
-148662257#3;791345.79;5824359.865;1
-6140048#0;806299.9;5832244.550000001;1
57388365#4;782227.84;5830527.5;1
-30706181;806212.2050000001;5829104.82;1
-22689585#1;806635.165;5823712.6;2
147470139;788275.165;5819412.77;1
-475519856;796679.3500000001;5822803.395;1
-16216119;809201.2350000001;5824317.87;1
-156314745#3;798031.105;5824458.195;1
-81414503#1;805577.8049999999;5816512.5649999995;2
147470135;788185.7250000001;5819344.32;1
-1076616240#2;801141.19;5839122.555;1
-156350661#3;799948.885;5815736.885;1
30493836#0;793049.385;5816615.195;1
-461840244;805166.2;5822927.855;4
28658321#0;791122.6950000001;5827439.055;2
-4674809#6;792951.9199999999;5831693.695;1
-4674809#9;792529.9099999999;5831725.32;1
-4674809#8;792619.145;5831529.56;1
-152593448#0;797544.825;5814092.785;5
-152593448#1;797975.495;5814190.61;1
-4765745#4;793706.5549999999;5835448.779999999;1
-4674809#0;792707.855;5831908.115;2
-4436890#2;792254.38;5825774.575;1
-824512026;799521.455;5820504.915;1
-128437138;799593.81;5818835.75;1
-147470127#1;788110.345;5819629.074999999;1
487365150#0;792372.125;5835145.97;1
-22048109#0;804396.4650000001;5831096.575;1
-30711863#4;792508.5700000001;5818304.76;1
-143308493#1;808127.685;5818748.710000001;1
-26236457;803380.065;5822109.050000001;2
-1088103289#2;812535.025;5829475.8149999995;1
-86693557#1;793004.365;5820249.5;1
-150916964#0;812356.2150000001;5818878.0600000005;1
1112702601#0;789772.0800000001;5827410.279999999;5
-25771354;805806.1599999999;5827567.245;1
-1101407447;794664.63;5828815.539999999;2
-342368257;783775.1599999999;5830366.3;1
-24029384#0;781506.9850000001;5828186.71;4
-23984289#1;794750.885;5818510.3149999995;1
-936880750#0;788604.235;5840497.52;1
-35218633;820822.065;5820329.855;3
-414694975#0;817883.5;5817919.765000001;1
-4581965#2;794414.6950000001;5821052.1899999995;1
532727925#0;796702.68;5827428.55;1
490351862#0;793360.3400000001;5825671.16;1
-1078174626;812626.2;5826357.4350000005;2
-32933793#0;808610.7150000001;5834501.62;2
-148699614;793074.13;5819921.17;1
-20135753#2;806849.885;5835858.765000001;2
-378331294;796581.8600000001;5830352.6899999995;2
489846145;791190.815;5816149.904999999;1
-25771472#2;809457.4199999999;5819474.84;1
-25771472#1;809368.35;5819408.855;1
-1092554245;808000.7050000001;5834311.07;17
-22650541#1;812309.0549999999;5824538.15;1
4403029;784982.345;5815949.53;1
-24872854#3;811063.475;5825323.0649999995;2
-79701272#0;800702.02;5813802.22;2
-24204381#0;812509.29;5829876.5;1
-26952415#1;792720.75;5838424.4350000005;1
-615288733;814019.98;5829130.734999999;1
-5046984#4;786900.8200000001;5837258.475;1
-26299675#0;800657.81;5829495.119999999;1
-147432268;794164.005;5832290.4;2
-10266792#2;809719.585;5830166.385;1
-22732200;781786.6950000001;5814942.365;1
4612761#1;799575.475;5825910.18;1
238375118#0;790496.2150000001;5833607.4399999995;1
-28429400;802993.78;5819590.945;1
-33080181#1;789833.5549999999;5818404.0;1
-24159917#4;790927.1699999999;5816333.97;2
4441943#0;781712.645;5815094.85;1
-729154475;800182.23;5834829.6;1
1126170612#0;797454.6200000001;5825587.4350000005;3
-155605327;800157.135;5823189.36;1
-103764007;798833.47;5812993.1850000005;1
-182052618#2;802580.0900000001;5826038.355;1
-155605333;802686.525;5826125.52;1
-9622672;812373.215;5821794.1850000005;1
10863118#1;806075.745;5824461.835;2
-1083226619#0;800220.99;5827904.255;1
-223420422;800994.315;5837729.345000001;2
-11007801#2;803936.64;5839553.915;1
-11405545#0;813328.525;5830640.029999999;1
-593503611;814205.2350000001;5828830.835000001;1
-53590597#0;800665.5700000001;5831532.33;1
142150659#0;794143.225;5835391.12;2
-4471968;792587.675;5828507.235;1
-6062625;808091.675;5834062.35;3
-971162223;803098.4750000001;5836382.41;3
10275151;812100.1;5820971.52;1
39981760;800251.395;5820486.505;5
-23008647#1;801370.835;5831744.77;1
-1101066293#1;789338.13;5828919.38;1
-77096576;798578.425;5832593.215;1
-5000166#3;782878.71;5830163.34;1
-4829120#1;799698.345;5816849.41;1
-1050526170;809311.265;5817937.99;2
-73682399;795970.06;5835865.07;2
-151742424#0;806070.0700000001;5816114.890000001;1
-494694419;794260.395;5817354.195;1
-25716599;805376.14;5817508.505000001;1
-176753718#2;802135.5449999999;5835909.37;2
205799227#0;809747.88;5831525.93;2
-151020321#2;812065.4450000001;5817931.535;1
-23382146#0;781324.485;5830457.645;1
-1110415991;796479.8600000001;5825648.985;2
200767366;797083.53;5818319.6850000005;2
-1056615867#1;791661.675;5826322.95;1
183087822;801444.655;5817314.359999999;1
-35576657#5;784161.645;5830134.18;3
-23008634#0;801595.745;5832672.665;1
-1106109322;797890.03;5831353.640000001;1
-284996788;811876.2949999999;5814597.415;1
119506688;781459.26;5827293.16;2
-231416072#0;809369.61;5826951.109999999;1
-231416072#4;809105.2949999999;5826837.695;1
-23147599#0;789068.4850000001;5828170.785;2
-1110073693;795361.9450000001;5831192.74;1
-1115713105#2;794748.2050000001;5820212.445;1
110450329#0;798209.355;5825524.515000001;1
-155605353;802345.1599999999;5823627.13;2
-231416072#3;809191.675;5826877.965;1
-23410054#1;783628.815;5830454.785;1
-103502694#1;791465.2849999999;5818616.324999999;1
-25934844#1;788066.77;5826223.615;2
1071968532;781437.7150000001;5831518.84;1
-109767908#2;813903.33;5828015.085;1
-852423324;797802.7050000001;5832522.24;2
-23042339;803892.4299999999;5818412.945;1
-16890398#0;789569.915;5840782.27;1
-832911935;799108.685;5812233.115;2
-4777304#1;797962.45;5835574.175;1
-4678209;792903.885;5834944.720000001;1
-946031964#0;798892.815;5813568.93;1
-620610856#0;805755.52;5828360.965;1
-620610856#1;805767.79;5828395.385;4
41645768;806552.6;5825663.52;2
-4381082#1;796506.135;5827702.17;1
-10616488;796857.415;5833464.4350000005;2
-55948936#3;805459.915;5815202.52;1
-461373549#0;803344.785;5838547.85;1
-486781937;807551.575;5824581.255;2
281981657#1;780678.1;5821333.404999999;3
-4612416;799297.69;5826994.175;1
-1079234606;811684.335;5829318.48;1
-1117352311;809384.2;5828910.305;1
-152258387#0;820232.55;5819662.445;1
-827618813;806918.125;5823669.82;1
-22617300#0;813309.235;5826069.68;1
-22617300#1;813518.47;5825967.67;2
-4792251#0;795017.56;5818279.205;1
-1112121581;792558.855;5825529.015;1
-4612412;798831.3999999999;5826889.145;1
-827618811;806901.435;5823912.15;1
-827618810;807051.83;5823782.235;1
-4483962;783242.6100000001;5826177.125;1
351704742#0;800957.075;5828538.325;2
-4810962#1;782420.785;5816012.125;1
-1097304405#1;806496.845;5833458.494999999;1
-1107180847;796124.245;5825117.24;1
-177615720;808467.6;5819614.285;1
-4810962#0;782361.675;5816250.075;4
-142575656#3;808135.78;5818436.75;1
-30054300#0;781515.11;5828516.164999999;2
-705212990;810420.5900000001;5829579.9;1
310958980;795358.095;5822528.074999999;1
-23531657#1;812331.7;5817330.58;1
-685332511;804294.695;5830473.115;1
4699614#1;809370.2949999999;5831598.62;2
-7631009;790740.4099999999;5824659.915;1
-23531657#2;812384.6950000001;5817344.6;1
-283317444#1;810618.955;5818224.96;2
319692399;805986.095;5821891.03;1
337540124;794793.1;5827111.995;1
-4612427;799563.86;5827305.415;1
32205504;809634.825;5815638.705;1
-4612429;798805.86;5827029.32;1
32205503;809405.9;5815437.6850000005;1
-236829197;791188.46;5819375.94;1
-1072645816;801378.37;5826762.77;1
241186022;801221.775;5831070.765000001;1
-33340122#4;791999.7849999999;5819714.085;3
-4978512#0;784882.55;5830358.02;1
-177615722;808831.95;5820761.45;2
-52460499#2;806722.005;5818542.385;1
-1102794395;801707.0549999999;5831962.154999999;1
-224282086;812509.4199999999;5817104.24;7
431356092#0;801212.6799999999;5826535.75;1
-224282087;811908.4650000001;5817490.79;1
485860822#0;792915.855;5832168.46;1
43336758#4;789901.61;5818880.6850000005;1
-179164049;804755.0800000001;5833838.045;2
-26122496;803488.565;5828770.73;1
43336758#0;789759.425;5818547.035;1
23851927;799039.89;5827576.74;1
-309202979#0;793900.64;5817525.4;1
-156346076#0;801167.885;5816730.285;1
1122145468;794065.845;5821927.675000001;1
-4764649;798841.815;5834305.38;1
-1050528851;805081.36;5826382.125;1
23536598;803417.49;5821854.35;2
-4804577#3;790960.3500000001;5837531.805;1
-156350664;799548.8049999999;5815864.33;1
-4804577#1;791351.04;5837611.41;2
-156350665;799786.975;5815934.665;3
4705478;793515.5900000001;5829250.5;1
949330594;808328.355;5827868.904999999;1
-152466386;809374.155;5817302.855;1
-14025485#0;789848.755;5817712.185;1
-1096666763#1;805168.2350000001;5831030.04;1
-4662739;797720.44;5820658.1899999995;1
-14025485#2;789648.135;5817583.484999999;1
-1096666763#0;805068.47;5831079.99;1
-72442767;813988.3400000001;5820914.695;1
-4764651;798545.1699999999;5833827.095;1
-4637769;797113.135;5832553.945;1
-285178187#1;813279.245;5829800.52;1
-1032944863;799334.585;5832190.835;1
-156350658;800085.905;5816029.855;1
-32359106;793332.565;5826535.234999999;1
-4764655;798373.825;5833799.745;2
-266454541;814445.1950000001;5820675.01;1
-30699235#3;798201.075;5819669.825;1
-30699235#6;798636.92;5819655.045;1
-203167410#1;796787.345;5836368.234999999;1
-796244040#0;796818.7150000001;5829165.75;1
-34822334#3;794588.655;5820238.62;1
316318934;809716.97;5827296.12;1
-4776636;799929.12;5835143.435;1
-645343613#0;795812.36;5829545.73;1
-34822334#0;794656.94;5820709.01;2
-4637770;797147.74;5832939.404999999;1
-22697352#0;791044.53;5820843.07;1
-10952802#1;804124.8049999999;5841016.17;1
-33055666#1;793544.2250000001;5821731.109999999;1
-131834979#1;780203.905;5827652.1;1
-344005563#0;813576.265;5830547.775;2
-31091054#4;816763.52;5821286.95;2
-1089672834#2;799485.51;5825138.390000001;2
-54844570;805366.8;5820531.734999999;8
-175573808;804422.005;5826557.09;2
-29320396#0;804743.995;5835149.415;5
472210041;809433.2050000001;5834495.195;1
-4619890#1;781133.665;5815011.175000001;1
-19828559#2;798699.79;5819990.92;1
-155605298;800383.235;5824070.6899999995;1
-156350689;799752.23;5816091.175;1
-39955899;792552.975;5816795.24;2
-4684161#4;798628.47;5815323.595000001;1
963078048#0;798542.86;5831797.56;1
29616520#0;793699.505;5815774.305;1
-4637744;798791.685;5833350.535;2
-4684161#2;798601.575;5815001.67;1
-1052041056;815703.76;5814427.23;3
-435715671;797694.425;5823162.255000001;1
-866096146;793656.48;5838838.875;1
-16239347#0;802134.67;5836694.87;1
168889126#5;791800.58;5826954.25;1
-44212665#1;799901.765;5836435.865;1
-24461851#1;793280.17;5822591.335;1
-19828559#3;798698.89;5820125.045;1
-24403109#2;787403.3049999999;5835474.26;30
-38198840;797532.95;5818229.945;1
-172561914#2;809262.24;5833082.9350000005;1
25217949#0;796150.29;5830237.335;1
-22874509#4;789053.88;5816377.775;2
463139369;791404.2649999999;5830308.505;3
-23739046#0;794603.815;5815436.65;1
-1083614744#2;801158.06;5828529.465;1
-155605280;801599.155;5823895.67;1
-1085777065;786716.81;5816476.17;3
-551258172;806874.635;5816657.99;3
123485306;786880.56;5830127.234999999;1
-144884824#1;801097.36;5834806.885;1
-144884824#6;801098.395;5834143.625;1
-31579587#18;812444.215;5824782.279999999;1
-107667977;785521.4850000001;5837742.005;2
-949605669#2;798910.355;5832649.109999999;1
-144884824#5;801106.655;5834355.395;3
-148056734;793278.6599999999;5817451.935;1
782128179;800655.125;5823399.395;1
332306828#2;788760.1000000001;5827321.390000001;1
-949515802;803227.325;5819749.645;1
-354907570#0;796313.655;5820438.65;4
-365890548;806739.9950000001;5825482.970000001;1
-176711845;805262.845;5817997.28;1
-23862977;810098.29;5833986.95;1
-4776663;798808.6100000001;5834775.725;2
-7617511#5;807676.1699999999;5828289.029999999;2
-1125989632;805160.5800000001;5828432.385;1
-741106138;791704.865;5822774.654999999;2
-627590520;785674.74;5838290.3149999995;1
-6009205#1;809017.665;5834290.63;1
120232799;787658.7849999999;5821617.5649999995;4
-4764691;798354.71;5834680.49;3
-46509265#1;800007.0700000001;5835345.875;1
-141220979#1;801131.4099999999;5831567.835;1
152046230;809056.56;5821568.23;7
-4787318;800874.355;5831502.4;1
-26229276;806662.2050000001;5831023.445;2
110335777#0;806931.2;5823384.949999999;3
-26229278;806551.735;5830808.465;1
64206805#6;792683.18;5832786.665;1
-645343612;795941.7250000001;5829292.015000001;1
-151742423#0;807009.83;5817299.53;1
-24210218;814309.335;5813353.82;3
-270442656#0;780356.53;5821768.065;1
-151742423#1;807154.59;5817413.665;1
-270442656#1;780287.145;5821908.85;2
-161677842#2;789485.495;5833757.449999999;1
-974592529;795663.95;5837146.5649999995;2
245852953;798133.8400000001;5835897.665;1
-152258360#7;819525.37;5820535.895;2
-152258360#4;819731.355;5820558.215;1
-152258360#0;820250.315;5820610.925;1
-954558795#0;806579.09;5830468.66;1
-610561103#0;796890.12;5835917.145;1
-152258360#1;820060.35;5820591.09;1
178253961#1;787800.395;5830574.404999999;1
-142572168#5;794561.83;5825337.119999999;2
-610561103#4;796495.125;5836357.699999999;1
-71001582#3;792841.865;5820016.970000001;2
-179404218#1;790680.475;5817973.1899999995;1
-42816235;796957.565;5833808.12;1
-179404218#2;790634.4299999999;5818105.01;1
-8100317#2;791793.665;5834312.0;2
-8100317#3;791988.885;5834082.54;2
-27604363#0;809724.885;5826072.415;1
-147432272;794733.9650000001;5832855.779999999;1
-5000572#4;784140.1950000001;5829283.7;2
-140964905#2;808726.88;5819414.695;1
-328253844;808108.395;5824608.4350000005;2
4396236#1;794318.2949999999;5824917.74;1
-328253843;814200.6200000001;5821065.21;1
4581855#0;787412.875;5829355.0600000005;5
-152177244#2;799532.55;5812529.365;2
23851930;798974.585;5827469.869999999;1
-692169747;809912.895;5821698.27;1
-4764677;798119.015;5834215.4;1
-24381597;780167.36;5833814.325;5
-152466390;808738.875;5817559.960000001;1
-37342200#1;812965.4099999999;5828911.32;1
-202428439#0;802336.74;5838582.164999999;1
43063527;807650.685;5822193.705;7
-152466396;808728.77;5817107.65;1
-4776656;798996.7350000001;5834863.62;1
-4783452#2;802842.87;5832631.215;1
-4783452#1;802848.415;5832529.49;1
-1085546004#1;789907.7050000001;5824199.575;1
-601343160;805905.76;5822711.095000001;2
-16885912#0;789219.09;5839875.3149999995;1
-1123795363;804161.4450000001;5829045.845000001;1
-23121614;801541.0149999999;5838002.84;1
-24403264#3;786676.735;5834183.0;1
1122784753#1;794315.095;5822425.495;1
10752302#0;793728.8049999999;5835231.015000001;1
-24403264#2;786599.0800000001;5834165.455;1
-1067984548;806029.245;5827842.66;2
-1109060014#0;814783.915;5821471.855;1
-10774519;812274.6950000001;5831469.4350000005;2
-24873920#0;812094.775;5826835.265;1
-83913804#2;781243.6799999999;5814863.57;1
-23738636#1;794548.29;5817104.1899999995;1
-4478004#1;784244.0;5816391.73;4
-148295051#2;793785.51;5817694.745;1
-4675254#4;794081.27;5834699.755;1
823947564#0;793096.735;5826094.654999999;1
-148295051#1;793696.77;5817517.585;4
-83913804#0;781004.5049999999;5814836.97;7
29433222#0;796559.55;5815796.475;1
-23008576#2;803356.39;5834023.335;3
-4675254#0;793739.69;5834589.51;1
42826410#3;789182.665;5829752.91;1
-1120546335;795313.125;5830230.755;1
-151742429;806596.6799999999;5815398.295;1
-26143264#1;808834.84;5827233.215;1
-201678613#0;785098.0900000001;5836762.390000001;2
-956953469#0;790327.66;5839367.295;1
-5000499;783861.56;5829002.574999999;1
-118361751#1;788346.64;5818830.02;1
-147563892#2;789368.885;5819296.365;1
-6229595;805508.725;5828086.29;2
-23557722#1;812121.355;5819240.18;1
-20397090#1;815400.98;5814821.16;1
-416556689#0;808395.9550000001;5829580.9399999995;1
57388246#1;781827.21;5830633.300000001;1
-44037895#2;812624.825;5826655.54;1
-35576598#1;784103.97;5831136.95;2
-395077041;809656.64;5820532.2;1
-700034140#0;799228.595;5814871.075;1
-4829627;799544.385;5817729.76;2
-22650470#0;813183.245;5824904.72;1
-1091024215;807995.65;5830552.3;1
-6082538#1;805221.75;5832576.475;1
-142964440#2;791663.3999999999;5820861.225;1
-28819510#3;789598.9450000001;5817152.495;2
-334308450;807979.565;5819289.904999999;3
-27841729#2;790886.915;5839170.495;1
-27841729#5;791217.0349999999;5838724.970000001;1
150936794;791352.925;5820587.8149999995;1
-4765660#1;793733.655;5836000.41;1
-1039582677#1;816195.5;5816552.725;5
-37290889#0;782108.2250000001;5831884.49;4
-148074513#1;792077.7;5818169.4399999995;2
-4765660#2;793950.31;5835797.675;1
-22374899;788189.175;5826932.11;1
-195430954;799332.885;5827193.82;1
-151742446;807203.595;5816533.585;1
529801426#0;793231.905;5818360.49;1
1098705476#0;809257.41;5827418.449999999;2
529801426#2;793315.9099999999;5818560.515;1
-1021414693#0;807042.75;5825393.25;2
-4495206#0;792123.435;5827017.12;1
-23546257;783826.49;5830924.515000001;1
-81414529#0;806246.3500000001;5817278.605;1
-81414529#1;806138.185;5817325.075;1
1079226109;810076.6599999999;5829539.31;2
-114433837#1;796677.0;5816644.305;1
-890911547;808207.235;5830453.0649999995;1
-9028861#1;809199.2;5831755.195;2
28658009;791324.4299999999;5830105.595;1
-55502709;797376.6599999999;5825740.6;1
-16307590;800339.785;5838823.9;3
-4686238#1;801798.1950000001;5824979.375;1
-26139332;804791.375;5831070.27;1
-10258856#4;809887.615;5833650.455;1
-10258856#3;809907.51;5833858.165;1
-9933012#0;783080.3;5827788.824999999;3
-9933012#1;782726.405;5827792.525;2
-977762573;796917.815;5828212.595000001;2
-1055082836;801537.755;5826848.33;5
-71960546#1;808354.495;5816200.59;1
-9359994;791218.075;5841633.02;2
-836498493;799948.7949999999;5821581.71;1
-24518819;813029.05;5827882.8149999995;1
4615031#0;800510.27;5829966.25;1
114381386#2;798952.02;5814720.835;1
-4678206#4;792869.255;5834573.914999999;1
-4678206#6;793045.075;5834838.465;1
-151237827#0;814023.185;5821369.220000001;1
-25888940#1;813166.855;5825077.64;1
-4376921#2;795356.1599999999;5827758.0649999995;2
245198490#0;799168.395;5824559.324999999;2
-45105241#1;796449.06;5818645.41;3
-605914559#6;817550.065;5817693.415;1
-4684109;802635.94;5837191.640000001;1
-694626562;799487.2150000001;5828451.795;1
-9189981#1;801688.7949999999;5837776.805;3
114658391#0;792296.56;5831865.505;2
-4424207#2;782086.74;5815204.78;1
-197671077#0;813440.895;5815225.02;46
-197671077#1;812279.125;5815941.925;1
-25094869;782325.59;5820175.12;2
-671329664;806586.665;5822180.035;1
-4579956#0;804353.425;5823837.115;1
-24560321;802729.865;5819113.390000001;1
-466652717;811620.395;5831165.885;1
-1076446008;802483.095;5828277.235;1
-4782311#3;798837.315;5831885.73;1
-31758906#0;803868.27;5817520.115;1
-4579956#4;804171.71;5823659.9;2
-293348724#1;790322.7;5834524.645;1
-1112675746;811409.605;5821068.859999999;1
-151742402;808050.955;5816073.155;1
-4637810#0;796328.0700000001;5833048.165;1
-151742404;807042.185;5817398.76;1
97206935#4;807579.6599999999;5819447.19;1
670062922;809692.3400000001;5818145.015000001;1
-628078311;806061.415;5828920.445;6
670062925;809988.5700000001;5817860.85;1
-16942789#0;792788.335;5816168.1899999995;1
-24873920#1;812411.605;5826790.045;3
1002890679#0;784420.5800000001;5827682.265000001;1
-73673070#0;795231.095;5835328.48;2
-25415810#1;798338.875;5814452.135;1
-24841349#1;804407.205;5827855.984999999;1
-605914559#8;817403.69;5817507.654999999;1
-4606676;790784.085;5830908.715;6
-156350687#1;800156.39;5816068.87;1
-605914559#9;817355.625;5817446.765;1
-391407797;807668.04;5831324.475;1
-4864927#0;785768.365;5815776.555;5
-4864927#1;785906.43;5815860.525;2
-4864927#2;786088.145;5815970.949999999;2
-172183872#3;801710.7150000001;5821151.67;1
-4864927#3;786182.505;5816028.295;2
-1100681911;799506.94;5817871.234999999;2
-14493057;780687.27;5829684.6899999995;1
-7739049#5;810351.885;5824563.955;1
-4745685;790215.8400000001;5823817.895;1
153653007;795520.485;5826350.23;2
-720865935;821580.1599999999;5818986.275;4
-851610759;799314.105;5824821.035;1
1071291894;794711.0;5833781.725;1
-37958936#3;792136.145;5838460.595000001;1
-172698890;797632.0;5818060.54;1
-767466074;791728.5700000001;5824410.890000001;1
-4685757#0;801644.9199999999;5827039.98;1
-5021447#1;787972.1799999999;5830403.04;1
-696250738;800537.4199999999;5831631.1899999995;1
-19350057#0;790918.02;5836416.8149999995;1
-19350057#1;791038.0549999999;5836482.07;2
-306737091#0;800760.16;5833260.385;1
975541964;809880.8200000001;5827919.075;2
676630779#0;799276.54;5824555.08;1
-121429698#3;788096.485;5818443.46;2
-31153216#3;799991.0449999999;5814526.525;1
-851610741;799580.51;5824687.35;2
-948718851;782220.205;5815190.155;2
-151353910#3;796605.315;5821695.77;1
-11013652#1;803009.9550000001;5838954.875;1
-151353910#2;796603.9299999999;5821876.29;2
4689650#1;794919.3400000001;5820276.35;1
-607059678;804030.6599999999;5839843.5;1
-23382147#3;781135.7549999999;5830213.33;2
-23382147#2;781128.96;5830401.045;1
-607059677;804284.61;5840560.305;1
4694793#0;786540.77;5825892.9399999995;1
-23424609#0;798826.26;5838795.39;4
-34956165;796107.66;5830443.77;2
-13842360#1;806203.8049999999;5816189.82;1
-4999738;781710.2;5827654.805;3
146511467;806950.975;5818247.154999999;1
32640199#0;799184.38;5824748.02;1
-145661741#2;787462.78;5818879.895;1
32640199#1;799174.455;5824752.97;1
-145661741#1;787586.87;5818780.0;1
-797679668;792630.285;5815610.5;1
-867850613#2;800169.2050000001;5823739.285;2
-1097689292;811375.52;5826323.045;3
-246049139;787911.185;5816876.984999999;1
-515940525;785515.585;5827762.355;1
-19609586;803739.54;5830223.905;1
-40343634;810776.645;5815739.045;1
-246049143#0;789049.025;5815839.99;1
-183765247#0;811531.815;5820977.915;1
148671114#8;791062.31;5818947.78;1
-690829855;797018.3300000001;5822204.545;1
-31128904#5;806045.865;5816249.85;1
-22942678#0;811390.1950000001;5822116.425000001;1
-8048733#0;783179.11;5826626.8149999995;1
-277543988#0;818192.76;5819979.800000001;2
-4788574#1;805149.1599999999;5833367.21;1
-23133779;779728.44;5821864.035;1
-964932376;801077.275;5823835.045;1
-8048733#1;783029.635;5826337.735;2
-4804521;791366.655;5837303.859999999;2
-246049143#1;789004.73;5816003.855;1
-277543988#2;818471.425;5820203.16;1
-152258300#0;820677.4099999999;5820631.845000001;6
-4802752#1;794053.2649999999;5836414.98;1
-152258300#2;820741.0349999999;5820400.99;1
420112512#1;801245.6;5830354.305;2
-935919381;791038.31;5840569.8;1
-133643003#0;802931.79;5839601.855;2
-23141194#3;810164.815;5831156.195;1
-23141194#0;810149.6699999999;5831041.12;1
352683183#4;795989.115;5832479.345;1
-25523003#2;780230.0800000001;5819858.08;2
-5111674#1;802738.365;5817118.695;2
-29400740#0;793755.745;5828997.855;1
-133643003#1;802805.3049999999;5839769.66;10
-4802334#1;792197.435;5837269.945;2
-24896152#1;796583.2050000001;5816200.72;1
-152258290#0;819208.0349999999;5819318.46;1
-1016033493#1;811875.275;5816528.035;2
-152258290#1;819355.36;5819358.1;1
-9622704;812481.3500000001;5821832.26;2
53385386#0;805955.99;5819043.295;1
-27105668;817825.175;5817280.265000001;1
-28581512;789243.21;5815014.555;1
-25368395;810211.97;5822666.12;1
-28497529#2;796043.38;5823434.025;1
-263787931#7;782268.905;5827514.3100000005;1
-22733456;788880.7050000001;5816574.53;1
-38321181#1;782790.745;5816155.945;1
-846955493;808470.825;5826406.01;1
-229061362#1;805621.3200000001;5827744.76;1
-672327799#4;812476.74;5818756.535;2
-30706065;808069.36;5833417.0;10
-49075754#0;811385.72;5831463.365;1
-29698504#0;798585.915;5813396.949999999;1
148671101#3;791494.9299999999;5819619.995;1
-148295053;794093.6;5817863.3100000005;1
-279125376;815367.565;5820975.305;6
-193155136;809149.935;5828782.994999999;1
-1100707498#0;794941.705;5822558.66;1
-135777007#0;805394.39;5816545.675;1
8048740;783991.575;5826376.0649999995;1
-1012346278;811734.295;5819251.039999999;1
-23626954;784373.75;5831008.24;1
-44212667;799865.105;5836685.859999999;1
-281642745#1;790981.6;5839751.965;1
143308587#0;807709.855;5818345.359999999;1
-240058497;790715.4450000001;5821953.02;2
-20611382;786888.5900000001;5818616.455;4
-257543251;805831.065;5827985.0;1
-4575471#0;793078.91;5822535.130000001;2
-4377122;794313.935;5827393.52;1
-193155125;809313.6950000001;5828765.805;1
-24531767;784011.73;5829810.355;3
-24457237;797806.06;5831139.525;1
-11144082#6;804708.775;5842656.045;3
-11144082#5;804562.585;5842615.484999999;3
-1110750064;797520.44;5827157.695;1
436928308#0;800502.475;5820540.5;1
-328440052#0;783583.56;5829083.779999999;1
-24720027;785867.345;5838031.195;1
-4575471#1;793273.5;5822505.2;1
-24335948#0;786202.0;5835005.96;1
-141968897#1;805567.5700000001;5819203.285;3
-156350660#4;799640.875;5816229.695;1
-22768997#1;803432.39;5824111.615;1
-141968897#0;805467.7749999999;5819396.26;2
29490502#0;790370.3;5820785.82;2
1117042928;804588.535;5817819.279999999;1
42695661#0;784470.9099999999;5826444.125;1
-138147741#1;802840.565;5818945.075;1
-1047544507;802244.9550000001;5822654.68;1
4441942#2;781783.2849999999;5815114.74;2
-4764805;797322.73;5835078.675000001;1
-25199872#9;792059.755;5820235.279999999;1
-4637814;795759.71;5832990.885;1
-4804813#2;790924.625;5838703.67;1
-4804813#4;790797.36;5838859.475;3
-30823686;809286.915;5825599.195;1
-711128321#1;793735.5549999999;5819305.265000001;1
36192323#0;787805.375;5827955.55;2
-25356351;810008.415;5823732.09;2
-1082675635;789566.5449999999;5828907.08;3
-30094025;796580.94;5818629.555;1
-965375519;814294.095;5822803.625;7
-965375516;814227.13;5822160.8149999995;1
-85900652#2;782199.52;5821290.734999999;3
-4764814;796804.42;5834626.15;1
-4637808;795740.98;5832853.5600000005;1
-50290497;814039.6;5828870.155;1
939356348#1;792109.4299999999;5833048.395;1
-8080223;788600.31;5826381.135;1
939356348#0;792142.8049999999;5833250.575;1
39969574#0;809407.6699999999;5818426.915;1
35313211#0;799149.375;5837598.975;2
-30706023;806156.36;5834875.25;1
-1125989662;804552.415;5828423.595000001;3
-335396339#0;795671.5;5825729.97;1
-587687970;813384.445;5822257.96;11
176869742;798901.3049999999;5837497.915;1
490351863#0;793265.255;5825640.5;1
1011564761;789682.4099999999;5826454.92;2
4689628#0;808307.8;5828204.725;1
-152708866#1;809866.505;5816868.220000001;1
-18467854#1;804932.3200000001;5841584.51;1
-16894463#0;788478.575;5840644.295;2
-1089784289#0;807007.7949999999;5827888.47;1
-192204863;809364.0900000001;5821670.595000001;7
-1087718444;808585.0800000001;5830455.55;1
311849555;794156.915;5821289.605;1
-134941364#0;792861.9450000001;5836896.055;1
-27683521;819632.19;5813292.54;4
-22650542#2;812204.7050000001;5824529.890000001;1
-4792008;796431.4;5818936.445;1
-22650542#3;812259.0700000001;5824639.695;1
-152177246#3;799636.675;5812707.585;1
-23436563#0;782385.9199999999;5826787.17;1
-634311611;807575.235;5825669.085;4
-306179904;818989.6799999999;5822778.085;1
-4792001;796587.175;5818947.29;1
-152177246#0;799605.615;5813049.46;1
-5046985#1;786888.485;5837120.295;1
-29421665#2;811131.24;5827739.995;1
-183346833#0;803510.15;5818725.75;1
-5046985#0;786564.81;5837187.845000001;2
-1119175751;804558.92;5826567.68;1
-23121612#0;801784.23;5838263.19;1
-5046985#3;787367.745;5837028.029999999;1
-23411696#3;783031.23;5827227.52;2
-448715094;800151.21;5826955.085;1
-33119390;789558.13;5824872.63;1
-73057254#0;798195.38;5822137.645;1
-451575108;802017.4199999999;5818965.525;1
-333626106;789621.115;5830315.5600000005;1
-24862270#6;813103.775;5825757.4;1
-73057254#4;798399.145;5821979.085;2
-4597379#2;794798.4450000001;5825866.59;1
-24862270#9;812894.6499999999;5825505.109999999;1
-4792072;796898.315;5818082.585;3
153698394#0;797837.535;5827776.305;1
-156579521#3;798551.625;5818597.609999999;1
-4792073;796409.17;5817749.85;2
-156579521#1;798850.835;5818549.095;1
-156579521#0;798976.6699999999;5818529.925;1
-51573905#0;803133.85;5830122.1;2
-4678318;789304.435;5825364.62;1
-33115814;793265.585;5820658.4;2
37287190#0;802055.7849999999;5827265.23;1
-1083737429#0;799512.2549999999;5834679.675;1
-1083737429#1;799695.205;5834791.365;1
-471623741#2;802662.615;5841494.26;18
-807826744#0;798480.425;5821392.109999999;1
24461847;793490.615;5822671.49;3
-326455736;796310.25;5834268.355;2
-1112178278#1;813201.365;5823976.61;1
-146511456#1;808368.94;5819806.96;3
-4764859;796509.4;5834871.61;1
-23008646#0;800930.055;5831922.82;1
-551950267;794877.05;5826389.300000001;2
-1083949099;797189.51;5833191.68;1
-1017351614;796449.1000000001;5822669.365;1
192497995#0;808655.75;5827433.605;1
-181407580#2;798941.19;5823900.325;7
160130945#1;800760.645;5830189.5649999995;3
-166645720#2;787976.4650000001;5830252.48;2
23020737;785410.15;5830510.17;1
-157449738#4;804309.1200000001;5816496.955;1
-231263427;785944.39;5837848.4350000005;1
-157449738#0;804482.5800000001;5816150.8100000005;1
-24212915;819655.97;5813429.625;2
-379523202;785370.28;5817669.285;1
1101201367#0;794457.4099999999;5830710.465;1
-142811425#1;808814.98;5826675.625;1
4791982#1;796476.4450000001;5818399.645;1
-4581966#2;795059.5800000001;5821047.09;1
-22721671#0;804092.44;5818734.17;1
-23112872#0;821649.87;5819040.484999999;1
-24295532#2;795390.525;5833362.285;1
-4557344#0;806961.99;5822148.305;1
-4764825;797485.9199999999;5834736.029999999;1
-4792052;796363.28;5817624.984999999;1
1101202385#2;795935.845;5831213.52;1
-23228474;802713.335;5842150.045;2
-4764827;796671.55;5834820.505;1
-4557344#2;806789.77;5822167.904999999;1
-137685678#0;789101.99;5823691.74;2
-4618822#1;795818.95;5825549.87;1
-4764821;796975.155;5834761.615;1
-26236456#1;803246.3999999999;5822220.65;1
-5046434#0;785924.8049999999;5834130.885;1
34307330;794922.315;5838987.84;2
-217353517#2;810205.55;5826927.3100000005;1
-10775108#0;813142.73;5831051.215;1
-176031303#2;800330.2250000001;5826775.535;1
-586028864#1;796455.245;5840376.155;2
-10775108#1;812989.155;5831042.65;1
-42757174;801088.4299999999;5836726.215;1
-37958936#0;792033.895;5838613.5649999995;1
-59392595#2;795112.06;5836340.87;1
-219766636;805105.62;5815484.32;1
-1089751371;797261.355;5825291.05;1
-153604256#1;800515.825;5813036.8149999995;2
-80883729#0;811171.595;5814619.37;1
-4804920#4;791782.815;5838876.475;1
-80883729#1;811344.03;5814605.17;1
-48909256;792628.9199999999;5823259.15;2
-4900187;779813.76;5819813.6899999995;4
-4764838;796526.23;5834667.15;1
-62066032;787048.9450000001;5826461.359999999;1
-154385613;795011.5549999999;5822561.55;1
-4588800#0;789612.81;5829756.5649999995;2
-172219124#6;801115.3300000001;5825216.29;1
-172078325#2;797766.96;5829163.37;1
-1092194756#2;792960.485;5825652.12;1
205799202#0;809924.2949999999;5831678.23;1
-172078325#4;797926.3300000001;5828981.785;2
-33078340;787310.01;5818176.645;1
-257256519;820901.085;5820209.074999999;3
-53339839;803950.8049999999;5829589.425000001;1
-4637897;795910.86;5833594.165;1
-954579804;805430.0149999999;5832144.595000001;1
-1098728922;810811.95;5825645.115;1
-436632527#1;794268.135;5818244.935;1
-4824917;809069.05;5826376.205;2
-1010110067;816143.1799999999;5813258.890000001;1
-855895262;784564.575;5826852.7;2
-199768813;806420.11;5822114.779999999;1
-4498110;786078.975;5827876.975;1
-936880726;789727.62;5839516.285;2
-203211083#0;805402.9199999999;5834871.0;5
1117827613;801415.98;5818934.87;2
-34024122;790927.63;5827732.765000001;2
-4615212#1;801150.565;5829762.695;1
-868393437;790520.845;5831004.095000001;1
-4824924;809284.99;5825753.955;1
-1050300942;810039.21;5817175.025;4
-26139457#5;804458.7250000001;5830302.385;1
-4788728;804735.44;5832656.48;1
-1079247911;810344.94;5832180.050000001;1
-4615212#4;801251.05;5829693.26;1
-4689090;805910.2949999999;5826702.175;2
248010194;796548.52;5828691.039999999;1
-44027933;816264.83;5816940.695;1
-936880733;788761.99;5840314.640000001;1
-48743035#8;800947.97;5819752.960000001;2
-156579475#2;798814.89;5818333.890000001;3
-4437185;792316.94;5824803.08;1
-37282764;812803.8049999999;5820515.085;1
-48743035#3;800330.44;5819692.16;2
-11405307#2;795196.3200000001;5825680.1899999995;1
-31522568#4;812431.08;5829140.12;1
-48743035#0;800025.435;5819663.475;1
-31522568#5;812425.865;5829276.26;1
-981973161;802520.825;5822554.855;1
-1115709523#0;811812.09;5818135.07;1
-1078972931#2;791932.335;5825737.975;2
199287256;795331.605;5822701.824999999;1
-28231957#1;786181.81;5833926.445;1
-16237833#7;802472.3049999999;5835797.96;1
-1057995229;799641.095;5836229.460000001;1
-172013798#1;808318.895;5818194.395;1
-1123458700#0;794418.77;5819807.43;1
-172013798#0;808244.47;5818263.745;1
212891839#0;799859.25;5813685.745;1
-84218282#2;788157.965;5821593.99;4
-23227198;792701.375;5833326.43;1
-1052698780;799629.345;5830086.585;2
199287264;795094.8049999999;5822439.925000001;1
-328776776;799037.6950000001;5837022.15;6
-310306837#0;811683.94;5821159.67;1
231121695;791929.49;5831897.395;6
-43286950;787649.935;5837377.109999999;1
264463433#0;803542.5449999999;5822399.32;1
-40563015;795372.12;5819618.0649999995;1
-328776771;799132.81;5837476.045;1
-936880711;789283.0549999999;5840578.915;1
-25764072;803859.335;5828970.535;1
-202156991;798438.11;5827998.5600000005;1
-58413394;799151.12;5834542.215;2
-103405406#0;799348.595;5815049.455;1
-451944991;780587.79;5818470.45;7
-4788774;805222.3999999999;5831906.425;1
-667255518;790248.835;5836720.065;8
-63013460;800827.0;5825996.645;1
-25748835;792739.905;5831700.26;2
-667255519;790533.5700000001;5836980.390000001;1
-4474182;811353.2849999999;5815881.15;2
-407946692#2;787984.765;5829760.140000001;3
-4788490#1;805152.915;5834519.57;1
-97592188#1;804935.55;5816949.734999999;1
4581856#1;786985.145;5829452.404999999;1
27835189#3;794378.7350000001;5836985.05;1
-1092204225;808640.5700000001;5833388.165;1
-981973152;802077.165;5822096.49;1
-813947554#0;793752.53;5825357.11;1
25217541#0;796237.205;5830153.915;1
185008731;795639.115;5820997.405;1
-627563753#0;805991.7949999999;5826666.195;1
-151370220;807868.125;5825638.2;1
-23411706#1;781350.48;5827744.405;1
-1054727262;801048.925;5827362.35;2
-24205042#3;814999.755;5829499.955;1
-148176599;801629.88;5825316.855;1
-194566382#0;808464.355;5827252.9;1
-151370227;808197.485;5825798.835;1
-42050712;806611.565;5829297.029999999;2
-31065038;807266.3;5832477.965;3
-1087689484;809356.485;5828601.619999999;1
-4437140;793296.7150000001;5825200.630000001;1
-4787423;801627.89;5830648.07;1
-4434408#2;790356.905;5822837.109999999;1
-152434833#1;799323.395;5812466.654999999;1
-23483402#4;808441.7;5820595.03;1
-4434408#1;790166.7549999999;5822927.154999999;1
1101202217#0;795727.075;5830975.785;1
-24204526#0;813470.39;5828826.494999999;1
-4368305#3;791380.38;5823288.1;1
-22724001#0;789274.165;5817713.02;1
-4368305#4;791496.67;5823266.32;1
-4483958#1;782322.155;5826499.365;2
1101065275;791289.415;5828864.4;1
-39473297;786571.73;5832767.19;3
-4674811;792920.485;5831277.63;1
-4410584#0;794147.435;5827263.98;2
-1002263686;785995.4299999999;5818273.205;2
-11092480#0;803688.0349999999;5830104.96;1
-936880741;788735.395;5840003.635;1
-4796460#1;789455.165;5835596.75;2
-969524322#1;795009.97;5833140.445;1
-4763465;793140.86;5828558.5;2
-1120414699;802619.9650000001;5825410.404999999;3
-153617389#1;800268.0;5814738.4;1
-4788745;804972.1950000001;5832429.765;2
1112865074;806573.135;5828256.83;1
-814007276;793660.78;5825394.67;1
-103012045;793864.99;5817136.645;3
-23913525#1;808758.2450000001;5819511.51;1
-7975009#1;789376.6699999999;5833635.29;1
-14491479#0;779873.9550000001;5829278.905;1
-231259307#0;790641.8999999999;5835237.775;1
-42990940#0;804990.4650000001;5833389.4399999995;1
-147432165;795805.38;5832708.404999999;2
-936880751;789683.225;5840275.140000001;1
335396334#0;795183.3049999999;5825865.275;1
-133988465#0;792593.195;5821315.295;1
-38703014#1;821188.595;5818693.47;3
4422232;785386.21;5824746.45;1
-150916978#1;812687.75;5818778.485;1
-260414493;809323.87;5816198.395;2
169738742#0;798947.05;5825596.595000001;2
24986655#0;797887.5900000001;5825278.039999999;1
-148077443#1;795526.13;5815982.595000001;1
-22733496#5;789178.355;5816717.875;1
-316749679;802815.6;5826841.125;1
-546418815;787087.2;5817399.73;2
192487145#3;807296.525;5824714.4350000005;1
-24204547;812630.9650000001;5828104.275;1
-130105247#0;785299.1399999999;5833502.5600000005;2
-4713950#0;790787.685;5842689.475;4
-205508138#3;798329.505;5817137.45;1
-4537203#1;811507.53;5814805.045;2
-28671480#2;794068.6;5836540.0;1
-4713950#1;790517.315;5842666.734999999;4
1090771516;807210.485;5827684.08;1
-176273730#2;797041.5549999999;5827663.295;1
-99868994;798788.1699999999;5824169.9350000005;2
-1077412335;809775.81;5823561.335;3
-142575702#1;806234.405;5820124.26;1
-437325049#3;791501.005;5828277.635;1
27944057#1;808998.26;5831356.435;1
-354078625#0;806045.215;5832028.83;1
-4610043#0;795244.97;5832414.625;1
-153617314#0;800651.465;5814294.87;1
-158579656#2;791778.14;5822549.76;1
32035256#3;800040.46;5832890.005;2
-325390809;817226.55;5817489.035;1
-679028113#0;795741.105;5816784.735;1
32035256#0;800180.63;5832255.865;1
-679028113#1;795847.855;5816593.890000001;1
28680187#2;798051.8200000001;5819431.51;1
-4663337#3;801822.54;5817440.779999999;1
-1042407361;796690.895;5824441.755;2
-4804499;791881.615;5838283.275;1
-30855948#2;798411.64;5830170.665;1
-1050686766;808656.735;5818424.195;2
-168945516;798984.45;5831702.085;1
-237093500#0;790701.26;5838706.365;1
-42757179#0;801303.595;5837664.585;1
-673699628#0;794704.065;5832199.9399999995;1
807043983;790897.84;5827907.29;2
-8561434#3;790451.7350000001;5840491.09;1
-1095156952;804463.3700000001;5830203.45;1
-152863230#0;810400.8500000001;5814515.345000001;1
-150907206#1;791799.085;5821620.065;1
155605276#3;801333.525;5824032.39;1
-24974185;784377.435;5829488.835;2
-1102901550;796465.23;5832398.16;1
-158580766#0;799453.825;5819644.0;1
-211562073;807305.56;5816809.984999999;1
4878045#0;800457.605;5826745.6850000005;1
-24580328#1;817842.0049999999;5817149.955;2
-831333337#1;801966.71;5838016.34;1
-25332943#0;783792.4750000001;5824355.85;1
-22650471#0;812754.615;5825359.3149999995;1
-4788539#1;805306.015;5834495.54;1
379895556#0;801253.635;5819222.92;4
-4788396#2;805104.9550000001;5833579.415;1
-4791999#2;796299.9650000001;5818917.375;1
-1117123284;806011.6699999999;5820701.4399999995;1
-318665517#3;797725.005;5823655.17;1
-1117123285;805994.38;5820856.67;1
-1088430062;809005.925;5827908.4399999995;1
-1117123288;806121.0700000001;5820921.355;1
-1117721970;808627.385;5816811.17;1
-4618785;796577.115;5825565.33;3
-4410995;795182.365;5829153.75;1
-30768384;796955.7949999999;5839237.0600000005;3
-1119244727#2;795091.185;5821529.904999999;1
-30768385;796962.745;5838810.87;2
-1119479127#0;795449.425;5821559.51;1
-25369037#2;791891.75;5825929.529999999;1
31094905;806944.13;5822613.01;1
-44037596#0;812084.04;5825816.365;1
-14771586#2;786933.54;5828049.404999999;2
-22981795;785449.2649999999;5831877.48;3
-4579681#7;790146.385;5833156.97;1
59109759#0;798119.24;5836829.279999999;7
-4579681#6;790060.02;5833140.535;1
233763053;790733.83;5826687.16;1
40152322#0;807672.985;5829922.925;1
227968714#2;792336.135;5836077.859999999;2
-101290094#3;792666.845;5821370.465;1
-4579681#3;789800.3300000001;5833137.14;1
-4777111#3;798290.75;5835835.404999999;1
-304427112;814967.76;5815220.904999999;1
-32499438;794330.36;5827481.074999999;1
-4681009#3;799926.165;5812866.95;1
-22981785;786077.13;5832435.52;3
338527886#0;794342.33;5830537.0600000005;1
-24693621#0;801501.56;5821955.115;1
-4623435#0;789273.1799999999;5823671.62;1
195387482;802583.69;5825927.23;1
-31002335#2;802354.315;5818952.8;1
-53812201;806178.065;5835181.93;1
-4999773;782965.99;5828010.97;3
-7989960;793552.115;5820299.734999999;1
57685001#0;785231.675;5832036.835;1
-947014752;799608.485;5817512.625;1
-4802586#0;793730.6950000001;5837310.595;1
-107747049#1;791625.8200000001;5819949.725;1
-942877959#0;809209.27;5828495.81;2
31578377;810791.23;5827092.1899999995;1
-14472210#3;790063.365;5815477.67;1
-106248900#0;799993.62;5812266.95;1
-37036260#2;792739.79;5826492.425;1
-1102361400#1;798179.275;5817284.37;1
-151353923#2;796976.0249999999;5821243.535;1
-4791999#0;796260.06;5818671.88;2
-29311546#1;798820.54;5838182.345;3
-1095110409#3;805132.22;5830005.365;1
-30218983#4;787192.02;5829725.965;1
-30218983#2;787407.0449999999;5829845.37;1
-35577030#3;784651.77;5827799.645;1
-47984065#0;792280.66;5836698.635;1
-4606797;792272.035;5830470.25;6
-8074410#0;805334.18;5834702.4;1
-8074410#1;805224.95;5834747.245;1
-604058358#0;790508.075;5818058.34;1
-5116189#0;802470.31;5820859.93;1
-4900137#2;780337.925;5820307.725;1
-840875335#0;799729.315;5825022.35;1
-103502696#4;791384.705;5818413.529999999;1
-103502696#3;791301.22;5818269.484999999;2
-8778855;809164.225;5828981.145;1
1109010868#0;792378.7949999999;5830689.359999999;2
-1074988437#0;812075.17;5821239.04;1
-31233020;803830.965;5835904.74;2
-224300206;786713.585;5836692.07;1
22042469#0;805483.1950000001;5832102.02;1
-11027822#1;803827.2350000001;5838561.654999999;2
-282047688#1;780723.3500000001;5821554.25;1
730886452#0;798026.985;5831131.27;1
730886452#1;798109.435;5831143.970000001;1
-25095161#1;783721.2250000001;5822112.83;1
-13782288#1;792856.245;5823786.075;1
32035017#0;802577.0;5831730.215;1
-152495011;808780.5249999999;5817056.525;1
-282047688#0;780702.075;5821592.415;2
-29201098#1;791127.4199999999;5833505.07;3
-29201098#0;791253.2250000001;5833303.97;2
-308295799;799000.835;5833787.66;1
-909825429;797122.105;5826605.59;2
-59104200#2;799192.99;5836900.87;1
-70532934;816367.025;5809627.875;1
-4675017#1;792726.71;5832619.48;1
-520777778#0;806324.87;5825297.245;1
-4675017#0;792580.96;5832667.425000001;1
-22984181;800935.9850000001;5837561.015000001;1
-1115537602#2;792633.1699999999;5826384.455;1
-4616172;789464.71;5825446.484999999;1
-211555778#0;804155.9550000001;5816338.635;1
-25417782;796110.6599999999;5824889.475;1
-152495025;808224.695;5817300.05;1
31910790#0;792246.73;5833823.67;1
-148434476;790923.645;5816015.82;2
30824621#1;808635.3049999999;5831886.765000001;1
4424778#1;795208.74;5828507.12;1
4396831;791429.455;5830412.21;1
318138858;792947.72;5821564.1899999995;1
-103453514#0;791632.995;5829325.445;1
-103453514#2;791756.3049999999;5829498.875;1
-29311551;798670.7649999999;5838413.785;3
-39166056;799478.2150000001;5816694.715;1
-50283659;799921.395;5814114.074999999;1
-4500191#0;794455.4;5822875.775;1
-23363762;811185.61;5817955.605;1
-837147987#0;801750.015;5821597.025;3
-152495041;808155.865;5817202.5649999995;1
932637377;800164.54;5828030.455;1
-5109520#2;789905.725;5816234.995;1
45249568;812756.6950000001;5830074.119999999;1
-94712497;785194.19;5836171.455;1
-51218885;807524.385;5827438.529999999;1
215598579;788907.56;5836877.095;12
-35104446;812551.165;5830508.96;2
-1104422710;795066.425;5829949.225;1
-23121445;798486.435;5827887.45;1
181088809#0;789108.81;5826947.63;1
-144110616#3;801185.46;5831980.035;1
-152495050;808278.015;5817414.845;1
177599475;791204.87;5822125.86;1
41771243#0;794888.74;5819292.395;1
-37000934#2;783336.7;5826142.34;1
-4678203#1;792566.895;5834206.0600000005;1
-152354547#1;809477.675;5816787.045;1
-536087455;810169.6799999999;5831778.9;2
62317353#2;786045.2749999999;5816662.140000001;1
-148303178#1;796347.51;5814906.35;2
62317353#4;786322.5449999999;5816835.880000001;1
-148090085;796072.175;5815849.2;1
-5026221#0;779736.9099999999;5829565.140000001;1
-1118479239;795235.78;5821644.105;1
-80883630#2;812105.505;5815159.6850000005;1
-103499522#0;792146.96;5818040.324999999;1
-80883630#0;811875.66;5815053.92;1
-41211952;790339.28;5842695.645;2
-26157303#0;795297.365;5818550.195;1
-942605591;799665.845;5829411.734999999;1
-270138550#3;791614.29;5839003.074999999;1
-4531625#0;795805.025;5824507.9399999995;1
-1091868404#2;782988.095;5826089.925;1
-7998239;812087.25;5827596.390000001;3
-4678323#1;789238.235;5824404.85;1
41976565;794801.0449999999;5838947.54;1
-229232324#4;794058.27;5817553.76;1
-9837238#1;809800.39;5829230.605;1
-152708901;808193.09;5816347.46;1
-9837238#2;809953.9;5829205.67;3
-261883742#0;806320.4750000001;5835522.86;7
-1101190051#1;791169.26;5826597.75;1
223184052#0;804858.2949999999;5827453.56;1
-1100677352;794148.35;5817308.24;1
4679304#4;800064.635;5824436.095000001;2
-41211938;790746.3200000001;5842552.085;2
-1103855972;795374.4099999999;5831912.285;2
-147330454;811651.115;5816365.815;5
-1023614910;805817.54;5825472.725;2
23536723;803786.3500000001;5822700.22;1
-4616184;794659.76;5820173.359999999;1
-28701037#1;793423.0149999999;5823308.705;1
-148434468;790869.265;5816069.57;1
-660709809#0;791590.7949999999;5836723.4;1
1123184404#0;798202.5549999999;5826933.305;1
-309598724#3;796646.685;5820706.025;3
40520571#1;804426.67;5830439.654999999;1
-43169792#1;809706.895;5823923.27;1
-22956997;806382.23;5819058.995;1
-750020984;784704.53;5826275.13;1
-9172749#3;808496.1000000001;5829158.475;2
24246008#0;784473.7949999999;5826473.5;1
-4616196;801591.96;5828141.58;1
-11993337#1;809945.4099999999;5829914.4;1
-281982067#6;780680.46;5821561.035;1
-23490717;796469.9;5821021.550000001;2
164927495#0;809542.5449999999;5827036.404999999;1
-151020323#2;812399.005;5817073.54;1
-338546087#0;813850.085;5828918.41;1
4801836#0;791663.13;5832820.345000001;2
-604058358#3;790703.1000000001;5817771.78;1
19047484;800552.39;5828620.245;1
-283609053#0;801580.52;5825033.12;1
-1118479244;795144.8200000001;5821743.015000001;2
-708910290#0;798313.03;5824379.41;1
-1104038575;812132.36;5822115.93;1
-817289021#2;800829.23;5822112.67;1
-27065894#1;803370.3300000001;5838181.375;1
-27065894#3;803400.41;5837843.140000001;1
331595237#1;795460.165;5827745.395;1
48298278#0;809081.88;5818208.855;1
-25029486#2;781700.49;5820474.17;2
427577086;798948.28;5821883.25;1
-1041407831;807808.175;5825199.640000001;1
1107682057#0;794740.55;5831387.29;1
-4500156#2;793699.355;5824263.869999999;2
-24874728#0;813076.4450000001;5829674.41;1
-36786717;807248.675;5828629.4350000005;1
-982889183;806253.125;5829441.92;2
-27134048;794402.4199999999;5816335.775;1
-148311163#0;793323.2849999999;5817580.789999999;1
-4764937;796271.815;5835505.805;1
-153260663#1;810668.875;5814554.73;1
-25663086#0;816916.65;5815994.235;22
-25663086#1;816843.775;5816053.78;1
-1061050794#0;806319.8049999999;5823520.865;1
28100651;797738.97;5815637.795;3
150796071#0;790368.435;5819761.465;2
-175298126#1;797575.5700000001;5829748.19;1
-26406925;803474.955;5831489.805;3
24668381;799045.0;5833874.93;1
-19200527#3;794285.69;5833417.25;1
-866020473#0;813180.865;5828666.6899999995;1
406257183#0;809195.78;5814354.23;1
-63902883#0;800622.05;5815958.965;1
27990093;806962.265;5826123.98;2
-34547070;800265.495;5840618.695;11
206170865#0;794798.42;5827368.655;1
-5000177#0;783363.29;5829621.595000001;1
-23097207;809630.865;5827529.84;1
-841050071;781864.75;5831061.365;1
20313594#0;804200.065;5818436.99;1
-593051115#1;796097.99;5829153.805;1
-1125915764#0;794110.645;5822537.785;1
4598264;793704.9450000001;5822235.18;1
4068044#0;791951.245;5832945.805;1
-152863291#0;809986.145;5814805.035;5
-34220874#1;788133.465;5828797.375;5
1101408690#0;795329.5449999999;5830534.57;1
-4612696#7;799182.025;5825889.78;4
5000365#7;782169.115;5828487.41;1
-949263418;793056.325;5839281.035;1
-4978510#1;784494.4650000001;5831835.98;1
-1041407825;807952.64;5825196.985;1
-839385480;820865.88;5818447.25;3
-576096702;794122.3;5838551.79;1
-22972861#1;809723.33;5814969.08;4
-576096703;793891.885;5838595.135;4
-33114922#0;789117.75;5820943.89;23
-182859952;794220.485;5829358.88;2
-91603547#1;813684.3;5820677.515000001;3
-4469432;784923.3;5816756.01;1
24615396#0;786483.22;5828076.904999999;3
-67692676#0;792991.94;5815494.605;1
-35573583;799864.015;5832387.8100000005;1
-24028282#2;784350.1699999999;5827985.484999999;1
-85129356#2;791904.725;5822031.595;1
-173197451#1;799513.815;5828636.965;1
-169742745;797272.395;5824634.67;3
-134239636;803509.31;5840597.83;5
-4361346#2;795972.4299999999;5816544.4;1
831694400;798644.525;5827858.880000001;1
-7704760;808692.38;5830839.85;1
-694526969#0;805880.935;5834798.04;1
-723263114;791652.19;5818666.345000001;1
-23453710;796109.585;5824626.85;1
-351960527#2;795286.99;5830982.83;1
-1102369946;798733.77;5827338.5;1
-36993524#1;797753.495;5835976.734999999;1
-59207905#3;798259.905;5838607.07;1
-5096537#0;799238.7749999999;5820854.619999999;2
-139806490;818969.99;5818455.029999999;25
-1092333466;810514.74;5828064.22;1
-4397221;794820.015;5826706.415;1
-23381666#5;783477.65;5831728.27;1
-59207905#0;798526.505;5838924.9399999995;2
-936880752#0;789479.4450000001;5840710.109999999;1
-23381666#3;783762.48;5831674.34;4
-23381666#4;783544.51;5831697.0600000005;1
-150254396;794591.625;5821638.865;1
-44025122;819298.61;5819427.105;2
83917720;800099.415;5821562.63;4
83917724;799088.25;5821742.24;1
-42752557#0;800231.885;5815973.16;1
-24215292;793759.995;5815493.345;1
-5096381#0;800015.275;5820951.04;1
-5096381#1;800260.47;5820807.84;1
-1087803758;809720.98;5828570.3149999995;3
-29997930;796986.8300000001;5815975.949999999;1
-38279333#0;793420.97;5828988.645;1
30949713#2;788480.2849999999;5829340.824999999;1
-192895071;798106.0;5833448.645;1
-333118502#0;780912.415;5827450.93;2
-25356693;810648.6599999999;5823358.785;1
-148117208#4;809039.535;5815854.800000001;3
-333118502#2;780507.2050000001;5827565.539999999;2
-192895073;797890.5;5833395.800000001;2
-75509950#1;800559.37;5824990.545;1
626859099;794571.845;5828571.68;1
-4637941;796070.3200000001;5833618.984999999;1
-24033646#2;783867.03;5823515.890000001;3
-1102680115;793435.885;5825888.05;1
-6008820;808550.7350000001;5833891.23;1
-145486171;803030.9550000001;5838334.199999999;1
-599452421;807816.725;5823777.85;1
-22650539;812030.815;5824018.970000001;2
-4469450;784833.87;5817005.279999999;1
-148671104#0;791292.085;5819467.140000001;1
-244758274;810804.37;5828625.75;1
6227796#0;797522.75;5828761.965;1
22045147#0;804211.7949999999;5831896.205;2
-1123734499;796419.02;5830312.105;1
22045147#1;804380.84;5831854.865;2
-86571257#0;806883.26;5821975.165;2
-191618642#1;788894.39;5840297.609999999;1
-852118702;806199.45;5819659.265000001;1
-24889513#2;797384.76;5824749.4399999995;2
-42879739#1;790137.98;5817417.41;2
-33740399#2;805979.79;5830403.275;1
-33740399#5;805768.905;5830799.225;3
-1101061994#1;794301.4450000001;5828543.24;1
-917312016;814054.315;5825984.58;2
-4396011#5;791529.395;5826372.59;1
-4710940#0;796194.76;5823399.6899999995;1
-4792288#1;795525.255;5819626.005;1
-271049536;801052.25;5827569.785;2
-185995541#0;796085.4299999999;5815405.87;3
144888420#0;804273.0;5834733.51;11
-156346065#1;800379.335;5819367.795;1
-118336899;789126.335;5818110.225;1
-1109690563;793601.145;5823531.285;1
24654539#0;793752.435;5828135.135;1
-152354605#0;808677.71;5815400.99;1
-1109690558;793123.77;5823117.869999999;1
-1058348992;788925.69;5825758.57;3
-793221715#1;811428.01;5825064.765000001;1
-612748459;800400.385;5823055.975;1
-24509318;798616.345;5827092.125;1
-363443435;809029.8200000001;5820706.65;1
-4424205#1;782456.825;5815405.425;1
-4424205#0;782401.655;5815248.6850000005;1
-4484211#2;787388.255;5817766.65;1
-1014378045#2;800171.925;5830484.295;1
-4685633;801408.36;5830896.865;1
-114381365#1;796665.095;5814277.77;2
30195540#0;794267.77;5828344.595;1
-114381365#0;796661.415;5814600.32;8
-4484211#1;787318.8500000001;5817910.3149999995;1
-38365323;782473.29;5816813.275;11
-4424205#4;782772.45;5815599.45;1
-4764866;796457.04;5834978.890000001;1
-4610039;795679.26;5832190.09;2
-4801813#1;791412.3999999999;5832777.945;1
-154689076#0;799142.245;5815877.905;1
-6145780#0;801049.82;5834054.61;1
-4486630#0;791436.385;5823135.275;1
-4827291;796161.31;5816206.609999999;1
-4606808;789412.585;5830829.23;1
-4610040;795830.3500000001;5832132.285;1
-4688620#2;803715.575;5826761.225;1
-976829027;806771.4850000001;5832495.105;1
-26395762;821622.39;5819266.77;1
43332475#0;782113.315;5815680.53;1
4581853#0;788740.89;5829331.359999999;2
-281631710#2;793833.4099999999;5837999.96;1
-281631710#1;793690.5449999999;5837924.52;2
-25093751;797731.15;5834836.234999999;1
-140656352;791525.295;5833390.635;1
-4792082;796760.5700000001;5818172.875;1
-198597173;804370.44;5826891.550000001;2
203986348;806635.065;5826900.335;1
-137071144;791823.78;5823655.705;1
-281631710#5;793979.38;5838093.145;1
-203912352;792556.5349999999;5828912.220000001;4
-27604001#1;804446.29;5835379.45;3
-1090949003;809272.7050000001;5831354.119999999;2
-814944198;801973.325;5826578.99;1
31065732#1;808130.745;5831619.545;1
-4582013#1;794044.8200000001;5820112.35;1
-4582013#2;794206.1;5819996.755;2
215939403;785196.7050000001;5816010.65;1
31065732#0;808254.515;5831890.455;1
-1101972586#0;805439.76;5830475.335;1
-1101972586#1;805284.725;5830482.26;1
-1064541530#0;807924.12;5824017.550000001;2
-4553259;788679.71;5829012.35;12
-25333950;781976.1699999999;5819874.84;2
-816123581;801223.04;5820416.395;2
-25016103#5;814713.7849999999;5821506.45;1
-148701875#1;792306.52;5819987.91;1
-329733346#2;806516.395;5820510.67;1
-4864208;802148.3;5821838.34;1
-142722143;800627.45;5833317.35;2
-32445837#2;806232.96;5825746.815;4
-24586494#1;817434.845;5817200.994999999;1
-177839807#0;805982.185;5817646.234999999;1
-439379027;810500.7150000001;5832083.705;1
-51930171;797381.05;5821686.395;1
-685610358#1;800818.2849999999;5829573.8149999995;1
157708188;802932.38;5820867.91;1
-25626357;804145.0800000001;5828413.18;1
-495813523;796179.63;5832372.025;1
-197740392#0;803125.41;5828825.6850000005;1
-101345892#1;804257.0800000001;5816264.475;2
-650365503;791547.525;5826712.165;1
-25278611;801768.6799999999;5827376.885;1
-816978372;801568.935;5822006.6899999995;1
-24209470;783177.09;5830776.79;1
-47844099;801117.8;5842277.609999999;1
-47844098;800647.255;5841369.665;14
-860369551#5;819874.9199999999;5820894.5649999995;1
-956231952#0;800725.2;5831454.574999999;2
-27883896;782812.0349999999;5825762.85;2
-26353953#1;785088.565;5827028.475;1
1126056962#1;807189.6599999999;5830529.125;3
-1079228564;813691.885;5831316.18;1
-6183487#2;797258.9;5829461.445;2
144974351;794044.17;5830982.58;1
-25814549#1;812737.2549999999;5819881.425;15
-25814549#0;812922.04;5820087.09;1
-911260878#2;784344.7;5828225.905;3
1123020825#0;798023.5800000001;5823972.165;1
-23436561#3;782721.275;5826483.625;2
-4603354#1;797814.4450000001;5831688.295;1
-4777029#0;799536.44;5835712.105;1
-24035220#1;785414.165;5828847.0600000005;1
-44851678;801453.74;5828544.85;1
-24035220#0;785388.5700000001;5828726.3100000005;1
404565187#0;800909.175;5820575.07;1
-33740399#6;805638.6699999999;5831172.41;3
-815559895#3;780675.0;5829969.165;2
-815559895#2;780508.12;5830028.66;1
-1078983100;791976.46;5822483.15;1
-815559895#1;780393.245;5830070.0;1
-1109632980;796174.4199999999;5824101.695;1
-44851672;801492.6599999999;5828469.745;1
-840657762;792102.7949999999;5823163.9350000005;2
-23398383#0;781145.22;5828591.2;3
-320823303#1;798082.995;5814971.465;1
4541085#1;795950.085;5831648.005;4
-28147593;809307.505;5822731.73;4
-24802099#0;791084.61;5833037.654999999;1
-4434407#2;791035.175;5824100.994999999;1
-1083748511;802604.5800000001;5826951.635;1
-216226945#1;816118.4299999999;5817395.7;2
-48273127;784664.785;5828145.52;1
156132846#3;796217.7649999999;5826238.83;1
-216226945#0;816239.005;5817367.4;1
-152708913#0;809943.96;5816638.505;1
-818690235;804315.6000000001;5822226.36;1
-306713742;802085.355;5831886.07;1
4871671#0;791295.2050000001;5820291.51;2
-175916580#3;805104.435;5832188.85;1
21134211#1;789111.2150000001;5819258.925;1
-421641771;803378.88;5837030.45;3
-138624458;806434.3;5819352.74;1
-5095433#7;786432.61;5828444.28;17
-5095433#4;787228.89;5828339.220000001;2
-4829291#0;797899.685;5814796.445;1
-5000761#1;782482.94;5827572.1;1
-21261603#0;792997.55;5837979.619999999;1
-963909765;807332.085;5829499.255;2
-22617496#1;813311.99;5826999.1850000005;1
-243051801;780276.075;5822388.35;1
-306713741;802260.6799999999;5832288.51;1
-337967751#3;796446.39;5824313.465;1
-881447348;812892.76;5823914.84;1
-1123458703#0;794459.37;5819897.15;1
-4765377#1;794778.45;5836108.265000001;1
-4765377#3;795153.475;5836159.605;1
-1025365101#1;796989.505;5829391.2;1
-4581772#1;794181.765;5831148.5649999995;1
-9031269#2;813306.72;5829901.91;1
-4685800#1;802181.67;5826454.475;1
-4581772#2;794277.88;5831265.71;1
-1077498913;782566.065;5831943.01;13
8097861#0;792972.3500000001;5824182.02;1
-638688891#0;800565.48;5824682.76;1
-143724446#1;790835.235;5820530.27;1
-4804584;791600.485;5838300.99;1
-16866590#1;789776.7150000001;5839286.9;1
-638688891#1;800552.785;5824857.550000001;1
-16866590#2;789508.92;5839221.1899999995;4
37560955;807906.81;5825074.36;1
-1121097167;800996.075;5826971.975;1
-4804580;791246.44;5837893.265000001;1
-23900293;796324.505;5837258.41;3
-630217174;806010.685;5825276.885;1
-48273144;785406.14;5832743.725;5
-1092843560;798602.9299999999;5814571.465;1
-829827166;802900.8999999999;5836385.970000001;1
-1119769231#2;793783.665;5832724.96;1
-24716478#0;786838.9650000001;5838169.904999999;1
-24555764#1;792679.4650000001;5838483.03;1
-1101584811;803432.29;5827729.685;1
-28266256;791149.2849999999;5840881.03;1
-24555764#0;792583.92;5838359.695;1
-26142736;787653.44;5825670.984999999;1
-4733751;790349.835;5822006.675000001;1
-26142737;787556.875;5825668.045;4
-186214946;797906.25;5825641.99;1
5003443;780615.0800000001;5828495.285;1
-1057578010;798448.97;5825447.95;1
-4733752;790352.5;5822104.205;1
-1088106209;812756.0900000001;5829430.36;2
183254465;815639.39;5813756.93;1
-4829291#1;797703.895;5814917.08;6
-26310975#1;809551.335;5823958.875;1
-4579682#5;789806.9199999999;5833346.025;1
-36138138;787486.56;5838724.6899999995;2
34058754#0;790451.965;5821119.1;1
899436351;802910.8049999999;5825113.225;1
-693612362;797649.605;5823052.645;1
-4579682#2;789692.29;5833347.51;1
-110898260#0;821032.095;5818258.85;8
-41067494;795667.0900000001;5838369.275;2
-37184615;800739.355;5822816.16;1
520751012;810246.97;5827943.345;1
-4536910#2;792860.015;5822545.68;1
-9585273;792778.49;5833723.25;2
-47123123;804466.0149999999;5831670.8149999995;1
-26969526;792767.1;5827870.785;2
-690708061#1;793134.87;5822893.02;1
-156346078#1;801136.935;5819411.515;1
-24518375#0;811273.185;5826519.59;1
-854178396;789172.21;5835321.23;2
-16419109#0;800762.175;5837336.85;1
-4804575#1;791499.595;5837611.645;1
-540264512;796137.455;5823014.12;1
-133615133;800650.655;5824675.66;1
-871915365;812452.35;5823974.07;1
-58604703#1;796041.19;5838493.305;2
334005620;792415.435;5823442.08;2
-1058512738#1;792558.69;5835864.8;1
1109052039;814319.61;5820744.395;2
-701460342;796258.46;5829210.965;1
-81509135#1;802999.9;5837081.125;3
-81509135#0;802765.45;5837105.3;1
5110865#0;799388.835;5816318.375;1
-518916150;803936.3049999999;5832465.275;2
-137338848;803910.28;5840417.404999999;2
-22696511#1;804167.185;5831301.28;1
-22696511#0;804375.715;5831224.84;2
-375097992;794107.89;5830097.405;1
-25747456;805808.3400000001;5819152.975;1
4638316#2;795680.355;5832905.885;1
-22909865#1;799034.7050000001;5812424.305;1
334005610;798146.1950000001;5822291.99;1
334005613;793799.8999999999;5822992.145;1
-29609318#0;794088.315;5816169.375;1
824274191#0;801081.105;5826665.9399999995;1
-312054303;794498.505;5832160.66;1
24033948#0;784759.055;5829215.630000001;2
-1111681721#2;812978.065;5828987.73;1
-461317444#5;795724.94;5834138.195;1
-461317444#2;795260.125;5834176.359999999;1
-8065010#0;789550.01;5833147.695;7
4588954;798248.8300000001;5831812.859999999;1
-22697142;790976.32;5820220.0600000005;1
334005607;799073.665;5821732.539999999;1
-4689487#0;787790.4299999999;5817861.025;2
-148667007;791798.6499999999;5818875.824999999;1
-43961041#0;813807.2;5826516.6899999995;1
4588955;800196.3;5831647.63;1
4610476;798022.125;5827998.835;1
-1073531797;783533.615;5821316.385;15
-24204607;811700.8200000001;5828452.505;1
529801428#0;793294.835;5818657.32;2
-336567093;804032.755;5828674.24;1
-142893419;803494.95;5833822.745;2
-4999757#3;783373.6950000001;5828276.675;1
-875796572#1;799190.235;5819358.505;1
-145804839;805009.1000000001;5833507.5649999995;1
-281071115#0;794980.065;5830634.76;1
-148082127#0;795035.175;5816355.915;1
-32699658#1;803080.4299999999;5825528.98;2
-126290781;785503.355;5832213.23;2
-148082127#2;794784.415;5816836.904999999;2
-148082127#1;794889.345;5816635.359999999;1
-163507840#0;809343.99;5832827.79;3
-26196586;790497.685;5842036.949999999;7
-118336900#0;788699.495;5817561.55;1
-580045652;802623.35;5834735.005;7
-151353934#1;797024.08;5821178.47;1
23213546#0;793437.415;5829467.54;2
-23913526;808647.325;5819270.995;1
-4802750#0;794446.405;5837235.825;1
-4802750#1;794385.6950000001;5837458.48;1
-1010466602;795604.0349999999;5831160.67;1
4787389#2;803171.6499999999;5831433.425;3
145555841;798157.175;5820264.62;1
-238053683;811897.38;5819712.640000001;2
-152593449#0;798907.4199999999;5814534.09;1
-1009278480;806591.76;5824420.245;2
-178482293;798619.23;5816517.609999999;1
-13252409;805662.8300000001;5821691.38;4
-4788563#0;805852.13;5833977.195;1
377739471#2;795357.825;5831473.15;1
-22733267;787394.495;5817036.145;3
-451545060;802347.15;5816798.13;1
-30082799#3;806461.575;5817597.8149999995;1
-97284856;789663.385;5839209.609999999;5
-148671080#2;791593.8049999999;5819080.145;1
-309998156#1;793435.825;5834720.82;3
24246195;784047.745;5826447.130000001;1
4875990;810743.815;5820308.5;2
-447082548#1;795741.755;5825204.425000001;1
-10945137;803994.125;5840248.9350000005;1
-34375594;794779.145;5823236.87;1
-437156162;791402.425;5816351.5;1
-1051807129#1;791925.905;5818789.635;1
29434388#0;797454.505;5815558.029999999;1
-437156167;791312.24;5816533.380000001;1
-140336718#0;789137.21;5815035.265;1
-23044831;781614.085;5813437.115;1
-879283064;805675.685;5830595.36;1
-140336718#1;789133.335;5815215.955;1
-23044833;781432.04;5813253.69;1
-30264780#11;791862.48;5817468.855;1
-148437524#2;790244.19;5816872.485;1
-335239860;803123.915;5826252.15;2
-148437524#0;790025.1;5816858.79;1
968498218;807848.355;5834142.08;1
-630214745;806754.94;5825542.445;1
-305477583#1;810202.185;5830123.890000001;1
48859720#0;796180.565;5828468.234999999;1
4787389#0;803426.845;5831718.75;1
-142063347#1;801499.6950000001;5833363.0600000005;1
-4689055#4;806065.0349999999;5826842.494999999;1
-1111973872#0;812878.345;5824326.575;1
30124207;789809.765;5819791.225;1
-4678204#0;792588.86;5834317.87;1
309600206;795514.9199999999;5826230.795;1
25418585#0;790709.85;5822668.115;1
461526152#0;797777.49;5827589.72;1
1034737383#0;786524.615;5831608.125;1
-4484272#0;792841.5549999999;5819435.975;1
-482695874;814243.7250000001;5829630.11;1
-195592768;793513.925;5816422.1;3
-133988476;794204.5700000001;5822867.375;1
-5943109;791116.0700000001;5840518.855;1
-253156327#2;813088.38;5824662.805;1
-65937107#0;795609.755;5833700.955;2
-6073950#0;784814.31;5831716.525;1
-23183849;808701.91;5832662.505000001;3
-152046277;809967.4199999999;5820812.77;1
-1105305177#0;813349.27;5821793.59;1
-137928859#0;785558.895;5817870.635;1
-336984257;795939.5449999999;5818771.3100000005;3
-23845949#2;799632.3600000001;5832488.625;1
354907572;794822.95;5821554.3;1
-184119642;789916.265;5818203.61;3
453373585#0;807225.59;5829139.895;1
-152495022#1;809452.4550000001;5816324.1;1
-138624465#0;806692.2;5819353.74;2
-272972064#0;800831.04;5826982.71;1
-142138183#6;796705.655;5833077.615;1
172805536;796997.495;5819600.3149999995;1
-142138183#1;796746.8999999999;5833486.18;1
4687133#0;803833.6599999999;5828899.855;1
-1086616391;805366.165;5833130.74;1
-24047259#2;784530.32;5829307.205;1
544399004;795803.595;5827254.845000001;2
-33927189#2;795503.77;5834335.335;1
-22566537;796515.955;5822481.140000001;1
-4805085#2;792509.2;5839363.575;2
-126053564#1;787620.665;5830327.75;1
-4805085#0;792674.4299999999;5839095.645;1
4525906#0;794568.37;5824121.1850000005;2
-4489210#5;791075.205;5815860.26;1
-4489210#4;790887.48;5815642.75;1
-362479316#0;808119.155;5833963.0;1
-133988497;794965.315;5822412.5649999995;1
-603760087;802861.76;5824229.395;1
-4489210#0;790707.3400000001;5815373.54;1
-660709808#0;791729.995;5836842.79;1
-1089726114;797061.485;5825538.79;3
-37910700;813993.325;5818208.27;42
-481219114;813621.995;5826323.605;1
-1052527295#0;787100.055;5838145.1899999995;2
-4471965#0;792144.365;5827962.33;1
1101066494#0;790304.095;5827308.8100000005;1
-153260688#1;809238.54;5816912.545;1
-22444145#1;785830.7050000001;5837732.41;1
-24210144#0;814749.165;5813719.234999999;2
-30708480;790181.085;5834146.175000001;2
-41413736#3;793285.1399999999;5827368.695;2
-14353318#3;781413.61;5829227.67;1
-801753160#0;789856.245;5815322.1;2
-4535379;793070.4550000001;5822382.140000001;1
-133988483;794147.215;5822885.82;1
-612346737;793695.5900000001;5829198.83;1
36337926#0;793560.75;5826900.87;1
-41413736#0;793087.745;5827483.035;1
-117879323#1;790715.085;5838948.875;1
-37000933#1;783642.105;5826329.734999999;1
-85900650#0;782008.05;5821296.035;11
-152593436#1;798670.8;5813865.175000001;1
-37000933#2;783546.75;5826070.445;1
-13712712#1;791709.955;5821149.855;1
-11009464;803912.6699999999;5837993.210000001;6
-24047259#0;784353.065;5829644.875;3
-154837300#0;798843.5900000001;5816294.545;2
-562166783;784484.7949999999;5832746.635;1
-131333251;800879.53;5824376.404999999;1
-16308412#1;799336.745;5838463.765;1
-16308412#0;799648.3;5838245.81;2
168903526;793283.56;5826045.41;1
62317352#0;784875.175;5815933.3100000005;1
-527299867#2;799214.75;5838163.68;1
-527299867#1;799170.71;5838108.574999999;1
-527299867#0;799064.63;5837946.125;1
-72175227#1;788721.15;5826746.485;3
78298214#0;795847.44;5827287.1850000005;4
-4437197#0;790981.5700000001;5824566.1850000005;2
-176187595;811413.05;5817596.130000001;1
-4437197#3;790977.81;5823988.965;1
-4611862#1;797230.95;5826052.32;1
-198585459#0;805321.58;5826095.0600000005;1
-32196977;790685.315;5829371.65;1
-4792204;797337.825;5818505.545;1
-894048585;796434.125;5826005.885;1
-4595083;796132.705;5830692.455;1
-241886108#1;797332.965;5828991.15;1
-451881691#1;792441.8200000001;5836690.23;1
36828659;793266.8300000001;5835402.395;1
-1100882225;794838.24;5816000.245;2
-4555285#1;787123.8899999999;5826048.36;1
-240113167#1;801138.46;5836076.535;6
-32196978;790312.605;5829271.23;1
4525750#1;794740.815;5823818.484999999;1
-1103880807;795530.8300000001;5830897.140000001;2
-4637947#0;795794.5449999999;5833059.585;1
-758607937;786203.9550000001;5817294.51;2
35765123#3;783084.59;5828594.515;1
-157209168;807669.3200000001;5827562.8149999995;3
-472091207;783981.73;5823018.165;1
178253972;787793.1799999999;5830579.24;1
-37789400#3;807916.14;5824330.045;1
-1051773065#3;790432.31;5833309.74;1
-152466416;808650.145;5817243.165;1
-152466417;807735.56;5816755.02;1
-152466415;808387.705;5817623.67;1
-153617353;800834.725;5813822.635;3
-152466411;809154.8;5817278.105;1
-9562507;790082.2250000001;5833255.484999999;1
-214715843;808892.395;5835066.22;3
-4645235#1;791061.2050000001;5834553.385;1
-4829110#0;799587.335;5816544.8;1
-38279334#0;792874.6699999999;5828597.705;1
-254552426#1;806742.395;5835345.54;1
-18928593;796777.845;5840207.529999999;1
-1116876562;796911.52;5825774.07;1
-4764178#1;797563.435;5833706.355;1
-1101062858#1;793571.25;5828714.62;1
-25706928#0;801169.2050000001;5832818.109999999;1
-35576395#3;786976.785;5837739.895;1
1101201369#0;794571.86;5830710.8149999995;1
-231871431;788544.02;5817274.824999999;2
-946966799#5;793511.725;5817884.470000001;1
-233835642;803487.415;5842837.765000001;7
-306238980;791208.345;5816158.725;1
-24872481#3;810631.625;5825914.705;1
-24872481#7;810725.335;5826375.49;1
-25571785#2;786972.0700000001;5816834.6850000005;2
-282985769#7;800150.52;5815039.385;2
-16417352#1;800348.5;5837616.045;1
26236061;804162.37;5821857.21;1
-4792256;795316.675;5818198.22;1
-24031121;792850.1;5816409.83;1
-11009244#1;804054.72;5838976.6850000005;1
-191362698;808462.065;5831897.91;2
-5047009;786397.1000000001;5838254.08;1
-25219762#0;793087.4550000001;5828279.895;2
-156952496#0;806171.385;5834523.380000001;1
-5047004;786284.2250000001;5837892.0;1
-21421997;780662.2;5820638.46;2
-151354744;797354.635;5820722.95;1
593051116#0;796277.5349999999;5828981.8100000005;2
-24209526;784004.46;5831264.765000001;1
-593504820;804622.38;5830753.03;1
-25219762#3;793403.245;5828217.5;1
-1113560183;803952.485;5827310.35;2
-169753571;797339.23;5822094.975;1
-23398380;781259.785;5828274.625;1
-1118594766;800142.6699999999;5813464.51;1
-152258351#3;818807.15;5820193.855;1
-6082356#1;805199.4299999999;5832806.97;1
-6082356#0;805429.775;5832791.955;1
-35572369;801095.88;5816325.5649999995;3
-220939836#1;812943.7749999999;5826418.625;1
-19605971#2;785713.135;5829218.415;2
-4859820;800501.47;5819988.335;3
-172188625#1;802018.355;5820956.8149999995;1
-143724445;790736.62;5820454.035;2
17267888#0;799185.305;5832060.46;1
-24159916#1;790824.3999999999;5816417.5;1
-297465352#0;792331.255;5824196.165;1
-4804824#1;790337.7949999999;5839189.24;1
-4804824#0;790438.165;5839064.275;1
-4616175#0;793301.38;5819762.04;1
-5047010;786489.795;5838219.65;1
-5047011;786391.9850000001;5838398.045;1
1025851953;799221.6799999999;5827590.8100000005;1
-4894083;795799.6599999999;5826512.8100000005;3
-4571082;787029.13;5816767.27;1
4685620#0;801365.0700000001;5830952.54;1
-152593440;798163.97;5813548.085;1
-214715808;808559.515;5834318.72;1
-27155073#0;797078.385;5836346.77;1
-1120362457;802160.005;5824830.35;1
-82121162;806420.6000000001;5816340.615;2
-22984293#0;800926.37;5837986.915;2
428550556#1;784990.23;5828448.475;1
-54048878#0;812463.74;5819928.38;2
593851959#7;795393.835;5823711.01;2
-24877951#0;805992.7;5822692.720000001;1
-152466464;809042.375;5817240.17;1
-24877951#1;806121.415;5822801.015000001;1
-152434849#0;798893.8;5812426.77;2
-16266732;801390.8200000001;5837235.145;1
-176037629#2;799376.88;5817833.645;1
-25620097;783371.42;5822942.720000001;1
-1071291898;794586.74;5832493.045;2
-152593452;798680.9750000001;5813510.465;1
-234540163;806457.385;5822233.795;1
-11342758#4;797487.275;5824649.109999999;1
-5110667;801552.62;5820946.655;1
-5110666;801900.2;5821135.550000001;1
151570049#0;795342.765;5821882.01;1
-1082710233;808981.58;5817368.115;3
-24969046#0;785257.645;5829118.925000001;1
-1104038489;811946.5449999999;5822132.635;1
1057190073#0;797199.62;5824802.029999999;1
-25312105#1;789630.0549999999;5826082.595;1
-31426205;817282.22;5816896.35;1
-152466434;809556.325;5817462.390000001;4
-964819545;809470.25;5829943.49;1
-367488327;806018.74;5816032.18;1
4556355;786268.04;5831669.54;1
4556354;786261.315;5831655.365;1
4689626#3;808264.065;5828216.324999999;1
-15993901#0;803180.8049999999;5836948.26;1
-14471023#0;789482.4199999999;5815248.445;1
-338691008;789433.9750000001;5828595.9;1
-14471023#2;789705.34;5815283.734999999;1
-26767791#0;795070.985;5816520.289999999;2
-26458015;816734.63;5817165.8149999995;1
-7619035;807463.015;5827379.949999999;4
-4788443#0;804910.4850000001;5833683.574999999;1
-431571652;811881.56;5821149.244999999;2
-4792141#3;797054.015;5817051.7;1
53356541#0;797676.145;5824935.505;2
19002403#0;799181.785;5828468.165;1
-152354570#1;807973.8;5815095.385;1
-24716524#1;786228.31;5838726.3149999995;1
-18928586;796669.5900000001;5840359.275;3
404580768#0;797137.505;5815603.115;4
-25824787;805529.345;5831954.58;1
-906787444#1;803015.225;5833545.395;1
-906787444#0;802735.24;5833511.76;1
-60767069#0;798765.88;5835414.48;2
-172098981;804252.54;5818013.73;1
-24869861#1;805609.115;5824010.17;5
-1040630268;800047.035;5828796.5649999995;2
-24869861#0;805641.47;5824095.055;1
8658135#0;808496.585;5829431.415;1
147615859;789580.485;5818313.93;1
42108305#1;792644.8999999999;5830634.465;4
-160765597#1;800011.235;5814655.050000001;1
-183614209#1;789680.4750000001;5827155.23;2
-136571494;798862.28;5827746.4399999995;1
-4361344;796636.8049999999;5816106.64;1
-4495193#1;791575.59;5828005.455;1
-808254847#5;803682.405;5838499.6899999995;1
-146384541#0;811093.88;5824374.805;1
-24204701;811537.495;5828452.21;3
-808254847#1;804120.26;5838230.855;1
-808254847#0;804300.515;5838122.0600000005;1
4537081#0;792631.315;5832934.945;1
-461514283;810490.06;5820165.66;1
-244919674;810657.745;5828543.415;2
-134833892#3;790975.8300000001;5835448.83;1
-134833892#0;791248.025;5835512.515000001;1
-424145130#1;811173.985;5824375.43;3
-23153987;785651.5800000001;5829365.88;1
37143041#0;783522.9;5829164.605;1
-37906673#3;795541.725;5816088.09;1
-9029272#0;809819.38;5831961.07;1
-9483274#3;808655.155;5829248.07;1
485708958;806096.62;5825427.615;1
-696354580#0;799600.2050000001;5832369.07;1
-65744589;808331.545;5829232.234999999;1
-183269782#0;808672.47;5831515.960000001;1
459346127#0;791862.935;5827247.055;1
-43211274;791069.7150000001;5837248.385;1
-4555237#6;786335.21;5826138.545;1
1078768082#1;795386.8300000001;5828219.79;1
1077567347#0;799163.165;5819939.91;1
42884365#0;797893.97;5823940.130000001;1
-152466467;809068.685;5817674.29;1
-1057185107#2;798807.29;5826398.645;1
823947561;792113.54;5826120.02;1
-148090086#4;796155.2150000001;5815613.465;3
-190964851#0;809305.475;5831700.845000001;1
-4609194;784909.46;5826906.28;1
-4609191;784815.12;5826576.865;1
-25356529;810357.36;5823906.37;1
-34822333#7;794767.255;5820655.98;4
-834757479#1;801986.5549999999;5837041.915;1
-834757479#0;802022.5349999999;5837216.6899999995;2
-312176585;799374.945;5828078.7;1
-951750026#0;791957.25;5839294.54;1
-936880717#0;788976.5449999999;5839534.49;1
-138166311#2;799280.62;5834446.42;1
-138166311#0;799422.885;5834051.300000001;1
617087728#0;782177.7050000001;5828324.84;4
-30193966;812057.725;5817740.85;1
-4581880#1;785928.8;5831586.1;1
-148328408#0;790865.395;5816686.66;1
-4581880#0;785934.915;5831651.14;1
1105574292;797529.7949999999;5827009.33;1
-1115698053;811797.58;5816842.67;3
-34855849;780418.905;5818495.8100000005;3
-214717732#0;807062.75;5815555.13;1
-589685195;799165.54;5820516.445;2
-4804097#1;791436.595;5835358.785;2
-4804097#0;791403.69;5835498.380000001;1
-23483405;808036.815;5820732.175;1
-436632528;794168.605;5818370.265000001;1
-24209621#1;783297.485;5831612.22;1
-4804097#2;791559.51;5835144.445;1
-22875145;791336.925;5815364.390000001;5
-4068168#2;801615.26;5832248.67;2
-4068168#0;801850.005;5832488.535;1
-965938716#0;813284.37;5828684.09;1
-156346040#2;801049.885;5817018.585;1
-206889085;807570.865;5819906.795;2
-23398382#1;781714.505;5828587.805;1
-216169529;806987.035;5821305.675;1
-727189420;789540.5900000001;5835112.23;1
175590193#0;800008.075;5839979.295;11
-65425836;799883.84;5825910.325;2
-28497527;796120.22;5823416.62;2
175590192;800931.3700000001;5836708.02;5
1108304587;796701.29;5827421.97;3
-994863624;793680.9299999999;5826195.505000001;1
-24269275;781796.415;5827889.04;2
-1116851381#0;792102.37;5819038.805;2
-1112174798#0;813835.47;5825459.725;1
-191362777;809654.565;5833033.875;2
-1112174798#1;813686.4199999999;5825227.725;1
4400664;785103.76;5816194.855;3
147476180#2;788736.5549999999;5819579.335;2
1087392571#0;808374.48;5827543.695;2
1062464968#0;799758.87;5814238.415;3
-6058980#0;807797.145;5833702.005;2
-8005155#0;796451.115;5831650.484999999;1
-9861244#1;792253.2849999999;5819784.105;1
-194566371#0;808456.6100000001;5827087.38;1
-4685718;802239.575;5828001.545;1
-52663773;803247.8899999999;5817907.695;1
-150206503;786274.4199999999;5830462.21;1
12620748;810337.9450000001;5821352.6850000005;1
-410242419;800705.77;5822900.01;1
-330119110#1;793004.36;5820899.34;1
-511576903#1;815698.1799999999;5814616.84;7
-511576903#0;815629.8049999999;5814775.265;1
182944199#1;797290.525;5821302.49;1
1112031680#1;813276.9750000001;5823729.02;2
-148325536;791095.225;5816885.655;1
-535656591#0;810968.11;5830843.3100000005;1
-535656591#1;810965.4299999999;5830912.345000001;1
-23101091;790079.565;5835468.695;2
-206579060#1;806820.475;5818195.255000001;2
-396127407;821084.5800000001;5818914.265000001;2
-152258302#0;820725.66;5819374.375;1
-152258302#1;820764.985;5819119.2;3
-48537905#1;790490.875;5836327.15;1
-48537905#0;790557.55;5836155.82;2
31621010#2;791688.045;5826585.9350000005;1
-148301556;796248.025;5815610.984999999;1
-25569513#1;793968.725;5816654.380000001;1
-11015656#2;803129.995;5838732.465;1
1036518516#0;802800.655;5828601.125;1
-11015656#1;803027.675;5838575.145;1
-11015656#0;802921.235;5838411.245;1
-27339992;796777.98;5832161.09;1
-24204789;813788.81;5829263.505;1
-22567370#2;791093.02;5824037.48;1
-4733747#5;790449.01;5821784.25;1
-1028397106;806139.205;5827305.845;1
-22567370#1;791094.5449999999;5824233.17;1
-4733747#1;790444.9450000001;5822157.140000001;1
-4733747#2;790445.6799999999;5822064.01;1
-31579600#1;812540.345;5828024.965;1
-4733747#3;790446.0;5821971.695;1
-339558638;806280.6499999999;5819304.155;1
-1122016509#2;795740.26;5818197.335;1
-1112064177#0;812963.13;5825413.715;1
-1112064177#1;813123.3600000001;5825351.805;1
-126247890;791237.5800000001;5816331.24;1
-11009426;803659.775;5838360.5;1
-1072662717;801927.515;5827096.775;3
-461905068;796294.075;5826777.475;2
-145586609#1;807076.23;5821205.47;3
-932827089;806566.6950000001;5835632.445;3
-9028279#1;809598.015;5832448.695;1
-18783877#2;787192.3049999999;5837694.715;1
-7998201;811058.55;5827425.4350000005;2
432205746#0;809466.7;5831375.5;1
130118934#0;803639.87;5826387.945;1
-628906297;801587.225;5837088.46;1
-154687888#0;798806.105;5815609.215;1
-1102937734;792345.6950000001;5826515.550000001;1
-1097289893#1;806577.415;5833526.425;1
-51382250#0;787971.38;5817117.965;2
-104652096#4;796114.4199999999;5825633.725;1
-151742473#6;805300.9550000001;5815969.115;1
-154687888#1;798900.89;5815386.82;1
-154687888#3;799112.88;5814872.3;2
-4592725;797182.625;5828323.965;1
-341449093;790683.6950000001;5820931.98;1
-18830956#1;784761.21;5828424.915;1
-33836252;800021.135;5834716.12;2
-39473864#0;786790.175;5834654.4;1
340729184;801911.78;5830684.12;1
-4537084#0;792321.585;5833220.890000001;1
-150916989#0;811822.135;5819385.455;1
-408709154#1;809626.645;5818886.75;2
-153617303#3;800645.12;5814681.915;1
-305137115#0;781945.0800000001;5827596.470000001;4
-153617303#1;800285.925;5814624.635;1
-153617303#0;800087.935;5814605.62;1
-878343305#0;807402.46;5828619.0;1
-4592739;796967.96;5827989.825;1
-11405179#1;813258.745;5830357.125;2
-150907207;791448.75;5822041.465;2
-69409362#5;797220.4199999999;5817334.15;1
-8100618#1;789725.5900000001;5833500.845000001;1
-4437183#2;792199.435;5824481.895;1
-996365502;790537.105;5815760.0;2
-172183870#0;801579.4299999999;5821206.67;1
-4804666;791065.81;5838227.279999999;1
-137685722;789757.115;5823928.79;3
153021549#1;808889.935;5818923.035;1
-344072934;806618.6799999999;5831327.175000001;2
432205750;808997.5249999999;5830210.68;1
-4615028;800063.88;5829912.815;1
-123951401#1;799342.58;5832870.550000001;1
-1115951024;811917.385;5820613.135;4
199847247#0;797846.505;5826913.515000001;1
-283307509;792624.655;5816339.465;1
-24159617#2;812227.5;5830264.324999999;1
-103096147#1;798123.335;5819729.59;1
-5021374#3;785477.115;5830746.645;1
-7739789#0;783390.3200000001;5823923.04;5
-816085783;789820.89;5817372.755;2
-7739789#2;783432.45;5823986.665;2
840977555;799594.4;5825113.7;1
-7739789#3;783509.77;5824063.11;5
-8008692;799459.985;5826309.005;1
-245117958;805426.345;5815368.165;1
-4486573#0;791007.23;5823804.325;1
-4486573#3;791424.175;5823778.13;1
-4486573#2;791286.105;5823787.26;1
-1099617464;805371.6599999999;5826397.405;1
-4407114;793149.855;5823778.52;2
-4536945#10;795246.1299999999;5820979.8100000005;1
112453985#0;800315.7749999999;5836230.865;1
-180482046#1;800441.5;5819131.025;1
-157044919;789100.1799999999;5815550.245;2
-4500193#2;793997.23;5823384.3149999995;1
-4685799;802254.435;5826198.029999999;1
-26071043#0;792513.275;5824855.795;1
4535438#1;793023.0249999999;5822239.8;1
-4680713#0;798491.05;5814458.295;1
-138624452#3;806577.155;5819464.38;2
-152863361#0;811544.6599999999;5814589.8149999995;1
-8048743#1;784004.95;5825825.66;1
-1122482151;794073.7150000001;5822057.300000001;1
-134420534;820434.395;5819331.73;1
-4802331#0;792437.0900000001;5837531.885;1
-151742521;806023.115;5815229.3100000005;1
-86144416#1;807239.29;5829590.215;2
-86144416#0;807179.575;5829325.9399999995;1
-24204728;794573.59;5817800.115;1
-32933790;808721.63;5834580.845;2
-156346066#1;800500.51;5817135.99;2
-19351589#4;791435.895;5837392.395;2
-4381166#2;792988.84;5826525.710000001;1
-627608830;808489.4550000001;5821117.355;5
-19351589#3;791623.39;5837551.58;1
-53731898;801945.765;5824001.585;1
-863325968;804750.46;5821889.22;1
340726966;801562.6599999999;5830880.385;1
26652644;803009.56;5830817.76;1
-863325963;804385.49;5822294.48;1
-127081870;805315.6399999999;5841473.855;1
-23018320#1;782236.725;5820589.3149999995;1
-152258315#1;820668.5;5819511.695;1
-152258315#2;820497.105;5819534.295;1
-16421057#0;799010.97;5837285.525;2
432205747;808569.14;5830065.09;1
853231955#0;803417.0;5824250.6850000005;1
-14118410;804633.7849999999;5842058.425;3
-6182767#2;796858.445;5829718.26;2
-4684847#0;800154.13;5834183.74;1
-4617320#0;796036.9450000001;5819805.99;1
215577416;790292.74;5835720.630000001;1
-1120862993#0;802288.915;5817999.1;1
-148331037#4;793771.94;5818395.800000001;1
-4684847#1;800235.005;5834307.539999999;1
215577414;791214.825;5833999.845;1
-148331037#3;793949.0700000001;5818642.63;1
-36969682;799619.95;5838629.545;1
-687428747;794504.62;5825579.07;1
1112576917#0;790188.315;5826095.025;2
-175916644#2;810639.04;5832078.465;1
-30825103;805206.815;5828592.545;2
-46491900;806009.415;5834684.3;1
-4615078;800755.85;5830366.385;3
-37776178;801351.605;5824758.529999999;1
30824311;808216.5700000001;5829836.4;1
-42879426#1;807571.8;5831498.76;1
-8657069;808114.46;5832154.355;2
-42879426#0;807568.84;5831816.545;2
-467781687;805945.58;5834741.585;1
-26134018;805279.115;5830769.300000001;1
-1117566144;813199.65;5816485.945;32
-150916986#0;811940.38;5818824.675000001;1
-153372178;795007.06;5826510.82;1
-511575456;815653.06;5814201.13;1
-5046980#0;786535.71;5837025.640000001;3
-25638937;808659.2649999999;5833640.73;1
-20397094#1;815513.3;5814328.42;1
-36844646#0;792458.265;5828192.17;1
151571118#0;797732.4;5823487.26;1
36738526;799586.2350000001;5825742.5649999995;1
215577407;790654.03;5834963.195;2
-1102384580#0;782175.185;5829490.824999999;1
-137071165#1;790446.7649999999;5824779.015;1
-137071165#0;790338.48;5824645.715;1
-4623428#0;789893.135;5824109.515000001;1
-142576641#0;790964.2050000001;5821458.51;1
-589691163#1;799273.5549999999;5813242.48;1
-519807532;803151.885;5822976.415;1
-24204640#1;811835.855;5828315.279999999;1
-176374881;785215.8200000001;5829402.245;1
-927044480#2;799262.365;5826085.38;1
-1041502975#2;783142.475;5827367.04;1
-319803729;787096.69;5830610.825;1
542993183#0;810434.71;5831860.46;3
-79429057;781364.95;5812911.505;1
4612868;799736.0;5826211.824999999;1
-4615030#1;800406.815;5829911.875;1
24214090#1;797258.81;5826319.195;1
-496836945#0;800140.655;5816209.175;2
184590381#1;797803.2849999999;5833757.5600000005;1
318889282#0;794262.7749999999;5825418.93;1
377739470#0;795632.29;5831784.575;2
-4394943#1;800489.8300000001;5813359.21;1
-23609075;800299.2849999999;5840630.875;9
-9647784#7;819900.8;5820786.135;1
24869967#1;805097.0700000001;5824969.905;4
-27840663#3;791761.175;5834582.574999999;1
215577424;790666.85;5834906.395;3
-28819502#2;785583.425;5817629.525;1
-27840663#9;791989.865;5834775.220000001;1
-36969679;799299.215;5838895.574999999;6
-7703659;808831.6950000001;5830774.6899999995;1
-4596963#2;796150.38;5832157.449999999;1
215668775;791946.22;5832709.359999999;1
-810456621;811307.6950000001;5823432.3;7
-1066145329;798341.89;5831059.52;1
215668777;791595.48;5833551.785;1
4497945#3;785264.27;5828250.66;1
-850350919#1;808980.0449999999;5834589.225;1
-152593439#1;798597.015;5813964.25;1
-114381453;794131.835;5815509.96;1
-126396017;801779.865;5820042.015000001;1
-23609084;799006.665;5840829.28;4
-995918037#0;813403.8400000001;5831112.85;1
43998936#0;812099.33;5830797.279999999;1
419820872;812192.595;5830672.92;1
-31523316;802101.86;5829587.5600000005;1
-466425810;801215.995;5833484.96;1
-4766074;792392.765;5836738.115;1
-148218585;809883.5549999999;5820315.345000001;3
-4766075;792297.38;5836690.475;1
-163607786#0;788710.775;5818687.885;1
-143974360#2;793560.71;5819416.6850000005;1
-66071383#11;798885.785;5826248.42;1
-9647891#1;819343.48;5820316.04;1
-142161320#0;785911.0549999999;5833692.19;1
-142161320#1;786029.94;5833490.925000001;1
-4766077;792628.165;5837072.970000001;1
-1099803419;804325.085;5825536.5;1
-123951394#0;799919.995;5832748.51;3
1091631915#0;799185.99;5830976.925;1
-4752450#4;794356.77;5818614.18;2
-60917395;805780.005;5834791.285;1
-46138135;798408.915;5829209.325;1
43238974#0;795258.34;5821125.75;1
354074651;810054.75;5816118.835;1
-1080299689#2;787536.865;5837710.84;1
-1121204003;795253.4450000001;5830129.265000001;1
-26775133;810834.7350000001;5815873.3149999995;1
-4686109#0;801289.095;5825725.4399999995;1
25553598#0;803236.3300000001;5826315.265000001;1
-4410412#0;792678.185;5828806.785;1
-4410412#1;792832.775;5828864.18;1
44037487;811482.24;5826958.76;1
-25016104;813820.9099999999;5820681.5600000005;4
-948697710;791488.1950000001;5823904.215;2
-25016105;814154.5549999999;5820773.74;3
22917233;805796.335;5818877.7;1
-9932309;784179.7250000001;5828436.859999999;1
-137071152#0;790092.6799999999;5823822.45;1
-23249239#0;812905.55;5829901.77;1
-362479315#6;809091.1100000001;5834406.41;1
-948697712;791498.4450000001;5823672.29;1
-1095644106;798919.985;5832015.98;1
-161070032#0;798909.295;5837876.0600000005;1
-278531184;798099.37;5813388.955;1
-145662430;787812.22;5819029.84;3
256569144;790058.48;5836171.115;4
-4540297#1;793315.245;5828703.029999999;2
-737018349;819025.105;5816592.4399999995;30
28426119#4;792276.87;5833521.285;1
-4535285;793448.4299999999;5822119.105;1
28426119#6;792323.545;5833811.555;1
-618016530;805035.7;5836902.255;1
-316029731;803983.54;5840047.455;1
-149849709#0;797691.72;5815441.865;1
-151617776#6;797383.735;5819572.45;1
-4410585;794224.62;5827368.545;1
-660944902;787493.26;5831806.72;2
-4410583;794215.5;5827496.145;1
-26134074;805615.98;5830459.705;1
-439333258#0;809318.88;5830517.315;1
-184941003#1;800483.635;5830208.6;1
-25491882#0;804512.9650000001;5818860.175;1
292532875;803662.925;5820250.405;2
-16355536#4;791116.915;5835584.625;1
-4609222;784223.845;5827153.015000001;2
-24518448;811077.4550000001;5826093.385;1
-784391565;779491.21;5815861.575;19
-24036553#1;781867.4199999999;5830528.99;2
-4612875;800038.235;5827089.785;1
-24036553#2;782034.6799999999;5830487.725;1
-23044560;790294.79;5814743.84;2
-1051639965;803043.27;5827397.365;1
-493264401#3;790032.605;5826861.84;1
-4611869#0;797013.78;5826413.665;1
-202499434#2;791337.385;5818589.045;2
859443411;804764.72;5819464.26;2
-202499434#3;791130.8300000001;5818470.01;1
-165951045#0;791961.205;5833279.785;1
-4490375#2;791588.5349999999;5826229.005000001;1
-486536470;791104.3200000001;5818703.43;1
4486690;791875.7;5822256.96;1
96346093;800081.26;5834570.995;1
-32531892#1;792263.765;5824326.325;1
-1079248042;810229.61;5833648.62;1
531180925;794980.5700000001;5823825.4399999995;1
-60219337#0;785236.275;5829887.51;1
-778077710;782473.005;5813249.725;8
-29699808#2;799020.625;5813249.45;1
-1105574288;798247.8400000001;5826726.595;1
-722137842;796155.505;5829884.135;2
292532854;802928.05;5821259.255;1
-4579702;788539.76;5827412.095000001;1
-4783336#1;802629.3200000001;5833186.835;4
-718428127#1;788603.77;5818551.86;1
-23951216#0;793634.04;5822788.890000001;1
-27606519#0;792507.3049999999;5833292.945;1
-1087443835;810955.42;5828346.01;1
-120948266;800026.065;5829222.66;2
-191529699;790121.2050000001;5818379.65;1
-778077709;783297.335;5813263.595000001;3
-778077708;783371.955;5813243.495;3
-26842499;810165.37;5819428.65;6
-150256321;795137.64;5822364.609999999;1
-102486174#1;795436.245;5817907.975;2
-153604235#1;800448.565;5813539.015000001;1
4463571#0;794985.0700000001;5823106.925000001;1
4804596#0;791042.96;5837614.405;1
-13637220;794993.99;5823674.395;1
-674133615#2;797438.625;5817808.48;1
1087910394#0;807985.0;5831079.125;3
-4612864;799616.71;5826201.74;1
-147470064#1;788123.75;5819185.95;1
-8113456#1;803430.125;5829835.1899999995;1
-851552629;798944.215;5824803.0649999995;1
-373389574#1;799469.75;5829093.984999999;1
-5123637#0;790169.9450000001;5816109.984999999;1
-493273175;779870.6699999999;5821773.470000001;1
4424794#0;794406.115;5828448.33;1
-334170244;807636.38;5817950.405;2
-4764823#0;797664.9850000001;5834668.505;1
-22696510;804553.755;5831363.99;1
-4764823#3;797216.39;5834569.37;1
-268561900;802481.9550000001;5826419.609999999;1
-151627027#1;812223.36;5816576.53;1
-4764823#4;797200.495;5834563.76;3
-4844945#0;781902.275;5815815.09;1
-4844945#1;781865.9;5815707.220000001;1
-24204653#1;812403.515;5828148.71;1
16355207;791212.585;5836269.87;1
461526150;796377.5549999999;5828578.43;1
-73283080;799099.4550000001;5818398.34;1
-8752473#2;791688.03;5834195.285;2
-126815807;793136.5449999999;5825677.515000001;1
-33924302#0;790551.635;5841082.725;2
-33924302#1;790442.8400000001;5840938.255;1
-389508690;806504.495;5826739.75;1
-153260706;811017.115;5814962.295;1
-153260707;810605.845;5815954.735;1
-16417969#2;800429.115;5837033.525;1
-8009007#0;795417.875;5816671.55;1
-833648782;803163.2649999999;5823282.34;4
435358670;808271.135;5832310.154999999;2
-669433184;794957.78;5836495.055;1
-35813430#3;783874.515;5830556.795;2
4449225#0;793546.21;5820442.720000001;1
-142138182#2;796299.225;5833183.55;1
4431545;790315.03;5825635.515;1
292532846;802829.0449999999;5821433.140000001;1
-148326361;791174.99;5816457.300000001;1
-833648783#0;803070.22;5823514.26;1
-4588079#0;798394.47;5824233.505;2
-4588079#1;798627.3;5824234.54;1
-9932389;784219.24;5827933.8;1
-1079491985#0;812040.49;5831621.635;1
-154838404#1;798104.6499999999;5816857.335;1
4631949;798991.05;5833229.965;1
-155629783;812563.565;5829660.1;1
-432116461;815166.71;5821917.695;1
-148326359;791111.5700000001;5816351.925;1
-4357829;798897.925;5821446.215;1
-154838404#0;798008.745;5816611.76;1
-143308523;808500.995;5817971.13;3
48273134#4;785296.3200000001;5830832.5649999995;1
-143308505;808218.595;5818418.615;1
-28721837#0;790030.905;5824356.404999999;4
-201855152#1;795806.21;5831387.359999999;1
-201855152#0;795552.735;5831365.205;1
-11007849#2;804599.7050000001;5839522.35;1
-70163733;800982.225;5833663.735;1
-5096538;798495.885;5820942.605;2
-253153525#0;813268.755;5825287.875;1
-24042683#2;781964.985;5829134.07;1
121953936;810227.6599999999;5817628.835;1
-4978668#1;785521.075;5831673.845;1
-923538515;783578.29;5818827.595000001;5
-8049678;785514.0449999999;5827977.215;1
-58660758;806506.385;5824613.475;1
-165618864;793174.06;5815496.215;2
-31092349;809613.98;5822223.8149999995;8
-54781811;798397.6499999999;5827565.82;1
-152596651#1;799269.65;5814393.074999999;1
-10620102#2;790069.1599999999;5839591.22;1
-154937132#1;812131.97;5814883.32;1
-10616060;796896.1599999999;5833366.84;1
-156579508#1;799877.1950000001;5815134.375;1
-10620102#0;790238.4299999999;5839788.01;1
-22723660#0;790652.4199999999;5818982.005;1
-25095158#1;783958.075;5822085.635;5
-10595852#1;809296.9299999999;5831008.75;1
-565388659#1;805475.99;5841552.5600000005;2
-25095158#0;783978.605;5821941.35;3
-24935824#1;815368.51;5829348.975;1
-24935824#2;815531.195;5829540.565;1
-565388659#0;805058.615;5841473.845000001;2
-24935824#3;815704.13;5829751.380000001;1
-1125943839;803529.14;5825421.17;2
-240959630;796447.48;5823479.925;2
-865872228#2;810098.34;5832869.115;4
-37292254#0;781802.385;5830219.13;1
865069705#0;801684.02;5823721.48;1
-365356645#0;791211.4199999999;5823685.8;1
22731226#5;810953.415;5831949.99;1
-1089751335#0;797266.98;5824941.23;1
-7913573;799148.27;5826725.880000001;2
-96258102;813643.635;5831134.825;1
-32446834#1;805178.46;5827188.365;1
-148292489;792787.835;5815047.17;1
39517414;803899.635;5829429.585;1
-25799283;813175.51;5821825.505;1
-7740380#1;783652.465;5823375.984999999;3
-8150016;798917.845;5831950.75;1
981051249;800079.0800000001;5825228.175000001;1
25332091#1;809892.315;5819910.48;1
-325000951#0;799340.5349999999;5813736.805;1
-9624002;812447.9650000001;5821104.9350000005;1
10994714#0;803502.265;5839724.050000001;1
-29546408;795958.385;5815265.17;1
-281068348;795041.755;5834851.65;1
-281068347;795023.44;5833945.04;2
-4385195#0;793186.1799999999;5824391.82;1
312901364;800703.6000000001;5836296.275;7
-5026219#0;780261.015;5829607.199999999;1
-150513169;794811.92;5826111.05;1
-4804662#0;790867.605;5837640.04;1
4442101;793993.79;5824197.535;2
-4463154;787074.635;5818002.234999999;1
-30898945#0;809162.3;5825936.425;1
137728456#1;801338.4550000001;5820368.5649999995;1
-7626019;804910.215;5827540.8;1
-4804662#4;791226.25;5837732.465;1
133547678#0;800160.315;5836446.835000001;1
-151237806;811498.9099999999;5820825.81;1
-217297578#2;811696.905;5822595.425;1
-217297578#3;811787.19;5822628.67;1
-4804662#5;791373.17;5837774.695;1
-858121886;818543.655;5819627.62;4
128601849#0;793685.405;5821221.79;1
-4804662#3;791112.48;5837703.085;2
-328362698;811129.515;5816771.165;2
-151237803;813770.41;5821475.695;1
-520760973;812393.665;5829918.95;1
-151237804;814025.905;5821593.835;1
27134075#3;794451.115;5816133.6850000005;2
-161755128#1;800457.88;5830446.23;1
-161755128#0;800404.495;5830332.925;1
628831856#1;788898.135;5836893.02;16
-195337819;800332.085;5825943.775;1
-4631991#0;798425.22;5832266.875;1
-1083507345;802001.19;5828002.555;1
30124103#1;791266.125;5819894.27;1
112408885#0;792799.6699999999;5824390.695;1
-5824338;787856.065;5825725.66;1
-850131607#5;800822.8999999999;5837373.0649999995;1
-468346260#0;782008.66;5820418.115;1
-6197118;802129.65;5832225.965;1
-850131607#2;800820.87;5837622.01;1
-389073353#0;787790.54;5818018.890000001;2
-1047403504;806291.22;5825170.89;1
-1092670150;789258.505;5827253.51;1
31012747;812063.4450000001;5821105.865;1
966158287;799428.0249999999;5816340.675;1
-37906672#3;795451.845;5815737.7;4
-25179835#0;791634.185;5825476.0600000005;2
-37906672#2;795696.21;5815791.01;1
-231540148;785018.06;5836599.87;1
-599452434#0;807786.635;5823310.61;1
-30899535#1;787507.045;5833886.640000001;8
-1105894358#2;792164.8999999999;5824650.225;1
-30899535#0;787292.2150000001;5834265.795;23
-1067296925;797816.915;5829573.125;1
-148666045#1;792426.135;5819006.28;1
-288106825;802637.315;5835630.4;19
-193572045;808398.27;5828670.005;1
-19654373#3;791791.435;5817150.885;1
-4764658#3;798635.835;5833949.905;1
-968872343#0;789970.4099999999;5841112.645;2
4410417#0;792092.66;5827842.795;1
-1099799730;804023.02;5825896.23;1
-4364481#0;785643.26;5817535.75;1
-188240629#1;796774.355;5828036.904999999;2
-239174883#0;782331.95;5828878.9;2
-4804925#2;791243.5900000001;5839450.49;1
-598579366;801130.425;5836830.645;1
4401920#0;797746.9550000001;5825539.859999999;3
-4531696;793428.39;5821184.175;1
-1095165529#0;798359.24;5829700.715;1
-155586404#4;804722.655;5818659.255000001;1
313175255;787526.0249999999;5821390.67;1
-33116346#2;782200.5700000001;5824998.775;15
-1054785298#4;800245.25;5829619.640000001;1
-35822842;787434.275;5838710.105;1
-43870717#2;809167.91;5825173.87;1
-43870717#1;809177.345;5824879.67;1
-43870717#0;809189.295;5824580.385;1
-25892150;792140.96;5829866.655;5
-103406017#1;799595.2450000001;5815001.485;1
-103406017#0;799521.77;5815257.1;1
-4424203#1;782552.48;5815591.720000001;1
-27910042;813052.27;5827749.33;1
-269490884;805983.655;5835094.555;2
-993314008;804211.1599999999;5821462.83;4
-37005673#1;801934.4299999999;5818018.28;1
1121919123;794279.38;5821888.63;1
-1002577389#0;789689.01;5835921.21;1
-149994031;793931.005;5819897.48;1
-1029292836;812180.9299999999;5820410.85;1
-225597269#3;785648.2350000001;5837190.45;3
-71834345#3;796817.8049999999;5821823.26;1
-146384540#1;810499.9450000001;5823946.78;1
-146384540#0;810343.815;5824076.220000001;1
-1093614721;810882.085;5827217.42;1
-4515876#3;789565.79;5827125.095000001;1
-31128992;805390.425;5817296.445;2
4720648;794507.9299999999;5827906.6850000005;1
-23017259#0;810339.26;5822502.575;1
-59964992;811265.665;5821976.970000001;1
4696104#0;809020.325;5833425.734999999;2
-152354597#0;808773.755;5816271.08;1
-1101408691#1;795333.9;5830659.355;1
163385719;794077.7649999999;5826379.8149999995;1
343944107#1;807750.325;5830630.845;1
-42825959#1;789519.49;5829465.895;1
-15219857;791564.27;5831087.96;1
283006423#0;810021.915;5819516.865;1
-4927563#2;796325.845;5814529.025;1
-190083605#1;807859.2849999999;5817376.445;1
-157449740#1;804215.26;5816940.6;1
-4927563#4;796137.8;5814668.8;1
-152258280#3;818858.22;5819817.465;1
-317937662;804052.015;5827813.0600000005;2
-4804124#0;792026.98;5834304.58;2
-25795750;811112.0349999999;5820453.140000001;1
-341834961;805634.4850000001;5814941.585000001;1
-152258423#0;820902.1799999999;5820058.5600000005;1
-156350678#1;800144.75;5815688.605;1
320420916#0;796954.4950000001;5827432.17;1
42202669#1;797910.75;5820441.705;1
-108037688;788672.505;5820467.995;1
-405337699;804536.52;5839361.640000001;1
-98340714#2;793106.65;5833868.965;4
-27807817#0;791466.995;5815853.895;4
4389554;796241.96;5828618.895;1
-25527290#1;781471.0800000001;5824049.135;9
-616267620#0;793587.16;5819691.5600000005;1
-983294976#0;800424.8500000001;5830228.71;1
974865642;809540.36;5827749.21;1
-8048753#1;783869.75;5826143.390000001;1
-957892644#1;812413.985;5818411.105;1
-176187642;816190.625;5813538.09;3
10196357;789916.125;5835164.085;1
-152863373#0;810471.02;5814457.425;1
25274114;811316.54;5820295.109999999;1
340720294#0;801748.36;5830140.3149999995;1
313175264;788614.99;5823016.795;8
-437325042;793650.28;5828120.550000001;1
313175265;787593.22;5821502.12;2
-23712166;799560.6399999999;5832020.57;1
313175261;786322.735;5819626.865;39
-55949128;805350.9550000001;5814932.26;1
-980542375;798257.5449999999;5828764.415;1
-274754088;796819.2350000001;5829011.025;1
-31587688#6;783759.8600000001;5831235.415;1
-4702373#2;790972.405;5819300.73;1
193901502#0;807527.07;5824246.545;1
-27637846#0;793380.385;5821058.65;3
-314415495#0;808819.895;5818436.035;1
593851998#0;797822.85;5822743.29;5
593851998#3;797808.31;5822981.115;1
-11014507#2;802232.185;5838287.875;2
-549514451;782194.9299999999;5820757.71;3
-103405410;799434.46;5815234.545;1
66514435;794771.405;5827093.495;1
-1090955051#0;808126.92;5825093.0649999995;2
-151237805#0;814119.5549999999;5821480.5600000005;1
-663861522#0;809044.7749999999;5834619.02;1
-156579472#4;800158.8;5815450.14;1
-147061004;781106.625;5812273.595;1
4689028#0;804388.98;5826429.345000001;1
-176187616#0;811147.62;5817849.59;1
58533302#1;786491.895;5830668.109999999;3
58533302#0;786430.385;5830941.72;2
-15223483#1;794073.115;5830816.0600000005;1
35154389#0;790194.51;5826053.915;2
-220943169#0;811943.29;5827154.585;1
-14116613#1;805042.4099999999;5841956.2;3
-4685892;802209.415;5827000.095000001;1
4581788#0;795014.8049999999;5832591.785;1
-1087944694;809674.38;5833159.38;1
-4792094#0;796999.5900000001;5817708.914999999;3
-127054759#4;803017.745;5832100.32;1
-293192443#0;782013.845;5832039.63;12
-25359021;796267.81;5828904.32;1
-973229870;816400.6499999999;5810119.800000001;3
-36194477;790834.0700000001;5821703.9399999995;1
-24839893#2;810709.01;5824941.574999999;2
-1095171390;804105.8;5830130.93;1
1003269942;803870.7;5821956.5600000005;1
-4776150#1;799792.995;5834440.245;2
-137720664;801684.47;5823043.745;1
-15992681#1;803056.575;5837531.47;1
-31587688#5;783537.7050000001;5831312.925;1
-217390581#0;812776.295;5821881.47;3
-152264794#2;795931.98;5822683.91;1
-31587688#4;783418.46;5831358.895;1
-23049430;802960.95;5817203.02;1
-31587688#3;783294.13;5831412.800000001;3
-31587688#2;783171.435;5831456.515000001;2
-494259402;783813.45;5829286.15;1
-137720668;801883.645;5822967.05;1
-8752808#3;791200.385;5834675.76;1
-31587688#0;782641.1000000001;5831659.995;5
-52286534;790854.185;5838362.255;1
-25094868#1;782343.28;5820202.135;2
151571082#1;797312.76;5823260.345000001;1
-898548690#1;790761.915;5839511.055;1
-176187600;816473.72;5813364.655;15
-5000127#2;783219.0449999999;5830185.16;1
-326161983#2;800996.7;5830811.02;2
-231883017#5;793420.56;5824931.245;1
-201673538;805672.605;5815682.06;1
1079985703;807616.53;5822210.585;1
-32976592;800607.65;5826609.77;1
-24612854#0;784030.95;5825439.485;1
29083906#2;792258.49;5831834.9350000005;3
29083906#0;791971.38;5831568.93;1
23010022;809675.085;5821283.92;1
-1017778153#1;811167.9099999999;5817340.16;1
-23006340#2;784273.73;5832558.23;1
-153959904#0;803216.065;5818168.785;1
-20209634#1;790026.065;5823652.81;1
-37837030#2;802111.33;5832746.015000001;1
-153959904#3;803480.7;5818037.055;1
-19875855#2;803782.0449999999;5820874.12;5
883385411#1;803545.3400000001;5818171.765;1
-19875855#0;803933.83;5821093.41;1
-176187637;816795.0900000001;5812925.220000001;1
-684938056;809298.3049999999;5828051.800000001;1
1101407068;794771.375;5827373.485;3
-176187635;814823.175;5815329.390000001;4
-176187634;816979.39;5813059.865;4
-19431372;800597.76;5838169.67;2
-156579485#0;800354.145;5815360.859999999;2
-156579485#1;800426.4550000001;5815224.37;1
-4802154;791278.56;5836688.65;1
-1038272616#1;802972.96;5837685.095000001;2
-25575049#4;779965.23;5819448.55;1
-1038272616#0;802809.555;5837456.735;1
-25575049#3;779775.03;5819469.215;1
-152258303#1;818935.175;5820285.575;1
-4802139;790789.88;5836397.255;1
-4796524#2;790175.8200000001;5835020.76;1
-546271343#3;780501.53;5822017.785;5
-9836548;809275.78;5830072.875;1
-126095383#1;788464.73;5832491.245;18
-25575049#0;779482.0700000001;5819493.855;1
-22650461#0;814113.9550000001;5825895.41;1
-4802158#2;791132.225;5836440.195;1
-16355536#10;790509.98;5835444.17;1
9707827#0;791272.9299999999;5820319.845000001;3
-458275376;798480.44;5837348.87;6
-4802158#0;790931.595;5836841.415;3
-148665037#1;791614.9;5818040.23;1
-30084961;799231.925;5813603.765000001;1
-561233137;805767.355;5841467.675;1
-107178761;794053.565;5825680.365;1
-60917414;806311.47;5834522.109999999;1
23785411;802779.98;5825167.35;1
-41828679;798831.8300000001;5830170.96;1
6229319;805677.6950000001;5827817.205;2
-822945972;813670.135;5826031.955;1
206903426#0;814979.36;5814268.135;2
-151627014;811645.395;5815849.445;2
-320414945;806018.595;5831384.665;1
-814842404;794225.8999999999;5824295.359999999;1
420876003;801433.88;5830296.9;1
-1089694871;807811.675;5829515.035;2
-4606275#1;799363.03;5830826.890000001;1
-894555414;808269.1499999999;5824383.12;4
-281981660;780148.46;5821562.84;1
-607059682#3;804152.46;5840035.165;1
-39352164#2;802735.02;5828761.035;3
-842099975#2;789861.29;5819014.785;2
-295382607#0;807870.73;5823953.175;1
-842099975#0;789620.725;5818915.465;1
-4802332;791744.05;5836977.955;1
-24335957#2;786528.6599999999;5834861.07;1
24869968#0;804830.53;5825346.325;1
-4603194;796177.665;5831693.21;3
-627199071;786980.36;5834651.18;1
-172219133#0;801210.6699999999;5825398.8100000005;1
-450661505;809880.59;5816492.805;1
-151627002;814588.9299999999;5814516.75;2
-124263303;806132.48;5815097.59;1
-51266179#0;817774.915;5819306.88;6
-195397561;797775.63;5828047.76;3
-9925061;813433.5549999999;5828379.015000001;1
-4900223#3;780624.8;5819520.24;1
-1098902677;798728.715;5834920.35;1
155586403;806535.975;5817898.359999999;1
-156597536;799295.48;5819822.21;3
-145009991#3;805593.05;5821451.1899999995;2
-5364954;799690.71;5820995.295;1
-50804199#1;780088.935;5829699.5600000005;3
-1088792428;812539.38;5829306.005;1
-1080947307;813888.275;5831156.699999999;2
-1097313406#2;798544.56;5830240.62;1
-50804199#2;780305.6950000001;5829725.654999999;1
-23018322;782361.88;5820576.415;1
-148331034;794189.86;5818724.745;2
61737905#0;802036.655;5827040.48;1
-38702364#0;813450.41;5831130.609999999;1
-34122859#3;795762.6950000001;5826077.640000001;1
-236824892;788628.6799999999;5833066.205;5
-272532028#2;795624.445;5835021.4399999995;1
-149849314#3;797234.565;5816856.63;1
-153260694;809636.385;5816628.48;1
-153260695;810476.625;5815713.57;2
369401521;796099.8;5828138.925000001;1
-38702364#1;813454.605;5831191.375;1
-31525838;806967.3049999999;5825985.9399999995;1
-4610047#3;794047.365;5832638.96;1
-298204388;803057.405;5836174.9;6
123897184#1;799769.185;5832303.035;1
-155073133;796973.715;5823887.38;1
404598738#0;796988.825;5826723.855;1
-4610047#6;794196.35;5832598.895;1
-4610047#9;794378.625;5832549.79;1
-1002517093;803913.49;5825996.890000001;1
211575791#0;799278.1299999999;5816236.28;1
-4484208#0;786656.605;5817327.984999999;2
-34428911#0;796236.505;5835384.79;1
-4394944#3;800580.55;5812898.12;1
-25523367#2;781030.8500000001;5819886.675;1
-25523367#1;780984.875;5819994.37;1
-151627026;812374.03;5816189.095000001;5
-863913425;801114.7949999999;5823717.415;1
-672144104#0;787349.9299999999;5830798.385;4
-998661805;783877.395;5827472.785;3
43442185;804740.28;5821632.76;1
-1058153679#0;797372.005;5836334.22;3
-1079225407;808583.85;5830863.565;3
-964038477;782267.825;5828097.665;1
-25527291;782033.435;5824440.045;14
-458915613;796089.78;5818217.255000001;2
-4436793#3;793079.72;5824949.105;1
-1091806069;797434.04;5823255.0600000005;1
-22491297;791098.5449999999;5835797.755;1
-4436793#4;793065.49;5824815.005;1
-5110663#2;802653.81;5820853.02;2
-677809119#0;801711.47;5823667.275;1
-888439451;794097.655;5824705.779999999;1
-14648925#0;788651.855;5816551.32;1
-1035909479#5;805222.96;5832225.545;1
-10947989;803309.56;5841337.324999999;8
-153959895;805480.9450000001;5818346.585000001;1
-191525327#44;790592.325;5816119.42;1
-1107305227#1;813195.64;5830616.145;1
-211561138;807529.25;5816537.42;1
-270612854;779857.26;5827863.155;1
-270612855;780171.575;5827867.1899999995;1
-12622286;811020.97;5822376.62;2
1107379880;804487.85;5827979.970000001;1
-114381357;794311.73;5815743.895;1
-20834383#2;795567.4;5833481.23;1
-340606518#1;800628.1950000001;5829122.6850000005;1
-16857793#0;788775.415;5839635.995;1
-191525327#30;790675.205;5816678.725;1
4444427#2;792159.72;5825033.01;2
-23755731#0;798008.855;5826738.755;2
27102690;802840.215;5822335.455;1
-1080200475;797199.05;5829823.625;1
-927007342;791409.4;5830936.84;3
-5000161#2;782701.6799999999;5829795.08;1
-191525327#38;790621.905;5816317.5649999995;1
-5000161#1;782704.4450000001;5829899.6899999995;3
143308552#0;808294.365;5818835.21;1
-5000161#0;782712.105;5830046.365;1
-1102712838;800807.65;5831644.085;2
-727278709;798366.515;5831547.93;1
-191525327#35;790646.895;5816485.0649999995;1
-107668008;785667.915;5838262.32;3
-4788726#1;804779.88;5832001.665;1
853231956#0;803191.775;5824470.405;4
-239310792#3;796687.63;5824700.59;1
-951492712#2;803415.37;5819133.445;1
-4540285#0;793952.41;5829022.055;1
-107668000;785585.48;5838009.01;1
215577422#0;791076.9650000001;5834078.390000001;1
-4788583#0;806194.2649999999;5834280.535;2
-153260656;810327.76;5815578.665;1
-1058531711#1;787456.87;5818442.4;1
-4410459;791923.54;5828575.24;1
-638725892#0;819978.12;5819882.6899999995;3
-638725892#1;820139.22;5820094.12;1
-151369420#2;797490.605;5820587.375;1
-151369420#0;797178.53;5820367.34;1
-33611302;784169.39;5825523.355;2
-5046430#3;786187.385;5834453.6899999995;1
-5046430#0;785896.5149999999;5834455.395;1
-33611304;784094.885;5825162.745;4
-9931926#0;784506.805;5828598.105;1
-4537082#0;792551.9099999999;5833182.37;2
-943932303;787790.345;5818777.695;2
-150916987#1;812551.815;5818749.800000001;1
32614976#4;790893.62;5833939.155;1
-943932306;787563.11;5818651.625;1
-150916987#0;812460.5349999999;5818916.98;1
-191538263#0;791932.135;5819627.265;1
175916787#0;803226.755;5830284.99;4
779835107#4;798517.28;5818037.64;1
779835107#6;798641.015;5817754.3;1
-158580757#0;799298.61;5819197.445;1
-162363458#1;805459.135;5815188.455;1
222182354#0;806943.2849999999;5829134.5;1
-23048170;790933.315;5836040.27;2
-24614179;793308.24;5815943.62;1
441521943#0;809990.97;5819374.24;1
-152258340#0;820363.665;5819470.765000001;1
-55131689;791318.605;5840081.29;1
-153947866;805004.2;5815636.824999999;1
1112702296#0;789108.165;5827561.9399999995;1
-1044264577;806856.04;5825933.105;1
-24586498;817279.0;5817177.945;1
122749214#0;806670.49;5827044.445;1
-1057538106;798386.2;5826383.785;1
-626400353;793064.3;5819032.26;1
-4387782#2;791841.6499999999;5825015.8100000005;1
-16866586#0;789417.5449999999;5840097.67;1
-4675216#1;794053.8400000001;5833779.52;1
-5000592#0;782581.835;5830791.63;4
964321902#0;800082.635;5824433.630000001;1
-237646217;809033.515;5834151.62;1
-44810509#0;789393.9299999999;5839348.62;1
-153947855;804228.855;5817465.785;2
-145934343;792470.625;5825929.119999999;1
-179307467;803153.075;5826727.27;1
-437054292#2;802071.4650000001;5821487.359999999;1
804279760;800201.1799999999;5812976.15;1
-23243508#0;786835.3700000001;5838427.07;1
-24586488;817566.545;5817164.02;1
463175642;792131.77;5832395.075;1
-154687894;798710.55;5814809.865;1
-23483298;808131.925;5820760.88;1
-23243508#5;786456.825;5838773.005000001;1
-187986190;783434.815;5822866.275;1
62076385;790742.815;5824860.035;1
-25378152;783226.86;5829955.755000001;1
-224731112;807222.1299999999;5819664.07;6
-153947884;804044.7849999999;5817009.395;1
-838509824;811891.1599999999;5822976.66;4
457410842#0;783409.025;5830241.199999999;2
-24314524;805278.01;5821754.715;3
-266854579#2;813516.4750000001;5826907.355;1
-266854579#1;813418.865;5826901.265000001;1
-290455068;802459.2250000001;5837588.22;3
-24614144;793648.255;5815676.970000001;1
-22928688#0;810287.63;5818114.595000001;1
-153947879;805205.5549999999;5817579.13;1
-60827458#3;800977.325;5831255.85;1
8658129#0;808531.88;5829745.83;2
30149205#0;793586.415;5820622.84;1
-1085423806;808503.52;5819760.59;1
-14471021#0;789482.995;5815543.0600000005;2
-1047402016;805946.93;5825187.165;4
4045220;807256.425;5825111.55;1
-269636104;793997.5049999999;5826790.545;2
-27603991#3;804307.745;5835685.4;1
542993182;810275.995;5831781.135;1
-762559574;803688.705;5834038.73;3
-27603991#1;804489.255;5835713.83;1
32890429;802693.77;5821633.16;1
-826460350;804457.415;5840776.225;1
30962289#6;798537.67;5818045.835;2
-27603991#0;804588.1000000001;5835729.145;2
4631873;801609.1599999999;5829962.83;2
-4609223#0;787172.13;5817126.890000001;1
-28131584#1;792993.4099999999;5820543.914999999;1
-142575087#2;792826.8300000001;5822760.119999999;1
980109815#4;797749.105;5825485.32;1
-593851968#0;796832.355;5822907.470000001;3
-1121190721;802592.935;5837027.7;1
-161677835#1;787109.105;5836115.949999999;8
-4610374;797745.345;5828374.25;1
-161677835#0;786422.985;5836210.57;7
815566001;785314.245;5827813.785;1
233307349#1;785368.35;5818199.855;1
-5108271#0;802845.71;5818408.205;1
-5108271#1;802946.605;5818351.38;2
-593851968#2;796817.1799999999;5823204.98;1
-1083977916#1;803780.01;5833465.205;1
-26505949#0;811296.095;5830958.475;1
-1083977916#0;803935.615;5833444.535;2
-22604217;809675.45;5830964.869999999;1
-154734796;809675.26;5815367.695;2
-300938140#0;808400.3500000001;5830156.8;1
165356204;797973.14;5837377.275;5
165356205;797671.9450000001;5838036.32;11
-11644338#3;782576.61;5816363.425;1
-33890402;796525.255;5835839.68;1
-338546084#0;814572.26;5828739.75;1
-155605322#0;800961.8;5823242.175000001;1
104819359#0;804858.8049999999;5825172.6899999995;4
-4858714;793554.79;5819977.6;1
-560370523;798048.4650000001;5828473.119999999;1
-4446443;791544.8300000001;5824428.6899999995;1
-633980329;786216.48;5837634.574999999;1
4553267#2;786510.98;5830675.135;2
67556839#3;794498.86;5822460.645;1
-230889216#1;810677.185;5827529.8;1
-24911800;798169.725;5830130.869999999;1
-230889216#0;810604.3200000001;5827688.37;1
72307633#4;799725.4299999999;5816472.45;1
-4610354;798441.665;5828768.145;1
-1112696099;811782.63;5830645.43;1
-422992099#1;812059.655;5827378.57;1
-9189983;801519.97;5838268.33;1
24615395#0;785855.2;5828002.789999999;1
-23045996;812918.225;5822021.21;1
-154838382#0;798227.94;5816569.955;1
-146384549;810532.0;5824605.055;1
-1098565998;802250.8;5829318.6;1
-286247182;807953.095;5815206.205;1
-154687882;798639.78;5814658.9;1
-174144168;799852.315;5830126.2;1
-153947839;805022.8200000001;5816552.96;1
-4068188#2;786605.525;5816738.525;1
-37609022#3;789327.8200000001;5817606.33;1
-175081979#2;799721.0800000001;5817187.3;1
-4597421;795188.49;5824825.385;1
328408593#3;786955.55;5828173.404999999;1
-19786305#1;797772.9450000001;5816183.77;1
-1093494468;804692.855;5832457.795;1
-37609022#1;789304.125;5817697.68;1
-597488669#0;790845.97;5838056.56;1
-173299750#1;806143.78;5816917.640000001;2
547372893#0;803777.825;5826184.98;1
-37609022#5;789413.745;5817552.3149999995;1
-146384555;809837.995;5823193.555;3
-930194241;806986.665;5835287.5600000005;11
-1116278984#0;794938.74;5834216.390000001;2
124126499#0;799585.76;5833546.36;1
-71858116;798129.0800000001;5820879.7;1
160130967#3;799156.19;5830792.21;1
-24720499#3;785954.98;5836521.43;4
-42990045;801944.4099999999;5831696.82;1
-24720499#2;785945.96;5836794.404999999;1
387211429#0;806373.64;5833913.025;1
-1123196748#0;794478.05;5821198.03;1
-856152388#2;800748.7849999999;5825491.115;2
-344680962#0;798426.1699999999;5825369.85;1
-30705211;799037.5;5827208.5649999995;1
23851917#0;798960.3999999999;5827422.18;2
-6083089#0;801861.635;5831095.82;1
-58646567;799115.37;5839197.445;8
-36194412#0;796522.075;5816350.5649999995;2
-989741622;800449.49;5824836.035;2
-979807156;800792.6799999999;5822349.050000001;2
-36194412#1;796426.37;5816569.895;1
-4581884;786817.985;5830905.58;2
-4581881;786165.6950000001;5831237.484999999;2
-37142124;795138.235;5834515.245;3
1115801040;794753.74;5822840.34;1
-5109517#4;789942.49;5816556.545;1
-148708810#0;793248.895;5820491.699999999;1
-589687024#1;798677.5700000001;5816164.6899999995;1
-5109517#0;790267.3500000001;5816645.119999999;2
-6084576;809659.15;5831318.9399999995;1
-1123872362;802693.825;5828148.4;1
1101972585;805257.715;5830437.335;1
-9703375;792780.235;5838346.84;1
4639045#0;796260.54;5819723.470000001;1
4370506#0;793305.19;5823862.395;1
-153959900;803445.35;5817272.085;1
-153959901;802513.595;5817427.705;3
-30705210;799184.335;5827218.99;1
-1012800873;801990.69;5823240.8149999995;1
96418261#0;794952.935;5825482.99;1
-16238842;802142.4199999999;5836173.035;1
386460947;803335.02;5822596.305;1
1082442848#0;811395.41;5830098.215;1
-6247954;790750.725;5840979.82;1
-281623512#2;795907.62;5838436.65;1
-281623512#0;795682.52;5838338.85;1
156132843#1;796075.285;5826268.395;1
-6247951;790396.755;5841327.82;2
959902774;800288.5349999999;5824778.625;1
-142900577#1;790457.045;5821616.545;1
-23817858;802093.5800000001;5829703.115;2
9873997#1;789245.13;5826192.32;1
226837856;791319.5900000001;5832742.1;1
-28241308#5;793722.4750000001;5827106.824999999;1
28186786#0;809902.2649999999;5831520.555;1
-113747184#2;799342.82;5818130.675000001;2
211572236#1;803655.885;5818076.04;1
-77386772;810610.11;5823005.76;1
-862146121#2;785112.41;5831160.865;1
-113747184#1;799176.78;5818163.77;1
-26663147#2;810975.4650000001;5824715.25;1
-148666656#0;793065.0;5818349.404999999;1
-1093533103#0;799937.19;5833002.1899999995;3
-1123796962;804129.215;5829076.574999999;2
-4685986;789447.425;5823841.445;1
-279549312#4;795986.905;5826703.09;1
980136988#0;806772.0549999999;5826644.279999999;2
-28216019;780365.73;5834228.49;10
15024426;789147.145;5819934.6850000005;1
1115413697;801971.2849999999;5826924.765;1
-377173336;793916.87;5831482.675000001;1
-152354572#1;809426.355;5816992.96;1
-339201177;798365.22;5827942.295;1
-119056736;790824.99;5818200.515000001;1
-6247948;789871.66;5841689.779999999;2
-554125879;820480.9299999999;5819035.715;1
-751726579;810402.925;5814204.945;1
-375711163;784234.145;5830704.43;2
-221381131;786473.875;5836845.24;3
-4592581;796326.79;5829421.8100000005;1
-89863897;781566.5;5814524.83;4
-48684124;791006.04;5836080.984999999;1
81629728;785023.955;5817530.960000001;1
-702310761#1;799395.3200000001;5815643.455;1
-154687902;799440.39;5814964.455;1
-62106886#3;786359.09;5827955.25;1
-14272826#0;789653.91;5823982.99;3
1061057021;806233.095;5824223.01;2
-152354585#0;808523.2050000001;5816435.58;1
4615777#0;801654.605;5827785.699999999;1
-456120220;803248.89;5838660.4;1
1061057024;806202.255;5824081.07;1
-4783442#1;803147.1;5833131.49;2
-154381210#2;804883.26;5827749.865;1
-26663147#0;810752.9;5824832.3100000005;1
-27286814;797162.17;5832553.33;1
-33890372;796393.13;5835904.115;2
-268524821;800997.8200000001;5827488.575;1
-838509823#0;812123.095;5822810.5649999995;5
-4437200#3;790699.065;5824174.45;1
-970017914;793325.19;5816761.975;2
1090255584#1;794182.99;5827735.845000001;1
-1093481106;804778.835;5832245.59;1
-18784663;788115.82;5837265.12;1
-4437200#1;790645.5800000001;5824112.175;1
176031323#0;801900.8400000001;5826202.5649999995;1
-1098982713;812138.1950000001;5828372.565;2
-4588805#1;789625.705;5829383.859999999;1
445535615;798816.98;5819330.385;3
-460948881;800171.22;5818858.035;3
81629702;788543.26;5822938.375;30
-124081267;781475.355;5835398.135;1
-4693533#1;794528.595;5824358.8100000005;1
-147717067;811023.6100000001;5817610.32;1
-290075139#1;802883.77;5828943.9;1
-60219322#4;785408.87;5830367.815;1
-718428129#0;789092.5700000001;5818912.654999999;2
-148665010#2;791109.125;5818210.17;1
-718428129#3;788971.41;5819245.545;1
-148665010#1;791270.5549999999;5818051.535;1
22762399#0;809822.95;5818022.15;1
14357390;788967.505;5825506.4399999995;1
-5046358;786543.86;5832903.055;1
-194818297;805759.755;5826093.88;1
-5046356;786527.04;5833336.425000001;1
128968841;811137.175;5830550.335;2
4773465#0;798760.635;5828052.8149999995;1
-37739363;789934.225;5829352.215;2
-177839806#0;805803.775;5817564.195;1
-4804924#0;791194.475;5839135.425000001;1
-171672073#0;796374.335;5837195.24;1
-7740381#0;783310.92;5823520.09;8
-281068354#2;794770.235;5834068.505;1
-7740381#1;783607.415;5823515.73;1
-1110381402;793088.885;5827318.65;1
-4804924#1;791327.03;5839169.095000001;1
-25095146#1;783710.5700000001;5821692.815;1
-16308802#0;799708.14;5838415.42;2
256478752#0;808682.245;5814008.76;1
-700690345;788224.905;5818573.1850000005;1
-5116489#1;805595.4199999999;5818231.925000001;1
-6179338#1;802916.915;5832207.525;1
80977699#0;793755.4099999999;5821155.355;2
-23770735;782259.6;5834644.095;61
-27604226;809394.085;5825971.485;1
-8084124;801411.05;5829352.71;1
-1107081470#2;793891.4;5820563.699999999;1
-35867462#2;796690.685;5832929.48;2
-5046362;786334.73;5833384.955;1
-5046361;786903.065;5832713.4;8
-34822331#0;795144.1;5821106.615;1
-5046360;786958.2250000001;5832838.785;5
4615034#3;800443.19;5829632.6899999995;1
-10587014;816419.005;5809433.885;1
-10587012;816753.845;5811508.945;61
-141128941;792097.6200000001;5825123.605;1
-1063577504;805948.345;5834513.96;2
-916158429;793139.705;5820617.645;1
-1098152057#0;811560.64;5827344.655;1
-4581784#0;794277.995;5832008.76;3
-797787879;795170.675;5818349.404999999;1
-7706080;806494.655;5830041.87;1
-22276659#2;804250.4750000001;5828666.85;1
-25620918#0;800884.3;5835061.495;3
317576652;786425.7;5833822.125;2
4610135;796238.35;5832539.73;1
-457410843;783315.49;5830313.665;1
-4603232;794239.27;5830801.16;2
-4603230;794122.45;5830929.88;1
-64455479;792877.96;5823407.915;2
-4616567;801312.27;5827706.07;2
-360012453;812421.0;5818208.109999999;4
-36828623#0;788611.515;5840628.3149999995;1
-1070284535;789346.0449999999;5825247.785;1
-23738649;795032.37;5815992.295;1
-1117085600#0;805107.49;5818566.105;2
-29574494#3;796513.0;5818180.255000001;1
630312688;806221.46;5825431.485;2
-1070284538;788991.2749999999;5825713.14;3
338527882#0;794599.465;5830787.640000001;2
-941900321#2;802202.3049999999;5818941.775;5
-16416877#5;800905.38;5838253.835;2
-16238460#1;802156.705;5835979.77;2
-4607067#2;795433.27;5826172.82;1
158579659#2;792133.69;5822529.535;2
-1057188363#0;799175.86;5826356.52;1
-604036521#0;805767.4450000001;5821162.79;3
-7544445;804964.435;5829356.445;2
-954022219;795426.4;5819705.140000001;1
-604036521#1;805795.2150000001;5821143.365;1
-4442423#0;784529.935;5816236.01;1
-14674295;806835.0800000001;5817000.09;1
-111283468;803381.895;5843062.915;22
-1050165995;810400.4;5815511.27;1
-839113394;804546.63;5821704.58;1
-4603264;796258.3200000001;5831453.98;1
-279127599;804788.8;5837369.3149999995;9
4553968;785552.74;5829269.485;2
409524985#0;792406.74;5822836.175;1
-14674290;807088.8300000001;5816824.904999999;1
-14674291;807168.55;5816856.42;1
-14025482#3;790244.39;5817839.605;1
-4802791#2;793528.095;5836520.37;1
-1089699908#2;783877.415;5826893.51;2
-4802791#6;794071.52;5836975.859999999;2
-23609115;799467.04;5840017.0649999995;17
-5097176#0;809891.51;5824238.46;1
136814968#0;791502.2;5827506.41;2
-157449752#0;804398.855;5816803.05;1
-25185282#2;796277.625;5817229.23;1
-27105041#1;816681.4099999999;5817043.57;1
-23382139#0;781279.8999999999;5831258.055;2
-22732202#1;782025.405;5815063.245;1
-25689732#2;805234.96;5817863.105;1
-108457516;796672.69;5828571.715;3
998733727#0;784502.79;5827935.734999999;1
-25689732#1;805146.53;5817776.5649999995;2
-881598757#0;804372.505;5827395.92;1
-1033550893;803659.22;5841629.405;2
-151742409#0;806491.15;5817058.825;1
150730433;790322.245;5825294.365;2
22917282;809739.4099999999;5815617.55;1
-979807107;801028.6599999999;5822101.335;1
-42814694#1;810386.125;5825601.08;1
-1033550897;803566.78;5841723.645;1
22917285;809703.0449999999;5815627.62;1
-838503739;811620.1950000001;5822931.45;1
-1029435691;798020.025;5824145.92;1
-200775246#2;797482.565;5818003.615;1
-4615220;801165.67;5829890.135;1
-14473887#2;790664.925;5815762.085;2
-975759018;796491.46;5829490.29;1
-4615007#5;799993.935;5829741.300000001;1
-1087698783;809463.175;5828572.619999999;1
87759779#0;787934.4550000001;5818505.85;3
-1101405165#1;798170.79;5829604.27;1
-814837809;794021.575;5824714.285;1
-1119170548#2;794805.615;5831911.8100000005;3
-149849315#1;797609.385;5815999.484999999;1
-5173206;790029.78;5824905.845000001;1
-25514872#0;781595.175;5820027.915;2
637645130;804429.8400000001;5832639.33;1
24160164;792080.9550000001;5817340.555;1
-224611314;782600.245;5821232.630000001;1
-47293251#5;806893.245;5833731.16;1
-218160233#2;797919.355;5833112.654999999;2
-1101911314;801371.75;5827343.050000001;1
190846091#2;800048.415;5833739.285;1
-116004303;789629.085;5842502.38;1
-147717014;811138.31;5817140.345;1
-147717015;810684.145;5816542.609999999;1
238945930;799227.22;5829323.285;1
-23558938#2;813561.12;5825633.975;1
-905628646;791210.51;5839659.42;1
-143722181#0;791015.1950000001;5821144.0600000005;1
-1119211815;796443.655;5821213.33;5
-4802431#0;792854.5;5837795.609999999;1
-152494966#2;808797.29;5816963.125;1
-30934754#1;803957.735;5817055.355;1
-600833787;804460.54;5827106.605;1
548452381;806170.115;5823296.635;1
-100405511#0;793017.0800000001;5821461.955;1
-1023136510;812214.225;5819297.62;1
222005890#1;794691.255;5830460.5649999995;1
-4796536#1;789674.845;5834834.984999999;2
-18783875#6;787168.3899999999;5837424.0;1
-37560956;807911.89;5825272.445;1
-29419441;783051.96;5815699.1;1
-392739719;794042.425;5826461.595000001;1
-4368309#0;791026.405;5823387.5600000005;1
-23048229;790473.6599999999;5835656.215;1
-1099616371;805983.45;5826295.880000001;1
-30958680#0;797437.2;5819304.99;1
-22943063;812774.7549999999;5826198.405;1
40816964#1;793904.525;5833872.5;2
-30958680#1;797602.395;5819199.17;2
-156597548;798946.96;5820051.12;5
-156597545;799851.155;5819803.01;1
-913852918;812501.775;5827769.41;1
-46115660;801013.8400000001;5833462.09;1
-41886395#2;799478.64;5830911.365;1
-1120556205;802338.19;5825598.5600000005;1
-156597542;799202.14;5819716.7;1
-829315147;784688.875;5816620.415;1
-1037060789;810858.73;5821406.0;1
-4525754;794504.065;5824739.665;1
-37009750#0;801564.7849999999;5816631.945;1
-4525753;794595.7150000001;5824815.865;1
-384411001;796233.4550000001;5834329.555;1
-519114811#0;785480.39;5835921.9399999995;5
25198706;811070.65;5822130.325;1
4537046;792201.8600000001;5832721.66;1
-153959882#2;804488.095;5818647.98;1
-529250472;792359.175;5835602.574999999;1
25205070#0;793933.405;5824036.455;1
-27484079;781919.905;5827228.04;1
4537044;792124.36;5832066.24;2
-4616595;800182.3300000001;5826728.35;1
-143724447#0;791004.905;5820566.109999999;1
-153959882#5;804031.29;5818977.18;1
-320938558;804306.59;5834251.970000001;3
-6138975;808140.6699999999;5832777.555;1
-4531634#0;793010.37;5822721.04;1
-103765159;798951.675;5812747.045;1
-155586455#0;805136.725;5818611.78;1
-5046991#2;787613.54;5836808.59;1
-5046991#1;787641.915;5836893.99;1
-1074096510#0;808881.54;5832847.925000001;2
-5046991#0;787681.71;5837015.39;2
-1123110106#0;809368.565;5833243.27;1
-15024424#2;789106.19;5819998.115;1
-229228933#0;809598.12;5819158.645;1
-4689531;807344.835;5824676.0600000005;1
-24747969#2;784907.625;5816127.27;1
-4706342#1;791218.825;5817661.734999999;1
-11093314;804076.1799999999;5829913.54;1
-27138013;803279.225;5819499.51;2
-1112190342;811140.44;5825086.654999999;1
-46442731;811043.51;5830900.78;1
-4611708;798178.435;5827317.09;1
-4637937#1;796468.22;5833821.109999999;1
-151742470#0;806305.105;5817305.91;1
221747785#0;789865.45;5835749.1;2
19383846;803648.22;5822693.955;3
-25095159;783825.0800000001;5822012.115;2
148671115#6;791126.9099999999;5819354.77;1
-27835181#1;795090.175;5836820.925000001;1
-23436566#3;782874.23;5826678.23;1
-142721904#1;800153.4099999999;5833347.84;1
406385149#0;800234.245;5832019.595000001;1
-4631450#0;799677.59;5830613.140000001;2
-24747969#1;784604.6699999999;5816070.665;1
-24747969#0;784333.77;5816020.0;1
-879338195;805474.925;5840987.5649999995;5
-20209202;789881.5900000001;5823344.395;1
-22795641;784779.9299999999;5817096.62;1
-160578059#0;786709.63;5839088.395;1
-160578059#1;786790.85;5839128.915;2
-217926618;794719.495;5816484.025;1
-16141514;811693.435;5830547.255;1
-172431877#1;784926.7949999999;5826335.095;1
-1089261908;817134.87;5817170.38;1
-1103886676;795382.6;5830319.84;1
-1120250712#1;804777.6100000001;5833850.87;1
-25538884#0;783973.61;5826131.735;1
-179215877#2;790256.46;5819649.54;1
-25538884#2;784247.47;5826336.075;1
-536326239#4;809983.41;5832443.140000001;1
-31579589;814047.64;5827770.15;1
-4776650#1;799679.635;5834984.305;1
-1112137514#2;793296.425;5825700.135;1
-25118361;805608.51;5823505.265000001;3
169763711;790450.74;5825668.93;2
-27607074#2;792053.0700000001;5833953.984999999;2
-851003528;814814.7050000001;5821831.550000001;1
-987011164;801983.155;5822415.62;2
-148521800#0;790324.25;5818762.5600000005;1
-4802588#0;793262.415;5836886.2;1
-4400157#4;793220.405;5827504.220000001;3
-25870768#0;806442.52;5828885.115;3
-31579597;813101.95;5827932.645;1
-148295312#0;795626.29;5817788.630000001;2
-148295312#1;795880.5700000001;5817617.57;1
-32341219#0;804378.315;5815989.33;1
-441620230;819772.8400000001;5816312.095;9
-44420424;796669.7849999999;5822467.91;1
22587641;787743.2849999999;5827889.34;2
-31579599;812906.915;5828140.545;1
-60763085#0;799879.435;5835066.18;1
-22094404#0;804077.74;5829561.145;1
-628419615#2;803296.3500000001;5826151.045;1
-24004627#0;783710.4199999999;5823625.949999999;1
-4802405;793074.045;5837731.675000001;1
-81414566;804700.335;5815437.355;1
-788501040#1;789099.04;5829561.5600000005;2
-4597356;795727.45;5826524.135;1
-84121752;811758.37;5826858.52;3
-173220885#9;784540.08;5831334.465;2
4067949#2;806565.1950000001;5828732.37;2
-553137244;798964.585;5831405.55;1
-148292495#2;792860.1000000001;5815281.035;1
-168908245;794286.7050000001;5825780.0;2
92093054;786458.8300000001;5819796.945;33
-11093367;804041.62;5830011.84;1
-4597361;794646.6499999999;5829260.65;1
-184784222#1;790961.33;5821755.404999999;1
-1107180845#0;795190.7250000001;5825420.78;1
-413548897;799385.395;5835832.385;2
-25463243;805373.9099999999;5827103.605;1
-5095064;787243.585;5825629.425;6
-47433993#2;789436.39;5836238.595000001;1
1089298571#1;816656.145;5816955.73;1
-52877220;792209.22;5837376.095000001;3
-627779928;800970.56;5831014.625;2
-851003530;809209.1950000001;5823034.045;1
-4399488;795909.085;5827512.98;7
-1118592386#1;801053.48;5813125.515000001;1
-157449719#2;804384.9550000001;5816573.994999999;1
-28131587#1;792231.29;5821277.140000001;1
26353952;785120.6799999999;5827398.06;1
-51807954;799891.97;5819184.335;1
-24900431#0;809733.77;5829346.3100000005;1
4389227;792408.53;5822967.96;1
28426838#0;794071.5449999999;5825939.905;1
-4441941#0;781811.67;5814471.41;3
-142161211#5;795430.655;5824054.915;1
-156817084#3;804388.07;5819537.84;1
-4441941#1;781797.785;5813912.49;4
-24049811;783848.7849999999;5823930.345;1
-106059890#1;790815.7;5823024.52;2
-1057131743;799384.31;5826177.15;1
-142161211#2;795277.1499999999;5823967.265000001;2
-145149711#3;804350.29;5819940.225;1
-145149711#1;804527.55;5820247.99;2
-28581614;789757.49;5815238.285;1
-145149711#2;804439.04;5820093.74;1
-1058159952;796964.51;5836132.085;1
-4824902#3;809588.355;5826047.835;1
4613308#0;799137.475;5828462.375;1
550339188;801767.825;5820663.505;2
-30932047#2;789914.88;5841296.47;1
-264953652;820516.85;5819158.18;1
-169755111#1;797505.77;5822596.1;1
-169755111#2;797590.38;5822580.445;1
1099494648#0;812130.415;5831252.775;3
-7998422#1;812261.885;5829225.984999999;1
-37137864;808911.205;5814274.865;2
-9934291#2;794410.3999999999;5819495.9350000005;1
-11644300#1;806645.05;5832264.9399999995;1
-103844045;795442.0900000001;5823561.255000001;1
-4606263#0;799679.365;5829577.675;1
5134017#0;785283.0;5830859.71;1
-32486561#0;794029.085;5820706.74;1
40155259#1;812161.9099999999;5831183.635;2
-137318565#3;811631.135;5827573.295;1
-839957128;802286.125;5821724.59;1
-4556844;792459.3400000001;5827282.904999999;1
-43198119;785900.605;5832387.5600000005;1
-4556841;792357.1;5827411.09;2
192464201;793571.185;5820486.109999999;1
-14674289#2;807173.145;5816960.705;2
-14674289#1;807092.77;5816928.795;1
-1101200605#1;790947.225;5826773.734999999;1
-24583470#1;817223.845;5818070.03;1
-4609213#0;784351.1000000001;5827376.545;1
30144107;796732.45;5817551.27;1
-4520015#1;791060.03;5820675.755;1
23049239#2;790657.42;5835531.505;1
-463503938#1;797719.2050000001;5820918.76;1
23049239#0;790640.6100000001;5835641.96;1
-175916637;803396.005;5831368.13;1
27417231#1;785281.8200000001;5816796.6850000005;2
-85806303#0;781769.49;5815817.68;3
-42990107;802727.98;5833894.945;1
4442080#0;793919.5800000001;5823179.6;1
-84683943;803461.23;5822598.470000001;1
-1100946910;798246.345;5824242.109999999;1
-85806303#1;781803.06;5815874.925000001;4
-8792775;790409.875;5824872.545;3
-14439722#2;810142.46;5834454.805;1
-25491903#1;804966.73;5819054.529999999;1
-1019706664#0;809705.36;5834117.695;1
1047414364;807175.7649999999;5824696.35;2
-24033655#1;783553.9299999999;5822116.5649999995;2
-18495780;801446.415;5822644.779999999;2
-24033655#5;783239.535;5821649.4350000005;8
-24033655#4;783406.1799999999;5821885.515000001;2
-406741940;781556.6399999999;5815544.41;2
-169076546#0;812681.4650000001;5819428.845000001;1
-233634331;813910.61;5828286.8149999995;2
-42990135;801914.7949999999;5821641.720000001;1
-760803014#2;783864.38;5827898.05;3
-824251626#2;812171.895;5824828.76;1
30243828#0;790448.14;5818463.005000001;2
216169544#0;806289.72;5820960.29;1
-1006784427;800264.08;5822183.25;1
-4611779;797931.06;5825806.555;1
1026172404;800373.515;5827454.275;1
-32426064#0;795501.79;5837362.015;4
-1097421915#0;808703.78;5834050.945;1
-26222958;807014.475;5832404.72;3
-150057236#4;797943.9299999999;5819375.305;1
-4611773;797860.735;5826666.654999999;1
-4611774;797740.02;5826546.835000001;1
-25491786#1;803068.29;5818032.640000001;1
-141861272;783098.715;5816931.3149999995;5
-24534606#1;783375.1;5821410.415;2
333626097#0;790415.04;5834791.33;1
30699231;799329.4;5820241.1;1
-846959754;810532.085;5826147.43;1
-1062321805;807501.1950000001;5824801.0;1
-593504922#0;801752.9199999999;5831048.215;1
-23532795#3;812019.59;5817121.609999999;3
-24297564;814197.05;5828151.6850000005;1
-1083346216#0;801481.095;5827729.165;1
-1079249169;810279.79;5834033.055;1
-14476884;790430.495;5817347.3;1
-391678055;800810.14;5822277.8100000005;2
-50373272;785119.825;5829934.775;1
-5786177#0;795118.105;5824671.715;2
42739062#0;804917.925;5829961.64;1
-4611867#1;797051.0;5826259.605;1
-44039305;811682.31;5820323.205;1
28102800;810495.375;5827962.91;1
-22650543#3;812295.85;5824030.09;1
-290721523#3;794290.135;5834664.79;1
-506336973;814920.21;5829321.915;1
-22650543#2;812167.455;5824112.01;1
4463797;809805.5800000001;5815639.984999999;1
-7617392#1;807341.05;5828323.995;1
-153947923;804545.9099999999;5815752.215;1
-129207712;802449.06;5828615.68;1
-216974029;790084.905;5819965.65;1
-153698413;797273.9299999999;5827765.67;1
1112702299#1;789353.2949999999;5827511.404999999;1
-142594115;792839.56;5820630.375;1
-4357822#2;796242.8600000001;5823869.035;2
-912458417;789393.7849999999;5816596.255;1
-169076530;814022.2649999999;5818612.42;18
-148521790#1;790798.815;5819494.765;1
-4846124#0;810615.49;5814293.515000001;1
-24204522#1;813549.655;5828943.725;1
28426613;794778.52;5836886.92;2
-23008698;802867.115;5832158.11;1
-51423079#1;805446.855;5828148.33;1
-25638765;810192.15;5833387.744999999;5
-1096656032#0;804997.885;5830877.295;1
-4777074#0;799206.56;5835513.005;2
-38725490;802746.375;5822164.244999999;2
-32395478#2;819118.915;5820066.050000001;1
-4610480;798254.1799999999;5827910.029999999;2
-32008925#0;795641.6000000001;5831618.88;2
-24803866;785468.05;5831586.76;1
-40520575#1;804901.34;5830539.984999999;1
-42063768;811702.12;5820457.24;1
-4788466#0;805602.0700000001;5834086.445;2
-5046359#0;786880.6799999999;5833105.025;2
-1061048318#1;806299.6599999999;5823934.79;1
-26337574#1;812376.545;5817707.29;1
-1089983350;808344.795;5825290.904999999;2
24204698;811535.03;5828325.8149999995;1
-24518411#1;811056.975;5826183.225;1
4631716;799999.8;5832067.3149999995;1
-318210391#2;807559.395;5817750.64;1
-4535461#1;793814.6950000001;5822578.8100000005;1
-142062901#0;801384.595;5833504.625;1
-1045102859#2;799715.2849999999;5836096.345000001;2
-223740858#0;787396.05;5836394.390000001;1
-1119479126;795479.76;5821336.545;4
-1045102859#1;799630.585;5836167.9;1
-142062901#2;801548.825;5833465.495;1
23389941#1;787675.1100000001;5830234.835000001;2
-86571257#12;807442.35;5821694.665;1
-25416903;790134.605;5814860.81;1
-1120450838;787402.9650000001;5826305.225;6
-25367772;807716.4450000001;5821321.265000001;1
-53621044#0;800038.21;5832737.595000001;3
-25367773;807472.1399999999;5821312.4350000005;1
4596955;793922.285;5830836.92;1
-25367771;808331.23;5821586.640000001;1
4596956;793796.7949999999;5830673.699999999;2
41954398#0;800142.5549999999;5830129.245;1
-4535354#1;793534.8;5822843.895;1
-23985376;794694.595;5818267.135;1
-40158596#2;802350.72;5832454.135;1
-4581761;788099.385;5826993.91;4
-4777336#3;798167.5;5835063.865;2
-176273226#0;797649.6;5833306.28;1
-224708644;782049.485;5820074.455;1
-224708645;782089.755;5820126.109999999;1
-1120450829;787913.29;5826555.515;2
-182620302;800253.54;5828887.195;1
-437114083;802209.56;5819770.725;1
-4745684#4;790523.9550000001;5823415.255;1
-22956754#0;784913.7250000001;5831719.32;1
-437114082;802434.49;5819709.43;1
-22956754#1;784901.895;5831431.48;1
-376878302;819820.735;5818685.92;2
-23410060#0;782942.15;5830796.35;1
-5000125#2;781648.85;5829752.64;3
-159515426#0;810316.0800000001;5820488.13;1
-4632781#3;797583.7849999999;5831769.35;2
-623193982#2;803744.595;5827716.37;1
-22749852#0;808071.3049999999;5823799.16;3
-22749852#1;808220.115;5823684.515;2
-1101083333#1;793539.075;5826225.67;1
-27865404#1;780675.73;5818621.705;1
-27527966;808704.3;5825804.195;1
-27865404#0;780896.385;5818758.305;2
-23410060#2;782859.105;5830550.0;1
388188274;816990.3500000001;5817112.275;2
-22375633#1;787448.77;5827543.975;1
-874650461#3;793983.795;5820425.62;1
-35576802#2;785629.88;5828564.380000001;1
-156579487#4;798010.5800000001;5818345.825;1
-118635982#1;798195.37;5820495.880000001;1
-28825347;782631.49;5816732.15;3
-156579487#5;798177.4550000001;5818356.68;2
655436885;806582.355;5828024.324999999;1
4436880#3;794794.425;5825555.98;1
-4491980#1;794406.255;5825736.43;1
-1017581473;803242.935;5837839.855;1
-1017581474;803101.585;5837750.08;1
-631832659;793265.965;5818828.3;1
-81283582;810390.275;5815897.720000001;1
-1099625182#1;785932.255;5838750.29;1
-137685684#2;788935.585;5822344.715;24
190130433;800078.4199999999;5834505.385;1
30150694#1;811534.24;5831920.869999999;1
-153617368#4;800448.23;5814320.31;1
-1120450845;786915.78;5825881.779999999;1
1119386143#1;805690.4550000001;5824102.04;1
-148521799;790495.7849999999;5818732.58;1
-379754345#1;799235.29;5818006.47;1
-32882577#0;793851.155;5833414.92;2
-1055112019;800365.15;5828174.005000001;1
-479144281#0;811963.5449999999;5829881.475;1
4696102#0;808976.11;5833553.08;1
-32882577#3;793544.875;5833245.595;2
-176621935;791225.9750000001;5826417.355;1
-630987121#1;810954.515;5818412.15;1
-37851129#0;806235.2949999999;5823470.615;1
-987032897;809699.58;5828917.555;1
-9932086;783723.9099999999;5828529.555;4
-22940977;811989.11;5823474.3;9
-1095082967;805640.97;5830316.404999999;1
-8873203#1;791119.29;5835207.984999999;1
-176753760#1;799757.715;5836578.8149999995;2
167410407#0;800521.73;5832754.425000001;1
-23720975#5;792391.56;5828252.67;1
167410407#1;800458.385;5832446.175000001;1
-618834389;808248.575;5824504.415;3
1106101614#3;788948.775;5827112.265000001;1
-27057898;786441.785;5831537.385;2
191989791#2;788763.8300000001;5817864.275;1
-40155263#0;813088.44;5831355.905;1
-4375670#1;791388.425;5825473.7;1
-1020756737;810836.77;5830983.050000001;1
-833631560#1;803878.015;5822495.215;1
-420789825;796990.845;5819478.165;1
-25751058;812989.9550000001;5825840.6;1
-4618782#0;796695.97;5825913.785;2
-176753760#5;799847.69;5836865.605;1
-20162711#1;789124.205;5825753.575;2
-176019867#1;807861.265;5821624.92;1
-55495482#0;796746.0700000001;5826930.505;1
-1098142662;810633.765;5826997.029999999;1
405711264#2;786953.265;5817127.515000001;1
1101202706#0;791358.895;5834210.539999999;1
-380162920;795284.44;5829427.875;1
152046245#0;806709.155;5822696.615;1
-931247567;793286.705;5836620.1899999995;2
-931247566;792224.5;5838237.26;1
-71960718#0;807899.185;5816413.58;4
-323528078;782429.645;5829459.654999999;1
-1125941440;793252.315;5821310.37;1
-1047792599;804241.525;5833142.445;2
-208295169;804585.14;5842508.0600000005;3
-518889332;790292.385;5837672.640000001;16
-22375633#0;787345.0;5827485.109999999;1
-175916604;811858.435;5831329.215;1
-518889336;790248.63;5837476.395;9
-1089397353;806815.0700000001;5825803.93;1
-4581781#2;794544.04;5831916.145;1
-13861133;791360.98;5829869.574999999;3
-723084570#1;789546.145;5818948.42;1
56473166#1;806556.6950000001;5828676.215;1
-191731514#0;796108.85;5833165.4399999995;1
-153604237#0;800189.365;5813759.665;1
-76236116#1;802187.145;5836895.585000001;1
4596965;795982.0549999999;5832234.505000001;2
-76236116#0;802364.19;5836852.66;2
-1014229941;810175.73;5819580.135;2
144974343#0;793794.6699999999;5830676.255;1
-951680507;791772.605;5824092.665;1
-4585082#2;795419.1950000001;5821780.8;1
-4810830;783380.87;5815553.655;29
-24018776;781145.53;5822607.215;12
-4585082#0;795374.62;5822104.595000001;1
-4403526#1;796888.9550000001;5828048.609999999;3
-95843552#0;782415.96;5815068.605;5
-22617487#1;813626.85;5825832.494999999;1
-42778387;796151.57;5834383.335;1
-969212949;795617.1100000001;5836950.96;1
963588749#0;800628.9299999999;5830680.984999999;1
181088810#0;789040.9750000001;5827012.825;1
-38416188;816659.35;5809322.51;2
44697841;782898.735;5817020.145;8
-6014500#0;805186.565;5829415.755;1
-19794870#1;795658.22;5816936.880000001;1
-4536945#6;794874.575;5820924.765000001;1
431551302;805775.1950000001;5824392.475;4
-4536945#7;795070.1599999999;5820953.45;2
31002708#4;802596.485;5820314.395;1
-758601425;787643.97;5819289.904999999;1
31002708#2;802526.05;5820523.359999999;1
-136814133;793075.37;5827676.52;1
-1047410447;807169.815;5824343.405;1
266580486;800580.625;5833057.275;1
1110258891;796740.5700000001;5827966.675;1
-4827473#0;801731.72;5821231.01;1
-701301673;795681.6499999999;5829881.07;1
-599015938#0;810294.78;5824371.095000001;3
-905440379;787137.245;5818403.42;1
-175585609;798137.36;5833401.609999999;1
-16308639;799684.625;5838338.07;1
-9656107#0;819982.36;5820885.529999999;2
-4603350;797613.8899999999;5831506.914999999;1
-1103167081;785881.425;5829312.53;3
-43762890#0;804586.5800000001;5831499.18;2
-135777010#0;807173.8200000001;5818592.609999999;1
-1102323795#1;791396.9199999999;5827060.49;1
333893474;812086.4;5820969.525;2
-135777010#3;807484.675;5819190.71;2
-27138086;803522.785;5819177.125;1
-135777010#1;807199.505;5818884.449999999;3
-24837127;791975.23;5827666.609999999;1
-85637556#0;799045.175;5817262.59;1
-24205510;815664.865;5829603.6;1
4526218;797847.61;5820644.23;2
152343392#0;795514.19;5825127.1850000005;1
-176089780#0;798237.8300000001;5817776.904999999;2
-28497262#2;796029.3200000001;5825263.73;1
-257548790#0;802196.73;5836787.37;1
-394353788#0;781815.55;5831678.994999999;5
-4615326;800509.735;5831142.695;1
-477583389;786420.09;5829921.015;4
-683513744#0;799824.13;5825306.234999999;1
-4410415;792299.7250000001;5828660.6850000005;3
-21278814#1;787385.9550000001;5837421.02;1
-153959906#0;804858.175;5818016.72;1
-1109655169#0;783306.86;5827689.345;1
-235130881#2;791136.025;5836930.0600000005;1
-182674122;797807.405;5830987.8;1
-5009062;779894.2150000001;5829899.07;1
-1125735301#0;794384.165;5822829.0;1
-23540707;780934.875;5834917.52;11
-89863912;781621.015;5814108.984999999;2
-107747046;799739.865;5826784.645;1
-918855674;799111.485;5813010.665;3
-477583390;786657.58;5829865.535;1
-16857794#0;788875.35;5839775.3100000005;1
-4687603#3;804220.62;5827879.355;1
-67354781#0;789083.735;5816036.65;1
-72175214;788541.6599999999;5826924.3100000005;1
-21258903#1;794152.0349999999;5834490.535;1
-8655377#2;809260.065;5828138.655;1
-172421119#0;798768.855;5826707.505;1
-4615340;800832.845;5830684.705;1
326265133#0;795340.9650000001;5818468.1;1
-560476188;799076.01;5831341.140000001;1
-148331035#0;794330.775;5818408.07;1
-4606156#0;798602.22;5831310.925000001;1
-24837180;789183.745;5826997.6850000005;1
-673317332#1;803099.65;5825692.62;1
-51827008#2;792230.345;5838514.155;1
-824553939#3;803072.4450000001;5822362.985;1
-152258282#0;818996.2150000001;5819894.164999999;1
-152258425#1;818498.21;5819997.93;1
-330929802;807507.815;5821029.15;1
-148331035#5;794923.3400000001;5818703.955;1
-403449586#0;811371.975;5819807.785;1
-241824024#2;803471.745;5839459.795;1
-10993994#0;804040.56;5839059.42;1
393549635#2;796538.02;5815683.02;1
-241824024#0;803426.8;5839375.52;1
-269298097;782932.01;5817407.125;19
-4610140#1;796485.4;5832478.34;1
1009799542#0;791522.1799999999;5828100.805;1
-897363744#0;816458.615;5817545.83;1
-4557339#3;806965.0249999999;5822100.18;1
-23386954#6;781858.875;5830841.49;1
-23386954#7;781968.0900000001;5830815.234999999;1
322543977;792331.18;5823552.375;1
-56096800#0;796390.8200000001;5834242.76;1
-1088103309#2;812418.94;5829624.745;1
-1112201501;810407.3049999999;5824837.17;1
-904951277#3;789691.4450000001;5823246.9;2
-150256319#2;795036.915;5822309.07;1
-489869811#0;805230.8999999999;5826898.725;1
-1094234064#1;801104.54;5830044.7;1
-1112201505;810510.1950000001;5825423.525;1
-10940606;803959.585;5840822.515000001;1
-1094234064#0;801023.54;5830094.800000001;1
-815565987;787708.64;5827692.655;2
-837200667#0;800649.025;5821235.46;1
-899453865;804484.44;5823771.755;4
-44277783;793541.425;5830213.495;7
-14439904;810200.4450000001;5834133.484999999;1
322543966;791336.1699999999;5824560.015000001;1
-1096664770;800517.715;5828005.8100000005;1
-11022844#0;803570.48;5839038.445;1
-155594970#0;804894.845;5823120.365;5
877818623#1;797700.24;5838005.38;7
-155594970#1;804631.085;5823539.295;1
-567604389;802900.46;5826564.5649999995;1
322543963;798825.06;5821938.37;1
-904951277#6;789892.835;5823096.415;1
-27138030;803439.005;5819439.455;1
-16374393#2;797614.37;5826826.835000001;1
-4581787;794756.87;5831563.475;2
-1081727209;801744.065;5826680.925;1
-4581785;794430.76;5831884.675000001;1
-16237666;802665.8799999999;5836961.414999999;1
-76212441;797011.29;5828086.76;1
322543955;798475.04;5822119.66;16
-978064512;808382.405;5821632.3149999995;1
-156346043#0;802184.3049999999;5818202.4399999995;3
-478048069;796991.27;5835832.845000001;1
322543954;790973.265;5824808.1850000005;1
10749434;794917.9299999999;5823486.345000001;1
-111265282#2;781267.44;5830834.7;1
-449209130;791920.0;5837833.5;1
4475444#0;793327.4199999999;5818704.56;1
-33078336#0;787371.6;5817663.48;1
31963498#0;799180.655;5821726.985;1
-149488402;805029.4850000001;5819082.045;2
-102486231#2;795814.2;5821749.41;18
-19828561;799171.76;5821423.529999999;2
156597532#1;799527.84;5820671.305;3
-419014887;782632.5249999999;5826962.4399999995;1
299132392#0;800355.8;5828450.785;1
148093699#0;793345.4650000001;5816259.470000001;1
-4777038;799889.4950000001;5836155.7;2
169201615;797103.845;5822323.85;1
446633532#0;793744.2350000001;5823961.585;1
-24229551;816486.6799999999;5817884.715;11
-837312998;791167.865;5835841.029999999;1
-8084128#1;801731.77;5829364.59;1
-54633568;805844.7749999999;5820065.97;1
19791246;804251.2949999999;5819809.215;1
-156346080#3;799666.8049999999;5817641.51;1
-44037598#1;811977.17;5826588.295;4
-4597200;797260.9550000001;5829205.85;1
-4597201;797366.9450000001;5829207.585;1
-103453524#1;791550.415;5829734.67;1
-153372294;795188.61;5826495.63;1
-98410017;805015.8400000001;5841254.369999999;8
1083487488#0;801783.225;5827779.98;2
-952617537;811622.24;5830051.605;1
28275759#0;806029.005;5828752.640000001;3
-4583366#0;795092.935;5824278.895;1
-138988452;794842.26;5834552.795;5
-493286731;785729.345;5831042.23;1
-1086219255#0;814991.935;5829764.0649999995;1
-176753739;803723.31;5834366.175;1
-198941802;804849.29;5825472.67;3
-14117217;805375.665;5842066.055;1
-1081404951;804975.925;5830101.245;1
-1081404952;804900.8999999999;5830193.76;1
-198585468#2;805109.72;5826090.0600000005;1
-140647708#0;807052.77;5822186.165;1
-837376159;804200.5549999999;5822982.67;1
-597495146#1;792417.165;5816918.0;1
-48992255#4;796709.06;5821971.74;3
-24159590#0;811893.095;5829639.525;1
-371851634;817724.685;5820906.7;22
330951956#0;790079.52;5829153.615;1
-328465413#0;780395.64;5828161.81;1
-157390073;796481.345;5827499.085;1
31095240;806550.025;5821644.5649999995;1
351531748#0;813175.005;5827196.615;1
4493111#0;799071.785;5821782.37;1
-338690998;790302.395;5827719.970000001;1
-814842628;794307.6;5824309.16;1
-148664975#2;791222.17;5818458.140000001;1
-183982273#0;799537.7;5829999.970000001;1
-1115471927;810796.675;5828942.9399999995;1
-145586618#1;806866.1100000001;5820396.895;1
-23558983;813052.38;5823411.075;8
-4537080#1;792784.845;5832895.29;1
-4912466#0;812002.44;5816415.08;2
-4912466#1;812085.4199999999;5816480.595;1
-145586618#4;806789.175;5820330.945;1
-20397093#0;815490.4199999999;5814473.46;1
28661796#1;790707.465;5829064.6;1
-4777277#2;797805.58;5835472.05;1
-20397093#1;815430.7050000001;5814235.295;1
-4777277#8;798021.49;5834844.67;1
-345754465#0;785045.075;5824334.795;2
-1085775716#5;786996.065;5817324.795;1
-1102182304;785789.25;5837171.925000001;1
-24518516;810502.2050000001;5825813.34;1
238990252#0;805692.265;5822045.105;6
-4396420#2;791854.815;5825635.8149999995;1
14851818#0;791851.3300000001;5819362.46;1
-23558770#2;812775.38;5825147.25;1
-4396420#5;791852.23;5825471.859999999;1
-156350662#0;799503.6599999999;5819038.38;4
-1118592385#1;801001.405;5813184.645;1
4397826;793211.7;5829626.6;1
52877218#0;793943.315;5834595.5649999995;1
-160578058#0;787339.605;5838828.005;2
-160578058#1;787224.51;5838966.73;1
29490504#0;790388.53;5820877.115;1
142367148#1;796152.5449999999;5819817.51;1
-160578058#2;787147.5149999999;5839037.945;4
-151465278;812917.76;5827635.5;1
-160578058#3;787030.11;5839129.6899999995;2
-147555504#1;803936.095;5839679.73;1
-4546470#2;794546.96;5833288.305;1
-1091263978;808147.415;5826019.165;3
-952967072#0;809054.415;5828789.595000001;2
-962933573;817697.12;5816593.895;1
-4777085;798444.295;5835078.865;1
-9933152#3;783269.04;5827825.57;2
-4777086;798635.135;5835360.475;1
-1086341295;812815.98;5830670.91;2
-845476765#1;800312.02;5825099.52;1
-25296253#1;800757.325;5836980.395;4
-632065761;797933.58;5826377.96;1
30243829#0;790229.545;5818329.505000001;1
-260757211#0;814067.7949999999;5813236.885;8
30243829#2;789926.65;5818077.665;1
-4663104#6;799603.685;5815980.93;1
-194656605#4;804371.645;5821708.4399999995;1
30243829#6;789735.9199999999;5817974.21;1
-4663104#0;799801.875;5815504.02;1
151820516;790300.6599999999;5825186.43;2
-38763677;789031.99;5827851.76;3
-53562901#3;791428.91;5836435.779999999;1
-53562901#0;791245.46;5836890.195;1
-53562901#1;791352.915;5836624.445;1
-1097421914#2;808541.435;5834010.795;1
-778654456;797341.855;5822605.05;1
-145671826#0;797116.375;5836443.65;4
-145671826#1;797204.475;5836406.1;1
-389530551#1;798927.025;5833465.7;1
-389530551#0;798887.65;5833554.279999999;1
328638904#0;795891.435;5818094.75;1
-727313946#7;792312.115;5837240.505;2
4538077;787651.7;5837737.64;5
24802099#1;791257.92;5833085.574999999;3
823947550#0;792147.2949999999;5826108.51;1
-28819512#8;790585.55;5817600.3149999995;1
-389273282;816483.06;5809359.09;1
-4603196#1;796277.5349999999;5831329.880000001;1
-332561057#2;792436.59;5837809.3100000005;1
-4597252;798063.235;5829818.015000001;1
485186213#1;792292.39;5835019.029999999;1
-154749362#1;804264.61;5820698.855;4
-154749362#2;804148.3049999999;5820541.495;1
-51433882#4;790894.71;5816820.484999999;1
-875860588#0;799224.24;5830739.99;1
1123020832;798931.155;5825306.48;1
-33116082;780098.4299999999;5818360.75;6
-25515041;780728.36;5819870.47;1
434582207#0;801209.51;5820619.525;1
-24213650#1;804692.47;5839442.52;2
-33234956;806529.63;5820105.685;2
-332561057#9;793185.855;5838080.54;2
-1077428691#0;810333.115;5822586.6850000005;1
-156346058#1;800449.4099999999;5816937.025;1
-70130312;805819.99;5819055.0;1
-4789055;802037.22;5828398.074999999;1
-151627024#1;811634.2649999999;5815967.355;2
-151618244#5;797388.135;5819874.635;1
-4463423#0;786883.28;5817959.505;1
-4463423#3;786988.0449999999;5817670.715;1
-4396816#2;795564.375;5829439.525;2
-25968134;801276.155;5823175.904999999;2
30144027#0;794679.26;5820046.6899999995;1
-151618244#0;796910.7;5819674.775;2
-4396816#5;795776.7150000001;5829083.38;6
-4396816#6;795918.4299999999;5828843.385;1
-536468553;809221.93;5831949.47;1
-10774833#2;812576.605;5830890.415;1
404580764#0;796978.535;5815670.895;1
-1107425767#2;794479.94;5831512.76;1
1117795451;802669.225;5818106.3100000005;1
-22956637;784612.26;5831503.5600000005;1
-317948766#2;783638.3799999999;5826823.645;5
-42689612;796977.17;5836308.01;1
-387291850;794837.24;5818451.365;1
-25771194#0;804706.7;5827887.405;1
-853248692;807719.7050000001;5820730.355;1
-4531424;794432.21;5825332.54;1
-153879654#5;817925.165;5817033.845000001;2
-4377781#2;793313.425;5826282.0;1
-4543407;793629.8899999999;5828326.8149999995;1
29239824;800918.9450000001;5828516.58;1
319492883#0;793884.7849999999;5824914.775;1
-4543406;793431.63;5828372.98;1
-824251625#1;812120.115;5824940.575;1
-4517116;791773.31;5827613.59;1
-19784006#0;797156.155;5816392.035;1
-66071383#3;798707.06;5825853.045;3
-11015789;803197.21;5838469.03;1
-1090997276;809050.3200000001;5832205.5;1
154043349;796520.885;5827963.005;1
-286062669;781441.44;5828808.24;2
-22888470#0;819894.06;5818490.26;1
-156314744;797812.63;5824441.125;2
-39496179#0;789330.885;5840174.09;1
-153608634#1;800942.2949999999;5813439.525;1
4606677;791044.615;5830868.1;1
-163379149;801419.2;5822967.27;1
23547073;794916.2;5838998.805;3
-1055085509;801576.485;5827245.035;2
-1078983582#5;791641.095;5822519.115;1
-467184791#2;789517.375;5817741.125;1
-28218854;793260.74;5823660.635;1
-1106303945;794452.395;5829902.425;4
-24583482#0;816034.315;5817302.9399999995;2
-16274784;792267.3049999999;5816448.91;2
-151237831#0;813928.925;5820890.41;3
-24004628#2;783579.755;5822847.02;2
-24004628#3;783168.02;5822804.43;6
151621386#1;798520.575;5820501.359999999;1
167410408#0;800583.665;5832984.8149999995;1
-338078854#0;801245.0800000001;5820992.7;1
-43718900;801474.52;5838847.765000001;3
-4611886;796897.12;5826322.82;2
-5000363#6;783814.755;5828689.665;2
-5000363#9;784188.6599999999;5828707.8;2
-4609212#1;785008.9099999999;5827568.575;1
-5000363#1;783550.01;5828657.16;1
328408595#0;785981.0;5828011.16;1
-1119769232;793664.755;5832608.300000001;2
1113112107#0;793796.985;5825843.075;1
-25705166#0;801063.01;5832510.27;1
-965429252#1;795938.72;5838691.245;2
-21598520#2;807160.065;5822341.695;2
-22617301;813120.85;5826265.35;1
-1110408251#1;794287.045;5819477.859999999;1
-4434001#0;796990.985;5821873.324999999;1
-4765679#0;793666.125;5835866.125;1
963078070#0;798750.87;5831790.529999999;1
-4765679#1;793835.775;5835705.75;2
-138624469#2;806756.975;5818899.654999999;3
-151742447#0;807476.88;5816529.390000001;1
-1122765074#0;794542.135;5821292.4399999995;1
-36940514;789955.505;5842583.525;2
151043141#0;793461.625;5820204.135;1
-28273682;797344.02;5832046.795;1
-175916784;800990.685;5829164.715;1
-14455092#1;782168.135;5830040.984999999;3
-175916608#2;811839.185;5831431.164999999;1
-144063858;786805.635;5832710.859999999;1
-4645236;791117.8500000001;5835021.615;1
-231540156;785900.905;5837618.55;1
-156579474;798924.6499999999;5818960.97;1
-151465269;810909.16;5827986.359999999;1
-151465268;813114.76;5826492.904999999;1
-277671062#3;786378.78;5836972.655;1
-156579477;798090.495;5818438.1850000005;1
-4068164#3;786832.855;5816638.535;1
-4687128#1;803700.6699999999;5828481.390000001;3
-22721682#1;803942.31;5819359.865;1
-4645230;791170.11;5835087.905;1
-149849317;797430.74;5816492.17;1
-133506675#1;795921.38;5820392.72;1
-1070246576;797804.76;5824596.24;1
-58600268#1;780109.8200000001;5829374.154999999;2
-308319510;803326.105;5841885.115;7
-1076056354;799813.16;5827886.26;1
-103500282;791698.105;5818514.2;1
-142061202#4;801598.7649999999;5833806.08;1
-4597039#1;797539.29;5830282.13;1
-906729962;810488.445;5830956.0600000005;6
-231407503;810066.725;5823464.035;1
1101202130#0;795462.675;5830671.195;1
-1058154242#1;797034.3500000001;5836481.73;1
-604320397#2;797734.4199999999;5821181.385;1
1100788810#2;793214.235;5825628.970000001;1
-4716396#0;799842.585;5821177.984999999;1
-308319504;803686.655;5840953.655;4
-28855113;789731.9550000001;5834641.29;1
-344108080;800444.0549999999;5836935.37;1
-24928447;808571.8049999999;5832183.48;2
4617307;796044.9450000001;5819954.64;2
316318943#0;810309.325;5827086.225;1
-9188882;801750.335;5824006.905;1
-27959249;806794.915;5827750.22;2
-15388188;796391.78;5825310.705;1
145586612#0;807220.6699999999;5824571.885;1
413337261#3;793365.9550000001;5823658.45;1
461514282;808851.36;5818944.76;1
154381209;805221.095;5827716.12;1
-176753751;799916.38;5836312.695;1
154381207;800210.84;5826500.275;1
-176753753;801946.4299999999;5836006.015000001;2
-25811878#5;812787.565;5823634.36;1
-1101405300;798134.94;5829525.43;1
30962287#6;799068.6950000001;5816713.285;1
-1007350314#2;806852.3600000001;5832571.015;1
284048090;792435.94;5823799.505;1
-25814990;802449.63;5831020.67;2
-166854945;809858.855;5825846.355;1
-5003444#1;781109.075;5828362.3;2
-156579486#3;798325.17;5818095.664999999;2
1101406285#2;795290.9550000001;5824385.22;1
-19402943;804627.96;5822624.15;1
-172920331;797661.92;5830261.1899999995;1
-28402260#1;797599.435;5826467.8100000005;1
172242937#0;803182.085;5817366.9350000005;2
-1087160483;811834.54;5824178.33;1
-4592305;794202.615;5830000.85;1
-834775952;792466.31;5823097.5649999995;2
-176037630#0;798807.105;5817779.165;1
-151353915;797913.855;5820904.255;2
-156579486#0;798027.525;5818033.345;1
-298716470;791329.1950000001;5824846.095000001;1
-27990095;808430.33;5826104.005;2
-24856732#0;811237.91;5826195.109999999;5
-4764886#1;795874.95;5834956.475;1
-152258306#1;820146.2949999999;5819311.525;1
-23141498#0;810250.2350000001;5831380.525;1
-29490992;792185.245;5822016.125;2
-22650545#0;811992.24;5824432.675;1
-365829349;803636.1;5842375.345000001;9
-11143242#1;804395.405;5841948.625;1
4680224#0;794297.725;5820271.15;1
-132576695;805384.27;5834446.515000001;1
-279542287;810182.175;5822829.6;2
-172219122;800986.8300000001;5825146.33;2
-23557703#0;812159.3049999999;5817800.949999999;2
-26411091#2;809370.16;5827232.405;1
-1087160471;811715.56;5824261.895;1
-101290096#0;793251.0700000001;5821702.24;1
-24514939;795313.275;5825075.300000001;1
377644583#0;796060.755;5831306.24;1
-1056122499#2;791878.39;5824733.51;1
-285223013;788491.0049999999;5819135.08;1
148709865#0;799156.9550000001;5830509.63;1
-869080709;808153.65;5824775.08;2
238053690#0;809950.025;5820448.45;1
-156579520;799304.79;5818425.99;1
4684110;801672.625;5836309.05;1
-1093907204;799570.32;5831681.265;1
-152258283#0;818401.705;5819899.17;1
-31623907;804704.145;5835748.1899999995;15
-16266681#1;801433.88;5837776.890000001;1
-37031343#7;798190.36;5835326.295;1
-4765928#4;791831.5249999999;5835675.165;3
303118032;810400.47;5817525.07;5
-23545615#1;796825.765;5839846.43;1
-4323788#2;784663.835;5817453.234999999;1
-175736250#1;779861.37;5820696.02;1
-45316608;804146.4450000001;5821666.775;3
-194802936;795502.2150000001;5820179.515000001;1
-24518485#0;810772.3200000001;5825732.705;1
-148614170#0;811187.78;5820028.720000001;1
30150682#1;809244.595;5834085.574999999;1
-558880600;794387.51;5823664.470000001;1
28658327#1;791840.59;5826101.515000001;1
-1110734771#1;820121.5549999999;5816152.025;7
137928863;784130.0800000001;5815875.35;1
-63832360#0;779564.98;5827650.4;1
541295978#0;797623.06;5828283.970000001;1
-57743468;793925.1699999999;5838291.0600000005;1
192487125#0;806569.435;5827338.845000001;1
-25432262;799673.13;5833142.405;1
-1087160458;811618.39;5824331.895;1
-860195534;811023.775;5825842.98;1
37342201#0;811355.77;5829983.49;1
-151353924;797614.7150000001;5821556.115;1
110667040;794316.97;5830463.300000001;3
-440866906;803951.12;5832887.885;2
-361226211;803713.905;5827834.525;1
-23984152;794439.375;5818060.734999999;1
19605969;786935.0;5829606.3149999995;1
303118029;810564.52;5817443.824999999;1
-270614028;779776.865;5829973.515000001;1
-1093907208;799531.5149999999;5831581.09;1
-57743469;793793.865;5838456.475;1
-151353921;796765.6799999999;5820574.375;1
-156579500;797660.405;5818187.46;1
145149735;805606.4299999999;5822113.23;1
-145671810;799056.78;5837010.535;1
-19402906;804405.5800000001;5822610.995;2
-152354694#0;808502.72;5816527.289999999;1
-638236411#10;803942.925;5830456.91;3
32909782#0;792493.775;5826708.35;2
-152466469#0;808924.105;5817543.01;1
461840225;798156.66;5818904.9;1
-680392624;813927.415;5825762.425;2
-928738659#1;808078.325;5830496.855;1
-680392623;813095.815;5826123.805;1
-25721119;812738.655;5826531.6;2
-1080946505#1;812674.1;5830474.23;1
-860151161#0;801664.4099999999;5824347.005;2
-1093094003;795726.455;5815153.275;3
-25814981#0;812301.35;5820127.015000001;1
-33079951#1;789658.415;5820069.52;1
-278500217#0;809864.865;5818210.25;1
1094514623#0;801565.8999999999;5830180.635;1
-1055187502;797892.53;5830646.165;2
-278500217#1;810136.42;5818279.34;3
-33079951#2;789625.23;5819973.41;1
429537268#0;803562.525;5829706.800000001;1
-27717033;780883.905;5828692.3100000005;1
-20397089;815374.2250000001;5815110.33;7
148565635#0;793994.015;5823555.72;1
-1055187503;797892.3;5830098.205;1
-4797962#1;784482.25;5830452.525;1
-13220760#1;789482.4299999999;5824814.15;1
624116234;804060.28;5832335.49;1
153021545;807644.7250000001;5820154.155;13
-1091087765;808785.31;5830312.48;1
23814654;803158.04;5828910.99;1
-24403270#0;787034.6499999999;5834441.975;1
-154689083;799058.0900000001;5816092.7;1
-290255259#0;808339.165;5825444.84;1
-1054785327;799775.1399999999;5829942.07;1
-458420167#0;808470.3999999999;5827695.140000001;1
-69554067;788123.9550000001;5824969.765000001;69
-148614183#1;812994.73;5821563.535;1
340727847#0;801648.11;5830809.77;1
-928738659#3;808011.01;5830330.545;1
-148614183#0;813145.37;5821674.045;1
-28536387;801843.81;5828836.095000001;1
-4585081#1;794780.96;5821382.495;1
-148614183#3;812657.875;5821412.24;1
-148614183#2;812869.355;5821482.63;1
488030554#0;804274.82;5825870.655;1
-154687879#1;798443.7050000001;5815196.585;1
-153698391;796751.01;5828199.95;1
-142060715;801938.235;5834302.470000001;1
-4783453#0;802792.6799999999;5832697.17;2
-8417740;811527.175;5815633.265000001;1
-36940417;794835.1950000001;5835618.85;4
-4804935#0;791344.895;5839028.255;1
1072598895#0;800715.97;5826943.640000001;1
-318458655#0;793087.3300000001;5817420.715;4
-4442421#1;784673.2;5816297.165;1
-4442421#0;784497.69;5816115.975;1
-318458655#1;793024.2150000001;5817219.125;2
11953271;794335.245;5835519.64;1
1101201293#0;793836.065;5830366.445;1
288689075#0;793977.8300000001;5822309.955;1
4405315#3;794612.1699999999;5823161.83;1
-11280115;805696.46;5819785.41;1
10857086#0;796013.145;5832433.755000001;1
-57744016#2;790544.635;5838946.22;1
22044872#6;804426.165;5831843.29;1
28427150#0;793704.52;5832103.465;1
-4615404;800142.3700000001;5828900.0649999995;1
-403736236;791991.64;5826996.675000001;1
-403736238;792064.62;5826932.54;1
-940378673;793934.995;5816184.779999999;1
-727581625;789879.135;5835303.155;1
-24580456;817399.085;5818329.62;1
-10950131;804541.3200000001;5840781.87;1
-52286263;790543.125;5838561.865;4
-1104389247;795284.56;5830023.445;1
169019463;793425.53;5829730.275;1
169019464;792411.8200000001;5829404.695;6
-860638034;801181.115;5821786.5649999995;1
1008899214;802481.9299999999;5827874.645;2
-4684852;800923.845;5833780.300000001;1
383987240#1;801462.175;5818278.915;1
-4684853;800392.94;5833895.835;2
-24720555#2;785789.73;5836723.720000001;2
-29421667#0;811287.715;5827734.859999999;1
40267308;813582.035;5830056.83;1
-29421667#1;811371.165;5827634.43;1
-38168757#8;792913.54;5824970.699999999;1
-24720555#1;785773.405;5836811.050000001;3
-1087160495;811937.775;5824100.275;2
-5000497#2;783963.19;5829167.925;2
-23410061#0;782830.8300000001;5830803.695;1
-5786831#0;786819.46;5839043.98;1
-1009171355;781786.3049999999;5826891.98;3
-79131659#0;805461.765;5815771.3100000005;2
318665540#0;797773.635;5823750.465;1
-151822637;789179.285;5825618.55;1
-23381669#3;784393.47;5831390.99;1
-1100784732#1;792337.19;5826058.335;1
-43789327;806776.695;5816495.455;1
4388119;790505.8999999999;5829011.375;2
-152354587#1;808789.53;5815873.19;2
-4615467;801146.325;5829258.5;1
-32911678#3;795378.1799999999;5829143.699999999;1
-217353499;810034.22;5825850.995;1
1110732213;793532.5549999999;5821132.045;1
-57401090#2;781192.0800000001;5829791.295;3
-149957140;791730.95;5820600.734999999;1
-851436055;799197.895;5824385.7;1
-9562637#1;790367.48;5833234.725;1
-4761864#2;788782.98;5818100.66;1
-285484255;788554.515;5820996.085;10
-4463422#1;786868.62;5817611.48;1
-16857795#0;788781.0549999999;5839842.715;1
-183584510;794914.54;5832712.4;1
-142576830#3;790698.71;5821066.955;1
-293424981;796200.37;5835013.24;2
-4804863#1;791013.845;5838494.18;1
404580763#0;797277.36;5815555.725;1
-4804863#0;791157.595;5838599.455;1
-851436048;799166.4450000001;5824049.36;2
-860359545#1;820287.4299999999;5819583.640000001;1
-126264491#1;800700.1;5817337.215;1
-203912354#2;793100.61;5828963.995;4
-110863066#1;804182.2;5829579.0649999995;1
-987110634;783880.755;5825961.335000001;2
-987110635;783795.1699999999;5826005.0;2
-126264491#0;800596.73;5817410.95;3
-110863066#2;804199.395;5829408.15;2
4752743;785318.605;5827810.45;1
-4579715#6;784771.9950000001;5827031.55;1
-4579715#7;784766.185;5827150.595000001;1
-5077219;785431.375;5829964.15;2
-22910101#0;800838.02;5814324.67;1
-4796885#0;789258.1950000001;5833229.435;6
-4579715#0;784752.08;5826581.66;1
-546271344;780341.3500000001;5820983.305;1
-25305306;787057.45;5830369.085;1
-1112475981;819476.7;5816455.695;1
-602185579#0;811974.8;5830936.25;1
-24888872;810957.74;5827447.6899999995;1
-519412817;785256.79;5837052.96;1
259433183;807649.0;5819037.21;1
-856298443;792772.03;5831165.04;4
-1040343531;800616.9199999999;5830395.765;1
-4495207#3;792011.21;5826855.82;1
-4400974;793161.48;5827762.975;1
-828487668#0;791198.23;5822887.279999999;1
-933925495;799667.21;5827722.86;1
23886294#1;804370.94;5840908.165;1
-42721609#0;789152.165;5814900.58;1
-589852136;813107.635;5821842.48;1
-590695766;797891.515;5818188.75;3
48859719;796330.055;5828490.390000001;1
-344108071#0;800385.88;5836796.130000001;1
-24210192;814573.4550000001;5813617.975;2
48859717;796586.5549999999;5826731.17;3
454034991;802879.85;5822886.369999999;1
-461910864;796486.235;5822515.4;1
48859721;796411.94;5827690.855;2
-33745490;816573.8999999999;5809296.675;5
-814580981#0;821562.415;5819343.755;1
-25860005;807937.365;5825823.805;2
-30813769#7;787019.985;5836657.6850000005;1
-140383153#2;791806.82;5819967.365;1
-563341816;797427.845;5825962.3100000005;3
-30813769#3;787053.9199999999;5837012.58;1
-156580748#1;802398.2350000001;5831144.025;1
-34419140#5;789082.52;5830831.6899999995;1
-4579366;796902.42;5826808.535;1
-34419140#4;788974.385;5830828.6899999995;4
-34419140#7;789306.415;5830846.4399999995;2
-34419140#6;789194.435;5830839.115;1
-34419140#8;789382.0700000001;5830851.3100000005;2
-23410022;783584.6699999999;5829807.24;1
-24210187;814683.03;5813636.46;2
-145149726#2;804450.625;5820441.65;1
-25958770;782748.36;5827138.805;1
-34419140#1;788694.52;5830834.970000001;1
238053691;809785.785;5820315.175000001;1
-1056860204;804183.665;5824983.645;2
-34419140#3;788870.185;5830831.04;1
-34419140#2;788769.655;5830833.66;1
4594894#0;794549.47;5834087.32;2
-4824894#0;809354.485;5826713.905;1
-7917219;797539.645;5828464.42;1
-4706356#1;790579.22;5816956.5600000005;2
-4515873#0;789904.565;5827202.445;1
-4755675;790979.115;5820745.015000001;1
-910474359;808548.115;5827746.55;1
42989095#0;795495.5;5833851.1;2
-31525565;807708.61;5825297.76;1
-142810558#0;808343.7250000001;5820648.85;1
-164927504;808528.86;5826216.52;1
-142810558#2;808129.12;5820600.85;1
-4699695#3;797096.4299999999;5822607.25;2
-142810558#3;807972.875;5820578.765;2
-156350688#1;800161.4;5815934.145;1
-148329614#2;790806.105;5817411.12;1
-156579473#1;797611.5449999999;5818534.975;1
-27134081#1;794384.565;5816536.335;1
-320823311;797904.5349999999;5815221.26;1
-190083608#1;808071.5700000001;5818104.859999999;1
-114381386#0;799016.6599999999;5814548.495;2
-148331036#2;794385.665;5818948.59;1
-151629374#2;809758.0700000001;5816505.06;1
-478274645#2;813376.96;5829253.1850000005;1
-23410006;784448.09;5829349.995;1
-5124050;794737.0549999999;5833080.71;1
-4764860#2;796152.8600000001;5834611.18;1
-4764860#0;796429.7;5834389.475;1
-12621137;810969.665;5822093.05;1
28430094#2;809798.39;5825294.640000001;1
979873569#0;800777.73;5824329.574999999;1
31525573#2;807347.375;5825025.975;1
1005426176;804046.3999999999;5822091.01;1
-11025291#3;803582.2050000001;5837817.105;1
-17342224#1;789870.73;5840595.08;1
-1115687803;811281.74;5819722.635;1
-461235628#0;782813.81;5829732.74;1
4488982#1;792428.91;5822997.715;1
-31537550;809384.0;5830711.35;2
-155594982#0;801993.475;5822652.9399999995;1
-191618637;788571.78;5840213.25;1
-245852936;779744.12;5819014.9399999995;5
-445988033;794126.795;5837592.515000001;1
-36957609#0;796140.5349999999;5836493.96;1
1101407865#0;794553.815;5828896.88;1
-4685952#2;802529.3400000001;5826195.335000001;1
-23010710;809248.375;5822885.4350000005;1
-4687119;803822.22;5828005.54;1
-30824262;808183.995;5829393.66;1
-445947593;811948.62;5817705.195;1
1074461068;798348.645;5818987.02;2
11263882;793049.37;5833100.08;1
-424145148;810677.365;5824290.0649999995;3
-240823034;811844.0900000001;5815732.8;1
-26191045;809960.615;5826316.615;1
-11014102#2;803282.94;5838776.619999999;1
-145662431#2;788387.5700000001;5819892.815;1
-626336925#0;805046.67;5833864.095000001;1
-145662431#5;788658.5800000001;5819969.6899999995;1
-145586617#0;806814.2;5817823.0600000005;1
-1011559441;785235.21;5833686.905;2
-145662431#1;788183.605;5819808.415;5
-51826420;792695.03;5838276.72;1
-145662431#0;787890.2150000001;5819596.475;3
34928183#6;794741.78;5831393.779999999;1
4594085;794958.79;5830520.115;1
-145586617#8;805801.56;5818394.8;1
-85786065#3;796567.705;5835787.3149999995;1
-1087728564;809250.8200000001;5831136.65;1
-129285627#4;802543.045;5827028.63;1
-41081160;792148.405;5834905.195;1
-145586617#5;806184.415;5818147.43;1
-85786065#6;796225.04;5835747.165;2
-140964910#0;809492.02;5819358.705;1
81631453;806938.52;5826130.43;1
-147557792;807035.655;5826314.215;2
-671026861#1;800173.56;5829004.279999999;1
-43941200;811013.3;5829392.98;1
-27058015;786659.845;5829741.99;3
-338468810#0;789643.3;5816320.56;1
1101819502;799497.15;5825498.890000001;1
-338468810#2;789724.685;5816041.08;3
1113400543#3;793310.74;5826704.34;1
-23984498#2;796853.65;5833892.0;1
-36993379#1;798921.46;5834753.5600000005;2
-24930627;782445.1950000001;5829555.41;1
-4486628#4;791672.1;5823326.195;1
-43115509#1;802304.4850000001;5828423.5;1
-148052890#0;793665.29;5816182.26;1
1120450851#1;787615.5449999999;5825935.865;1
-36992448;797350.72;5834568.800000001;1
-176050279#0;803941.815;5826976.66;1
-22875656;797397.635;5836149.65;1
-42121388#0;811211.6699999999;5821199.45;3
-24160216;791152.64;5817532.3149999995;1
-1116349730;794619.035;5834170.21;1
508614988#1;795623.06;5823930.595;2
-4687131;803708.0549999999;5829134.12;2
-48230575;784177.36;5826034.96;2
-34605675;795391.0349999999;5834701.855;2
-27527150#4;809330.315;5825049.695;1
-111283471#1;805733.065;5842158.975;5
-1093233283;804953.425;5832758.215;3
-642829941#0;799369.1799999999;5831568.95;1
-642829941#1;799568.23;5831506.545;1
-49163611#3;800465.355;5816541.34;1
-807662330;786982.8;5817499.525;1
-44810506#0;789521.615;5839475.615;1
-22875641;797336.23;5836001.885;1
-155594939;804615.495;5823350.335;2
171310824;807593.265;5824029.215;1
-20432301#0;809735.775;5832969.91;1
-392736917;793271.5449999999;5815502.130000001;3
-528663684;811317.105;5817538.67;3
1094715094#0;801776.345;5830164.745;1
-19585417#1;809144.0;5819728.12;1
-10741697;780496.075;5818744.45;2
-4610608;798640.8200000001;5827367.055;1
9710020;800515.56;5835747.42;5
4405257#4;790797.06;5822651.785;1
-320261155;801750.77;5826933.515000001;1
-11391917#1;807339.81;5820815.445;1
-851288359;794101.245;5820222.425;1
-715117465;782152.4450000001;5829670.06;1
-145586623;806939.0900000001;5820281.640000001;1
-160577454;789108.4550000001;5839279.055;2
-728132451;797301.51;5830466.635;1
331762103;789759.0549999999;5826244.325;1
-25042806;797524.395;5826662.585000001;1
-156346059#2;800993.75;5816718.095;1
962783085#1;793608.64;5834776.05;2
-19793804#0;789675.975;5835626.9350000005;1
-285223014#0;786424.34;5818316.165;1
-19793804#1;789540.0449999999;5835508.11;1
-23755950#2;798326.655;5827449.005;1
-27527241;809386.785;5825301.74;1
-321712391;785782.31;5833381.6850000005;3
-838573083;789562.17;5824429.65;2
423031125#0;807144.2;5822507.825;2
-766500497#1;791681.035;5820764.9350000005;1
-4555099#0;796000.02;5831001.43;1
-1123618869;804948.15;5829783.775;2
-701019816#2;785095.265;5817976.545;5
-374152382;795647.6699999999;5830539.275;1
-374152381;795252.52;5830345.855;1
318557887#0;792102.0;5824063.975;1
-9897283#1;809521.6950000001;5833761.7;1
-8167312;793637.46;5820417.925;1
319539204#0;806262.835;5820532.99;1
-186901893#1;808036.06;5823385.26;1
-461316118#2;794614.655;5834717.41;3
374301095#0;787542.095;5830503.65;1
-578658429;788173.84;5839003.275;26
-31099801#0;803154.305;5817478.655;1
-723757291#1;813851.815;5821220.085;1
-376878188#0;818726.035;5819060.6850000005;2
-151368587#0;806951.655;5821469.824999999;1
-25999940#0;795411.245;5826441.17;2
-30254336;801428.06;5831380.195;1
-24966649;810580.8300000001;5824777.985;1
-1088103485#2;812948.715;5829340.835;2
-24918920;821388.005;5819122.93;1
-176753723#2;800359.19;5836104.915;1
-207086975#0;809716.46;5816922.83;1
765489606;800358.9650000001;5830832.02;1
1107584535;797841.135;5820609.01;1
-4500194;793983.04;5823297.825;1
-4500195;794096.0900000001;5823200.025;1
131336286;800656.085;5822538.965;1
-1022434821#2;784217.4299999999;5828046.895;1
-37686581;785666.1299999999;5816426.385;1
-25094000;813454.505;5826537.66;3
-1000719326;786107.45;5832593.2;3
-37760786#2;788194.8500000001;5831534.885;13
-1056617371;792335.97;5826256.6899999995;1
-34104006#0;803856.5700000001;5838873.49;2
-22875391#1;797816.175;5836174.51;2
-27155065#0;796925.025;5836353.325;1
-25113727;785229.855;5827987.345;1
219927855;796329.9550000001;5832612.925;2
318115281#0;790484.635;5825985.165;2
332514194#0;794987.6599999999;5823185.83;1
-77518547;810869.2250000001;5822343.605;2
-19402941#1;804602.23;5822555.955;1
-25160466#1;805906.745;5820566.87;1
-77518545;810915.75;5824921.74;2
-29564972#11;794487.2849999999;5816351.705;1
-4611714#2;798539.095;5827092.555;1
-4699184;808377.23;5827189.84;2
-16343840#1;811385.73;5816978.225;1
-22375280;786465.2150000001;5839095.215;1
30084663#3;799685.915;5815127.24;1
-47419493#0;807493.5549999999;5829379.5;1
-22928643;810687.0800000001;5818290.815;1
-4788544#2;804594.075;5833828.325;1
-30958679#1;797757.13;5819037.275;1
-20397098#0;815294.01;5814855.1899999995;1
-971922377;785392.37;5828064.525;1
-1023990738;800243.315;5838476.945;1
-148295047#1;793968.435;5817715.52;1
-4364472#0;785517.6100000001;5817430.905;1
-1125162253;804606.96;5829089.1;7
-1124991843#1;798933.78;5826106.67;1
-24753702#3;794230.09;5830980.859999999;1
-832662792;803798.965;5821217.449999999;1
-24753702#2;794285.28;5830908.654999999;1
-8048597#0;781708.505;5827101.57;1
-1041693599#0;796610.99;5837983.1;19
-25322241;800492.755;5834867.065;1
-8048597#1;781585.325;5827038.279999999;4
-164927490;807267.3200000001;5825598.595000001;1
-801574237;808583.99;5826047.85;1
1116572549;792035.025;5826630.375;1
-1036123062;792018.145;5833059.51;1
-598074992#0;795819.6699999999;5830207.885;1
-31302304;805261.095;5827609.3149999995;1
42816697;807956.235;5827458.0600000005;3
-24580331#0;817981.1399999999;5817256.805;1
-552119036#0;809719.225;5817171.1899999995;2
205756201#0;801383.76;5819214.9350000005;1
-22942974;812897.835;5825629.135;1
-23381500#1;782495.905;5831038.779999999;1
30149228#4;793633.7849999999;5820876.0600000005;1
-23381500#0;782351.705;5831075.535;1
-192611067#0;811306.7949999999;5821568.685;1
-98410014#0;804109.6950000001;5841937.65;1
-98410014#1;803983.14;5842054.8;1
-4734060;790221.1799999999;5822998.505;1
-911884377;790126.005;5840441.51;1
-15221696;793558.695;5830666.995;2
-4489231;791544.76;5823441.07;1
-502176198;783779.045;5828906.38;1
-4766079#0;791703.9;5836657.295;1
310172804#0;804173.745;5827523.984999999;1
-151627018#2;810587.065;5815893.12;1
-45359278;799512.25;5819504.305;2
-31579587#9;812602.9550000001;5825208.66;1
-31579587#3;812747.5;5825598.21;1
-148074509#0;792608.065;5817679.404999999;1
-4734059;790280.2949999999;5823079.39;1
-31579587#1;812784.065;5825697.165;1
24680757;797754.2350000001;5834361.63;2
-22928690;810435.13;5818229.385;1
-1087160496#0;812216.735;5824295.82;1
383987239#0;801436.2050000001;5818500.555;10
-4687160;802420.09;5829108.785;1
-42882549#2;791272.255;5817452.505;1
-42882549#3;791463.285;5817462.99;1
-690519970#2;791474.64;5838941.345000001;2
-925543182;790350.96;5821462.59;2
-140353223;784618.03;5832953.96;9
-4675237#0;792481.425;5833948.3149999995;1
-11001451;803554.76;5839810.37;1
-144885352;801549.67;5834712.785;8
-123951398#0;799766.765;5832936.0649999995;1
-11000137;803262.0900000001;5839523.92;3
149960598#1;793038.295;5820027.325;1
-22046866;803936.65;5831328.255;1
42732291#0;795361.325;5830880.9350000005;1
-20553917#0;809042.95;5819846.045;1
-20553917#1;809180.94;5819977.455;2
37291473;787364.275;5828084.795;1
-25094709#1;781377.79;5818777.84;9
-190627790#0;808711.345;5826522.215;2
-51382248#0;788159.08;5817221.300000001;2
-4603529#2;798887.8;5820645.01;3
-25762471;805710.24;5826475.335;4
-50481674#0;793538.905;5827708.695;1
-475841685;795955.145;5825881.535;1
-9794545;808900.7050000001;5829446.3100000005;1
-816085784#0;789975.1699999999;5817042.109999999;1
-24717990#1;785863.845;5838988.995;1
-816236485#0;800750.385;5823101.365;1
-711722468;800166.96;5814748.16;1
-148666650#0;792803.025;5818915.93;1
1067561754;797861.435;5821605.199999999;1
-155594986;801816.115;5822811.82;1
-4684903;800734.37;5832426.195;2
-155586462#2;804569.595;5818941.65;2
43106248;806993.795;5826434.675000001;2
-23248190;791564.0800000001;5825839.425000001;1
20821975#0;797303.005;5838705.92;3
-4687163;803315.375;5829464.9399999995;1
-4494994#2;801238.24;5825274.155;1
31621016;792178.165;5827130.225;1
-370584750;811723.265;5821591.095000001;3
30077245#2;803233.71;5818358.8149999995;1
-1047837747#0;807906.91;5824684.08;2
-155586462#1;804296.49;5819132.77;1
-5786835#3;787222.6;5838540.71;1
-33522965;791559.525;5833736.234999999;3
-922862698;810538.435;5825899.385;1
-57392335#3;780969.645;5829128.425;1
-5786835#5;787383.385;5838695.744999999;1
-22047751#4;804503.815;5831598.025;1
-155594973;800955.99;5822469.904999999;1
-4436795;793032.375;5824519.15;1
-5786835#1;787076.12;5838397.800000001;1
-4442420#1;784887.23;5816321.91;1
-25514057#3;779453.955;5819080.865;2
-29312187;796977.95;5828771.9399999995;1
30081411#0;804194.625;5818433.28;1
-21771582#0;804497.37;5833150.130000001;1
-151465276#2;811391.305;5827808.6850000005;2
-24204734#0;813468.16;5829057.32;1
-148117201#0;809433.505;5815217.27;2
-4604847;789265.53;5826283.295;1
-138624438#0;806721.84;5819157.125;1
4402689#0;794160.655;5825980.855;1
-384921250;785507.01;5832343.49;1
25094709#2;781734.015;5819131.279999999;16
-903230654;811626.54;5819160.074999999;1
-153260705#1;809209.935;5816649.855;1
-589692875;807539.475;5815328.22;1
-628063604#0;795978.315;5816710.625;1
-4871839#1;793825.54;5820699.484999999;1
-375930756#3;789746.185;5816819.345000001;3
-152258296;821259.935;5818960.305;1
-4804520#1;791341.12;5838206.154999999;1
-32214701;803891.36;5817442.835;1
-4486689#1;791455.915;5822112.76;1
-80883601#0;810198.44;5816660.470000001;1
-152258291;818275.45;5820287.67;3
-981295183#0;798898.3;5829542.79;2
-4615004#4;800071.3400000001;5829576.265000001;1
-4486689#4;791728.1;5822221.6899999995;1
-472077807;796776.2050000001;5833764.785;2
-15219421;812325.6950000001;5829789.815;1
-25697595#0;800478.0349999999;5822022.225;2
-4515867#2;789646.3400000001;5826761.905;1
-152267872#1;821240.0549999999;5818030.375;34
-152267872#0;821126.71;5818152.04;1
-23083757;790423.215;5824303.85;1
440033720;803968.495;5826058.84;1
-11024070;802263.75;5838944.1899999995;1
-152258287;819882.21;5819322.76;1
148310744#4;793032.5;5817709.665;1
-20882067#1;809407.855;5824718.865;1
-1041502976;783186.65;5827230.99;2
-4603531;798892.975;5821032.52;1
-23859719#2;799876.655;5826245.35;1
1119386163;805629.63;5824224.56;1
856407907;808511.71;5821708.75;2
-1005195273;811912.61;5829775.02;1
-584584290;783471.89;5833164.609999999;53
-153947889#1;805043.13;5815183.525;1
-1126011205#0;804302.06;5828308.87;2
-1041502984;783494.8200000001;5827992.475;1
-24520506#1;815034.4299999999;5829971.17;1
-4604850;789624.515;5826416.035;1
-333626108#0;790382.65;5834033.785;1
4071975#5;794143.235;5831882.234999999;1
-1120678942;796987.69;5830833.885;2
-4684967;802492.905;5832412.215;1
-4684961;801926.765;5832432.175;1
-39468707#1;787779.0;5836294.39;2
4071975#9;794365.185;5831696.355;1
1117962274;799365.635;5817691.645;1
-11376999;809362.095;5832976.19;1
44167645#2;809159.49;5831269.0649999995;1
-163121176;800841.26;5829493.904999999;1
-152354562#1;808091.355;5815276.4350000005;1
-1108518927;808357.95;5825024.0;3
-23381659#0;783355.425;5831727.535;1
4071975#0;793828.55;5832140.545;2
-4437114#0;792683.4950000001;5824948.48;2
-6229793#2;805067.7050000001;5828098.220000001;1
28950719#6;782679.855;5815812.02;1
28950719#7;782404.87;5815747.855;3
-106248943#1;799903.95;5812588.38;2
-4788425#0;806073.985;5834027.07;1
28950719#3;782784.55;5815838.005000001;1
-241032459;789720.685;5839612.755;1
-9795066#1;808237.5900000001;5829154.61;1
-4755710;789026.72;5820050.93;5
-5046428#1;786560.975;5834767.715;2
-5046428#2;786515.99;5834621.0649999995;1
-5095624;800770.1599999999;5821500.285;1
-57401089#1;781263.29;5829152.640000001;1
-20135894;806932.15;5835519.630000001;1
-5095628;800693.01;5821417.275;1
-4684959;801638.46;5832502.88;2
283022987#0;793083.89;5832249.72;1
-142595167;792759.425;5821117.975;1
-27339993#2;796821.675;5832286.3100000005;1
-22942934;811712.04;5825119.199999999;1
-14029900#0;790284.53;5818130.86;1
4776653;799901.365;5835266.88;1
-27606517;791767.9450000001;5833848.904999999;2
-5134105;786121.0049999999;5831831.015000001;2
-148666424#4;792663.76;5818841.275;1
682423176;787291.39;5830712.95;1
682423175;787333.7949999999;5830493.775;1
-148666424#0;793147.94;5818388.029999999;1
-33079950#0;788720.16;5819268.535;3
-148666424#2;792943.16;5818524.97;2
-148666424#1;793050.99;5818427.785;1
-183255748#0;817431.285;5816758.58;1
-1077054093;806958.085;5827082.6899999995;4
-375716434#2;795112.185;5821348.885;1
140964915;809160.51;5819392.9350000005;1
-4469400#2;786730.26;5826045.845;2
53357388#0;798875.28;5824623.39;1
624268785;787166.48;5825812.745;1
-25450103#0;815143.1950000001;5830027.725;2
-186901892;807911.565;5823311.125;11
-186901894;808010.3;5823491.5;1
150301184#0;796604.335;5816044.4399999995;1
-630312673;806247.3200000001;5825298.76;1
4764190#0;798018.0700000001;5834146.81;1
-24166340;803428.2;5824176.855;1
-22928633;810536.37;5818358.58;1
-149546780#1;787721.575;5817226.325;1
-24851209;797740.425;5818303.54;1
-42695668#2;783647.655;5825231.4399999995;4
-4597033;797506.63;5830576.73;2
-992395262;793017.79;5829776.59;1
-4685726#0;802925.01;5827900.775;1
-1107180851#6;795452.5349999999;5823930.915;1
-57744019#1;789924.9199999999;5839289.875;1
-156579504#1;798633.565;5818420.324999999;1
-7702838;809029.6000000001;5833006.915;1
-23707866#0;795745.825;5829667.369999999;1
-5105671;793281.0349999999;5836280.4399999995;2
-658716831#2;811213.7749999999;5815841.45;1
-835353167#0;802591.12;5838016.215;1
-26125946#0;811647.65;5825426.42;1
-26125946#1;811617.06;5825350.23;2
-31521759#1;812224.705;5828688.865;1
-293233206;780349.6399999999;5829937.68;1
-35406315;787451.605;5831454.755;1
-13236305;787424.785;5819180.145;5
209146913;804625.6399999999;5830389.77;1
-6008539#1;808524.275;5833787.295;1
-311371554;807707.26;5833036.49;2
354046882#1;808909.625;5814965.17;2
-4864872;782691.91;5816411.23;1
405719315#0;788115.86;5817664.63;1
-4864874;783021.895;5816121.9399999995;1
405719315#1;787963.725;5817591.675;1
-25811891#1;812594.6950000001;5824510.265;1
-4535432#1;792949.1699999999;5822212.654999999;1
-309522104#1;794756.24;5819873.835;2
4449438#0;794066.05;5825162.119999999;1
-309522104#2;794844.81;5819786.38;1
-693428171#1;793147.82;5836816.62;1
-43242935#0;810467.075;5816511.68;1
-53785140;800443.7;5823120.45;1
-1072685941;808649.275;5819939.875;4
-862863104#2;802044.79;5821537.4;1
-25811891#5;812522.21;5823898.58;1
-22393167;806801.465;5824249.984999999;1
-25186775;808941.275;5835054.529999999;1
-211555483#1;803981.14;5816816.449999999;2
-211555483#0;804089.255;5816538.265000001;1
-887514122;807149.0;5828936.085;1
-106655153;791743.5;5827055.6;1
-605637372#1;808289.0149999999;5815986.855;1
-23439439#0;789031.31;5824267.87;10
-119201843#3;797571.48;5832111.0649999995;1
-11014965#1;802261.675;5837727.83;1
-23439439#1;789116.98;5824097.525;3
-28658317#0;790741.085;5827615.125;1
-1091642557;801150.37;5832879.0649999995;1
-39254501;787318.935;5831662.505;2
431551331#0;808263.21;5828403.73;1
-4500153;793381.45;5825313.53;2
-4824927#1;809281.525;5824186.16;1
-151618244#12;797853.1;5819922.279999999;1
-10271175;809242.88;5830402.525;1
-379895552#1;800889.515;5819471.595000001;1
-379895552#0;800668.78;5819378.17;1
4696057;807809.925;5830916.4399999995;1
-25684288#1;806395.8999999999;5817794.369999999;1
-27581181#1;790690.23;5823858.47;2
-5047018#1;786817.03;5838089.595000001;1
-42695668#0;783627.9450000001;5825554.859999999;4
-31091036#4;812917.875;5821370.32;1
-8023536#0;782435.1499999999;5830935.32;1
-31091036#3;813182.94;5821488.095;1
-4535205#2;794299.9450000001;5824038.425;1
309522103#0;794316.815;5820226.1899999995;1
930349181;806595.26;5827256.545;1
-153879649;817643.035;5818102.8149999995;2
183576736#0;794059.885;5831219.8100000005;1
24968394#2;799717.9450000001;5829301.285;1
-9703370#3;792717.515;5838125.075;3
-4777117;798434.5900000001;5835955.455;2
-24583476#0;817495.0549999999;5818686.215;1
1101186722#0;811872.3200000001;5831850.640000001;1
308019311;799369.55;5816645.789999999;1
-4777119;798181.335;5835641.775;1
-36663576#0;788358.485;5837228.4399999995;1
-447946498#0;807847.72;5823508.795;1
-36663576#1;788487.365;5837157.1;1
-23551665;802415.9450000001;5822105.824999999;1
138522481#2;803252.595;5818508.42;1
-130105248;785314.765;5832448.725;1
-22875664;797516.3;5836178.915;1
1003191656#0;807010.685;5820021.35;1
-42815781;801941.905;5842222.02;30
4756186;790769.5449999999;5827995.1;1
176338610#3;791492.845;5833049.335;1
-142061516#1;801972.075;5833858.58;1
-142061516#0;802012.42;5834068.25;1
-153879642;818624.425;5820738.675;1
-4777122;798699.785;5836245.79;6
-220939826;813053.32;5826948.79;4
-8023536#1;782403.835;5830719.175000001;4
-151619286#2;797813.2050000001;5820142.640000001;1
973591901;810441.015;5816688.25;1
-23651335#1;816165.86;5816732.9350000005;1
-1117241331;802521.79;5828038.125;1
149018181#0;802829.26;5818228.755000001;1
35867465#0;799103.7150000001;5832535.42;1
-7997674;811557.75;5826911.140000001;1
-24215974;799294.58;5826476.48;1
-114557070;815969.7250000001;5817045.645;13
-875929570#2;797688.335;5826237.38;1
-973065654;806297.835;5822386.01;1
-1082478163;813331.135;5831350.050000001;1
831659093;798484.87;5828231.615;1
-4480558#2;791135.965;5825885.465;1
-123943329#0;799737.395;5832230.175;1
-5134191;786005.2050000001;5831621.74;2
-130105246;785086.0800000001;5834064.36;11
-136024345#4;793669.4550000001;5837149.970000001;2
-24028718;786223.08;5827164.125;19
-422992071;811946.64;5827522.1899999995;1
-153260647#0;809748.755;5816654.744999999;1
-69409257;798699.0549999999;5826203.22;1
985810722#0;793532.835;5820674.375;1
-4500114;792794.035;5824118.154999999;1
-132228394#2;811374.7250000001;5830639.970000001;1
-283317443;810814.8400000001;5818329.4350000005;1
-23248778#2;802703.585;5827131.615;1
-283317446;802981.645;5820658.755000001;1
-10754955;796268.49;5824624.449999999;1
-850002038#0;796062.665;5836219.175000001;1
-28259708;789488.21;5830864.325;8
-1113396559#0;803611.3400000001;5830234.23;2
-37555146#1;794149.425;5834924.34;1
-5095679#1;800207.9199999999;5821796.965;1
-315214529#0;797021.735;5828509.06;1
963227498;784051.365;5826320.72;1
-152258391#2;818187.245;5820082.105;16
-30674136;798026.05;5816902.445;1
-7545433;804736.295;5828704.01;4
-22617298#1;813403.505;5826447.54;1
-30674137;797845.7450000001;5816704.0;2
-52513361#13;784953.75;5830058.275;1
-152258344#0;820319.4550000001;5819946.289999999;2
-4783339#1;802575.9650000001;5832965.23;1
-25322187;789944.105;5829552.77;1
33231798#0;803806.855;5824100.675000001;1
-155605331#2;800877.325;5824574.46;1
-169755107;797296.87;5823667.1;3
-156045570;802211.12;5831082.71;1
439032726#4;803191.6;5829594.3149999995;1
-961067081;792021.905;5816209.785;4
-161677837#16;785520.425;5837590.105;2
-4777279;797743.375;5835851.85;1
-35576532;786549.88;5833055.36;2
-161677837#14;785597.355;5837811.135;1
-20163728#0;809740.2;5834523.95;1
-16866582#3;789483.035;5840359.859999999;1
-20163728#1;809799.355;5834365.71;1
-4068117;786667.3;5816807.6;2
-16866582#0;789349.76;5840718.77;1
-16866582#1;789407.495;5840516.195;1
1036246982;800038.03;5837262.800000001;1
-20163728#2;809824.175;5834217.0;1
-44066616;799401.985;5836789.545;1
-148666655;792736.8400000001;5818237.83;1
-1105631677;793695.3600000001;5823894.885;1
-80883517;810912.78;5814266.105;1
339201250;798878.46;5827028.875;1
-133988495#2;791798.0449999999;5821242.925000001;1
-732746876#3;789732.905;5829744.55;1
-133988495#0;792139.5700000001;5820833.165;2
-133988495#1;791946.0;5821066.1899999995;2
-6060944;808616.4199999999;5833529.5;1
-10994544#1;803384.825;5839912.675;2
-4581851#5;789029.225;5829750.01;1
-4581851#0;788762.1499999999;5830424.575;1
-293138568;792872.845;5836010.355;2
-24667965;782551.55;5826424.18;1
-23006207#3;784363.135;5833043.5600000005;2
-4543405#1;793292.26;5828341.58;1
-4675259;793889.48;5834447.07;1
-123943318#0;799361.155;5831945.78;2
-596622556#0;782109.4650000001;5829306.53;1
-92242870#2;810025.545;5830219.01;1
-92242870#1;809910.095;5830239.85;1
43336764#1;789625.86;5818183.68;2
-195418557;799943.89;5826693.93;1
-28985826#1;793183.7;5837684.21;1
-28985826#2;793057.8;5837616.300000001;1
-1093572875;806618.275;5832063.205;4
-146511461#0;809108.64;5818810.105;1
-151465239#5;812064.345;5827203.595;1
-146511461#2;809345.115;5818978.675000001;1
-4788378#0;805377.09;5833657.385;2
-4788378#1;805165.945;5833977.0600000005;4
-1052675176;799299.0449999999;5829074.21;1
-941874480#0;801877.94;5819895.77;1
-4638298;795705.205;5832727.135;1
-25571818;786722.065;5817167.2;1
-1101475632#1;804938.21;5826356.88;1
-4490378#1;791781.3;5826333.1899999995;2
-169755110;797115.1699999999;5822862.35;1
-281648782;792637.4099999999;5839411.6850000005;1
-123891747;802289.635;5831786.1;2
-16750370#1;794392.4850000001;5833217.015000001;1
137071155#0;791164.56;5824974.095;1
-36993378#2;798406.735;5834845.045;1
-763475708#1;785449.2949999999;5833863.58;1
-763475708#2;785548.645;5833864.5;1
-154381211;805082.1799999999;5827486.395;1
-148666647;792856.425;5819039.435;1
-1101189578;791331.6799999999;5825865.550000001;1
-4788498#2;805022.645;5834655.15;1
-4802769;793842.8899999999;5836971.525;3
-4615745#1;801486.64;5828589.68;2
-116793954#3;796711.985;5828931.765;1
-48923304#0;806781.835;5817727.619999999;1
-18928591#0;796824.0449999999;5840266.385;1
-68455990;801383.9450000001;5824358.640000001;1
-9562537#1;790194.735;5833146.965;5
24961352;792504.26;5822019.875;1
-26244012#1;790746.7949999999;5840572.050000001;2
-53835746;786915.5349999999;5838540.425;1
4571515#0;796131.9299999999;5831441.505;1
-11008433#0;803981.8999999999;5839585.63;1
-18928591#1;796921.3200000001;5840178.640000001;2
-11008433#2;804181.97;5839469.199999999;1
-729961128;800229.685;5818893.96;1
-26361695#1;785247.86;5833757.945;1
-155629791#0;812218.0800000001;5829714.655;1
-4792161#0;796502.2849999999;5817163.9;1
-25569516;793711.675;5816581.82;1
-175894681;780625.38;5820317.965;1
28819507#0;787713.905;5817475.29;2
-4824901#1;809074.52;5825978.265;2
-4684837#0;800282.2150000001;5832679.335;5
166482116#0;784529.1699999999;5815887.385;8
-22910107#3;800564.19;5816098.42;3
-587849768#1;817623.9550000001;5816600.42;1
-24030535#1;794285.6599999999;5819174.5649999995;1
-4675214;793628.605;5833462.495;3
-466318949;801748.49;5824607.79;1
-23785317;802155.875;5830646.42;3
-1050734394;806712.645;5824108.205;1
-175894678;780744.975;5820380.255;2
-1115713073;811415.615;5819560.3149999995;1
-4480580#1;791328.1599999999;5825662.995;1
-1117581546#0;787040.15;5825646.005;1
4413383;791416.0249999999;5830581.4;1
-238119551;800293.015;5824120.51;4
-22650453#0;812480.54;5824284.265000001;1
-755551646#0;798824.52;5827427.6850000005;1
-22650453#3;812796.3200000001;5824245.58;1
-26807992#0;799206.145;5817019.145;4
-346234392#2;797634.9450000001;5824738.85;1
473757829;813987.53;5827116.29;1
473757825;813870.11;5827131.140000001;1
-149611534;809111.135;5819358.215;1
-23389632;788201.0;5830500.145;1
-945954405;800176.24;5823280.615;1
-153959890#3;802058.2849999999;5817376.475;1
-153959890#4;801994.23;5817396.95;1
-1095395142#0;796000.155;5833920.105;1
-4898662#3;779789.9199999999;5821178.525;2
-4898662#4;779766.985;5820977.119999999;2
-4597029;797120.0700000001;5830079.789999999;1
-4370500;791677.16;5825302.18;2
-4805052#0;792811.1499999999;5839306.515000001;1
-4068142;802924.885;5827357.1;1
-5047016#0;786606.355;5838014.08;2
-23389981#0;787380.955;5829766.345000001;1
-24841723#2;810920.075;5824655.545;1
-22777012;811075.89;5817751.3100000005;1
-4675239;792899.98;5833760.59;1
37142126#0;794653.28;5834248.375;1
68711085;796639.46;5827800.715;1
-180789857#1;807794.48;5819086.0649999995;1
-696726570;783559.465;5827596.025;1
-10742228#0;781274.11;5819383.785;1
-5047016#1;786837.8;5837959.585000001;1
-1098325557#1;811994.105;5825497.775;1
-25347400;812293.87;5828944.699999999;2
-367216344#2;805553.925;5830484.59;1
-1089784287;807126.45;5828293.995;2
-154687881#0;798624.695;5815776.48;2
-4792054#0;796612.4450000001;5817412.734999999;2
-226870068#1;791521.9299999999;5832830.455;2
-4792054#1;796444.775;5817290.925;1
-1108980224;807973.15;5825747.630000001;1
538587686;796223.62;5822765.555;1
-28227105;789491.0700000001;5830781.165;1
-1111973865#1;812639.405;5823637.859999999;1
-1101819487;799365.405;5825530.54;2
-51825055;792849.7949999999;5837592.535;1
-1002399795;801527.6950000001;5822544.665;1
-4645562#1;800839.01;5832621.175;1
-4645562#0;800599.185;5832428.109999999;1
-1089784275;807294.075;5828497.4350000005;1
-343846314;811339.1950000001;5828848.57;1
20821976#0;797081.12;5839035.300000001;1
-24339998#5;784376.21;5831659.6850000005;2
-1115710842#0;811640.53;5818608.74;2
-25414821#0;798398.635;5817385.16;1
32142152#0;804705.595;5823002.365;2
-965788133#3;792467.54;5837653.35;1
-4788556#1;804271.8400000001;5834016.220000001;3
-32458157;800420.405;5819822.140000001;3
-156597534#0;799536.425;5819846.14;2
4540186;806041.105;5821963.715;2
4556843#0;792576.395;5827430.715;1
-463257302#1;793890.46;5835397.425;1
-22768993;802891.7150000001;5824648.205;2
-1112573790#0;789607.09;5826004.025;1
-4802740;793451.415;5836721.119999999;1
-23895874;782032.735;5827971.055;1
-9897233#3;809390.22;5833840.785;2
-1095789869;806845.27;5833890.85;1
-4802742;793926.695;5836324.99;2
-4582200#5;792128.625;5822052.105;1
-152258314;821220.97;5819452.025;8
-4582200#3;791947.74;5822081.37;1
-22768994;802845.335;5824723.785;1
-4068176;786732.7150000001;5816652.305;1
-152258321;819679.095;5819447.220000001;2
-152258320;819601.3;5819129.2;5
-4724546#1;795418.825;5818324.845;2
-36987812;802961.625;5826140.25;1
-1083346207;801757.375;5827714.895;1
-153608623;800859.8049999999;5813663.435;1
-945451824;810681.06;5827614.92;1
-282475921;804158.935;5827672.74;1
-153608624;801090.76;5812888.43;2
-151237820#1;810357.56;5819623.75;2
-1047402492;806347.165;5825056.5600000005;2
-147432151#2;794893.2749999999;5832460.965;3
-31969137;797368.46;5825044.875;1
146757631#3;799171.45;5830147.745;1
-1113537194;804732.51;5827371.16;1
123832771;810416.7949999999;5826832.84;1
1117036275;803945.2949999999;5817895.84;1
-1113537198;804582.905;5827023.24;1
-152258299#1;819969.74;5819139.220000001;1
-5089136#1;794200.46;5832741.065;2
-5089136#0;794081.635;5832693.24;1
34059285;798178.2;5825454.595000001;1
-154381294;801243.025;5827142.91;1
-123102508;780334.79;5818552.4;2
-549424067#2;801265.27;5832404.305;1
-549424067#1;801410.515;5832522.225;1
-36738532;802038.5;5824680.385;1
-707653414;804146.22;5841200.5600000005;1
-24842207#1;806110.1599999999;5833458.79;1
-27527195;809001.3300000001;5825179.6;4
-718428124#0;786613.115;5818410.43;4
-151465274#1;812410.115;5827853.3;1
-4764800#1;796791.365;5835036.045;1
-25984422;788642.5700000001;5839586.484999999;1
-23815732;803267.605;5842511.625;2
-40343635#3;810945.7;5815904.465;3
-4694944#1;780225.58;5821709.875;1
-4804857#0;790813.7350000001;5839107.775;2
-148666651#1;792226.625;5819278.175;1
-4764800#0;796854.165;5834951.355;1
-1125530943;802594.76;5829278.68;1
-156346082#2;801595.1499999999;5817570.475;1
-97592189;805095.06;5816938.955;1
-268002745;797874.4;5828617.615;1
-31012749#2;812125.1599999999;5819941.300000001;1
-4610038#1;795520.88;5832249.515000001;1
-4610038#0;795570.78;5832089.175000001;1
-1109062305;815248.74;5821319.265000001;3
-30555638;791829.895;5824503.65;1
-16355206#10;790856.635;5836029.18;1
-1112064171#1;813167.69;5824745.71;1
-137884039#2;802368.41;5820036.62;1
-25798315;818681.585;5821637.17;7
4389195;792347.645;5823438.785;1
48638393#0;793974.085;5824582.395;1
-31099696#1;801356.0549999999;5835484.119999999;10
-23532560;811371.9;5818684.82;5
154483993#2;796213.675;5824920.785;1
153370345;794814.4750000001;5826248.98;3
-28216463;805874.61;5831102.445;1
-913645520;813307.735;5819082.755000001;23
-1110773554;798222.57;5829688.355;1
953725016#0;803522.51;5817778.05;1
-148328410;790817.635;5816781.885;2
-35214121;794046.95;5837554.65;1
-225886105#0;786236.685;5838613.605;1
-10776287;812862.5449999999;5831042.93;1
-966685275;801882.775;5829855.85;2
-150912438;785830.75;5818156.77;4
-98889107#1;798999.2150000001;5815418.46;1
-785006330;785554.76;5827284.09;12
1101202724#0;791226.46;5834078.17;1
-1110773561;797658.7;5829823.005000001;1
-148328409;790823.27;5816565.96;2
-1071291899#0;794639.965;5832331.995;2
-690519974;791343.995;5838054.109999999;1
-188866872;801220.54;5826220.115;1
-25115162#3;785283.7949999999;5825782.575;2
5364943#0;799815.1399999999;5820980.625;5
-25115162#2;785470.085;5826026.484999999;1
-62114953;795786.73;5824966.86;1
154261295;801120.19;5829391.779999999;1
-143308521#0;807417.4450000001;5818624.71;2
4765869#0;793100.5;5835639.145;2
-5045445;796302.535;5817169.07;1
-23044858#0;802473.625;5817808.605;2
-1112691741;788040.505;5827247.890000001;1
-4486677#1;791094.825;5822542.09;1
-1010468669#2;795711.5149999999;5830713.89;1
-4463464#3;787317.585;5818652.615;1
1089111316#1;805857.1699999999;5831371.9;1
-909383007;813198.385;5829118.0649999995;2
211574582;806247.2250000001;5826829.48;1
-4719082#0;797485.885;5815828.595;1
-138604573;805132.895;5825889.525;1
-1112211724#1;813814.39;5825731.63;1
-1033705328;803934.995;5839614.59;1
-534675664#0;799961.38;5837705.085;2
-10776194;813260.25;5830987.685;1
-28985887#1;793490.765;5837513.795;2
-32935932#2;812385.24;5820247.32;1
-4605295#5;794050.75;5831424.055;2
-4615603;800011.0;5827543.359999999;1
-534675664#2;799892.0;5837378.59;1
-155586402;806771.78;5817617.720000001;1
23554266#0;783060.31;5816239.12;4
-25415937#3;797172.7450000001;5817079.8;1
-4804532#2;791219.2150000001;5837489.16;1
991768278;802936.53;5825580.824999999;1
-103499527#1;791853.6799999999;5818583.965;1
-21759542;795327.44;5836876.975;1
-4804532#0;791147.84;5837858.654999999;1
23554266#3;783047.44;5817161.515;4
-4444426#0;791963.035;5824544.8;1
-25415937#6;797100.27;5816914.855;1
-4444426#1;791947.395;5824260.74;1
-562707499;798962.825;5827824.975;1
-61801060;819814.0449999999;5818778.68;1
-353948101;811011.94;5818397.960000001;1
-338316875#2;796428.555;5823960.074999999;1
-371924312;789590.085;5835630.005000001;1
-6926776#2;787906.94;5831888.145;15
-1105750143;797530.865;5832220.145;1
-909979177#0;793222.27;5824148.6;1
-25194206#3;815086.325;5821302.6;2
51939088#0;808822.185;5821605.7;3
-22491627;792010.315;5836100.01;1
51939088#4;809230.105;5821529.08;1
-14473883#1;790238.9299999999;5815817.91;1
-144525695;801541.11;5831999.619999999;1
-273941588#0;799713.33;5835586.26;2
-72852443;807334.075;5820219.99;1
-485197148;794026.6799999999;5835147.710000001;2
-36944882#0;794675.49;5829380.75;1
-36944882#1;794875.8;5829430.109999999;1
878366190;809716.155;5820984.625;2
341194705#0;790244.46;5820038.245;1
-81414489#3;804961.62;5816109.84;1
4686360#0;799284.435;5824986.26;2
-297060624#0;801426.59;5822815.779999999;1
4700657#0;791214.49;5820586.83;1
-435358715#2;808088.58;5832350.43;2
-34525820#0;782097.1799999999;5819655.18;12
456120271;800340.12;5839154.555;1
-22928724;810270.97;5817906.35;2
-416508757;809956.185;5833204.074999999;2
-237485187;795854.785;5820698.01;1
-141806020#0;802179.005;5834064.07;1
36954368#1;797151.99;5835848.92;1
-141806020#1;802340.365;5834130.52;1
-4684898#0;800757.865;5832493.484999999;1
-1074113699;799784.085;5837310.33;1
-1029410234#1;804051.9199999999;5830366.125;1
-152258376;819783.2050000001;5820080.795;2
-455757964;804256.5549999999;5832829.65;1
-13621313;793401.995;5818476.925;2
-31969210#1;803417.2;5824902.73;6
-127727045;789247.585;5830429.8100000005;1
-152258371;819897.4199999999;5819251.96;1
-61030853;799854.37;5818801.32;1
-4638300;795269.165;5832577.175;1
-1107692240;792590.185;5830516.6850000005;1
24912614#0;795126.84;5825921.0;1
-5037124#1;785176.965;5830561.51;3
146739793#5;799353.42;5830321.795;1
172248642#0;798969.22;5833343.57;1
-4543441#0;794745.585;5829873.05;1
-175152917#2;797080.925;5830445.48;1
-26575076#0;780213.27;5819398.0;1
4790801;799525.085;5828244.35;1
32035261#0;800008.79;5833260.234999999;1
-31345607#5;808159.155;5832508.07;1
-126833945;784915.095;5830967.045;1
-31345607#2;808415.2849999999;5833079.51;2
-5025935#5;781792.575;5831014.88;1
-152258365;819853.9550000001;5819659.92;1
-12307403;796422.765;5824069.9350000005;1
-281617570;792564.97;5836255.995;2
-1093907162#0;799722.0700000001;5831573.79;1
-22928744;809930.63;5818130.495;2
4413385#0;791320.83;5830443.6;1
-4594384#2;795094.3200000001;5819668.734999999;1
-33870322;796590.985;5836392.74;1
-422992110;812735.03;5827528.555;1
1102369933#0;795086.44;5832377.3;1
-172248643#1;798672.81;5833437.59;1
-22723670#2;789443.495;5817779.71;1
405711265#0;786948.89;5817138.045;1
-24036305#1;781866.415;5829952.3;4
-4871838#1;793932.615;5820665.324999999;1
42738268#0;809806.385;5830813.12;1
-25199872#10;792161.03;5820416.125;1
-117765488;782097.595;5822635.645;25
-4694837#4;786142.38;5825677.65;5
-321744771;806690.075;5828286.745;3
-264721658;794847.5800000001;5822448.015000001;1
4449439#0;794058.8300000001;5825194.1850000005;1
-28737048#1;792370.0549999999;5832840.805;1
-11993487#2;809685.53;5830275.055;1
-1086945896;811921.965;5828443.055;1
-30718922;784647.2250000001;5828837.67;1
-6007924#6;802386.065;5832349.41;1
24845188;807817.735;5825466.135;1
-654334311#0;785450.3999999999;5833563.51;1
-4495005;800343.74;5824881.63;1
428725178;790592.19;5827312.66;1
37540945#0;793928.365;5826019.5649999995;1
-593615225#0;795953.015;5832893.595000001;1
-538770749#2;801734.395;5817087.77;2
-313817233#1;789159.8500000001;5825515.835;1
-4638323#1;795054.735;5833657.345;1
-175736236;779931.4550000001;5820651.67;1
-51218398;801312.395;5833166.045;2
8788065;790176.1599999999;5825134.9350000005;2
-103141585#3;794526.905;5819268.800000001;1
147845304;788748.675;5818462.52;1
37116781;792471.095;5826374.465;1
-25069153;782028.915;5829482.215;1
44583170;789945.25;5836405.995;2
-44166803#2;797637.435;5820323.88;2
-734004873;810265.46;5815791.21;1
4535227#0;793316.375;5823572.825;1
1006844394;804055.24;5822091.47;1
-52719509;812127.46;5821671.31;2
34570658#0;794641.325;5833005.255000001;1
4790839#0;799858.56;5828717.47;1
-194566377#2;808200.3400000001;5826934.115;5
-19183059#0;792006.235;5828225.25;1
-194566377#0;808207.42;5827211.33;1
-11375563;809432.35;5832882.59;1
-47419565#0;807170.585;5828849.74;1
4615217#0;801101.025;5829746.63;1
-22899793;790455.56;5837698.585;4
776782787#0;800326.365;5823690.46;1
624116244#0;805713.81;5833512.08;1
-24335953#0;786575.71;5835002.74;3
-48848041#0;797064.825;5819106.29;2
-24335953#1;786686.0;5834884.155;2
-10258813#1;809585.885;5834104.165;1
-858659626;802057.2150000001;5823092.5600000005;1
-44181465#2;788958.845;5818581.550000001;4
-6007924#0;801807.29;5832658.32;2
-4588799#1;789320.405;5829159.655;1
-382561448;793899.25;5837793.45;1
-6007924#5;802238.3049999999;5832375.619999999;1
-4864975;781652.78;5814976.89;1
1094434971;799129.99;5829159.29;1
-1055065699#2;803218.405;5828318.85;1
-23623892;790047.11;5842823.21;2
-138604514;804563.135;5838838.965;1
-15365328;786911.9850000001;5826246.68;1
-448025878#0;811682.745;5828981.15;1
-4805066#1;792189.925;5838662.465;1
-264308106#0;782982.165;5828875.495;5
-4615327#0;800577.47;5831110.355;1
-4410148#1;795702.505;5828547.83;1
-4410148#0;795556.27;5828461.115;1
-49163433#1;800319.715;5816453.5;1
508614987#0;795485.895;5823793.535;1
-9859556;811382.2250000001;5817742.595000001;3
-170149080;806255.205;5822192.71;3
-9859579#0;811306.7;5817886.6850000005;3
-10863267#2;806475.34;5823907.140000001;1
-8036933;792154.13;5831259.99;1
-605739306;790134.54;5839905.705;1
-23424425;799460.7250000001;5838251.675000001;2
-200128494#3;796384.245;5834722.015000001;1
-16239744;801897.95;5837275.380000001;2
-23566552#0;783477.2;5831643.25;1
1107733412;794787.5700000001;5830351.58;1
-31748765;800174.075;5827549.87;2
-23382154;781985.735;5830197.029999999;1
26157861#1;803770.45;5829206.895;1
-155586452;802407.12;5820158.4399999995;1
-30134849#0;800679.8200000001;5831925.255;1
122475240;797444.6399999999;5831117.71;1
-185569567;787898.38;5829243.48;2
-292429063#0;797489.135;5827817.8100000005;1
-42689068#1;803754.1799999999;5831333.415;2
355854206#0;806725.515;5830288.405;2
-6227658#0;797672.4199999999;5828423.395;1
-35096893#0;816779.365;5816171.34;3
150975655#0;794185.29;5820936.92;2
-16237828#0;802389.6699999999;5836463.705;2
-16237828#1;802651.71;5836461.27;1
-16237828#3;802866.915;5836495.25;1
-16237828#6;803081.595;5836531.625;1
-1057636474;801116.055;5828007.095;1
-24160098;791600.985;5817166.470000001;1
1122590760;816443.535;5812888.824999999;1
-25368898#2;806287.26;5820206.51;1
-31586811#1;797892.685;5830489.484999999;1
-618924840;813163.535;5826462.695;1
-4881945#5;792939.09;5818084.675;1
-4535457#2;793774.0;5822398.35;1
-25000112#1;815130.855;5821402.075;1
-10307191#1;809792.4099999999;5831169.23;1
-416657137#1;804706.4650000001;5840740.925;1
-37013603#1;801713.91;5817953.83;1
-131425171#0;802160.675;5820532.5;1
-141307152#1;809056.925;5827790.545;2
-141307152#0;809002.845;5827794.02;1
-10776612#1;811179.675;5831841.585;1
-10776612#0;811150.0;5831685.035;1
-1101200721#1;790751.96;5827377.735;2
-25467949#0;797059.29;5820111.93;1
-25467949#1;797300.745;5820311.24;1
1093089089;790375.95;5840146.82;1
-4616320#1;790928.73;5826240.535;4
-250443969;803915.5549999999;5830339.52;1
-599014862#1;810304.9450000001;5824631.835;1
-27138041#0;803617.45;5819066.395;1
-46378240;800250.54;5820725.66;3
42689072;803099.285;5831307.359999999;1
-21603801;806898.28;5827191.22;1
-887715854;806379.645;5818787.1899999995;2
-23411724#1;780783.6499999999;5827631.609999999;2
-692616656;783748.4199999999;5824153.79;1
60077030#0;791423.825;5836577.41;2
-94517926#3;810953.02;5818248.165;1
-4587921#0;793693.885;5822028.65;1
-4900190#0;779895.225;5819917.859999999;1
4543988;793743.5449999999;5829946.03;1
431571676#0;803928.385;5818634.300000001;1
-1056594138#2;790873.325;5825822.11;1
-34832245;781799.765;5814784.945;1
-219081831#1;793193.02;5827838.515000001;1
-28789621;796389.595;5829743.73;1
-89583720;813744.185;5826527.279999999;2
-416514035#2;784561.93;5829104.295;2
-4674699#0;794066.615;5832577.8;1
-221497930;813078.4199999999;5826602.215;1
25858129#0;804554.185;5825658.675000001;2
957191937;812126.99;5820776.8100000005;4
-31099668;803727.185;5835527.165;3
-4674699#2;793821.0800000001;5832221.31;1
-4685963#0;803133.535;5825521.365;1
-154381204#0;804164.88;5826943.255;1
-103141581#0;795024.6950000001;5818910.075;1
-835493183;812203.11;5822654.82;3
-4361351#0;795692.925;5816504.115;1
-76259561;794434.55;5832918.305;1
-4361351#1;795581.925;5816701.88;1
-144909692;808741.26;5817326.425;1
-161755130#1;800301.88;5830291.9350000005;1
-4631988#1;798348.54;5832437.880000001;2
-4490368#1;794059.355;5827557.449999999;1
-37835088#2;801913.625;5833346.074999999;3
-37835088#1;802185.63;5833300.745;1
-804241025#0;790714.575;5820583.135;1
-25167733;795529.6399999999;5818497.85;1
-58645817;798109.22;5839429.949999999;5
-10271170#1;809295.575;5830366.51;1
-68186176#1;802426.875;5825217.025;3
-24845264;807318.99;5825663.745;1
-176195695#0;799904.825;5818577.8100000005;6
-176195695#1;799830.915;5818500.775;6
328440044;790564.4299999999;5828289.6;2
-79386006;792360.385;5822331.29;1
-9485559#0;810769.94;5821477.895;1
-225878745#1;788752.735;5839364.7;2
-8080758;787839.46;5826285.585;2
-16308100;798299.625;5838400.130000001;2
-182782708#3;802972.56;5829828.58;1
1041675570;806957.105;5825682.145;1
-685219006;810951.4450000001;5828877.205;1
-22689577;806495.925;5824268.26;1
-802021414;807765.815;5818925.05;1
-22689576;806570.6;5824212.68;1
-4474836;811688.5249999999;5815429.1;1
-4474837;811563.1950000001;5815572.23;1
-23874499#4;816701.6599999999;5816819.744999999;1
-636549244;819949.3400000001;5820462.76;1
-4713991#3;800418.005;5816660.235;1
-51316705#1;803376.375;5832502.665;1
-6180697#0;801974.025;5832072.984999999;1
-4537262;791444.605;5829454.76;1
-163209069#0;793167.65;5826339.545;2
4401022;795217.16;5822886.08;1
-1106538680#1;794684.365;5817268.0;1
49181390#0;797909.29;5831826.93;1
10671561;808859.2749999999;5817444.08;1
-30799279#1;806530.985;5832162.8100000005;1
-152258332#6;820397.435;5820890.715;4
-183790893#2;795008.515;5819658.535;1
-42695666#4;783318.2;5825972.135;2
-154261296;800984.36;5829400.105;1
-11644202#1;806518.315;5831982.62;3
-11644202#0;806301.0349999999;5832007.835;1
-626027612;804989.3;5836867.609999999;2
-626027610;803085.46;5833449.32;1
1010328229#0;795405.4450000001;5820570.720000001;1
-4449164#2;783764.77;5826222.965;1
-40337452#0;811134.13;5814833.715;1
-152832871;793111.6950000001;5827206.69;1
-152832873;792991.875;5827260.9350000005;1
-545834368;809128.1599999999;5827166.4399999995;1
-152201902#4;812226.275;5826175.23;1
-37077530#0;804324.585;5824024.345;2
-152201902#2;812448.815;5826137.37;1
-4537205;812389.69;5814911.76;3
-25116720#0;805836.99;5821333.52;2
-16931261#0;789262.325;5840429.380000001;2
-22874507;789466.5049999999;5816620.375;1
-152258358#0;819283.03;5819775.545;1
211575813#0;799223.975;5816239.1899999995;1
-43167423#1;816938.17;5821222.4399999995;2
-9925060#3;813511.025;5828722.455;1
-4687303;802249.405;5829824.285;2
-26308395#1;802149.29;5821337.025;1
-4761863;788207.155;5818434.855;1
-759414118;792980.75;5830366.49;3
-4761862;788096.9299999999;5818170.645;1
-312541896;795740.71;5815559.12;2
-4687301;802431.175;5829818.68;1
172274264;800508.1699999999;5825236.865;1
-148295049#2;793903.77;5818465.445;1
-972666586;802497.69;5822906.42;1
375097962#0;793912.605;5830118.029999999;1
-343614201#2;800693.78;5838646.975;1
-174649015;806709.4299999999;5826081.645;2
191642219#0;806366.6799999999;5830089.08;1
182941609;797303.2450000001;5821465.55;1
-152258358#2;819599.27;5819641.29;1
-910534150;801594.265;5832907.994999999;1
-152258345#1;820581.395;5820176.005000001;1
-718428121#2;788005.69;5818836.984999999;1
-36515286#1;789909.0700000001;5828186.279999999;6
-16238590;802146.895;5836077.375;1
-24641646;783238.21;5827085.8;2
319492886#0;792483.3500000001;5824129.305;1
-24335949;786262.905;5835125.84;4
-135887713;802230.595;5825183.99;1
-4777287#5;797529.315;5835147.305;1
233764912#1;790074.1100000001;5819454.08;1
120233073;787804.53;5821740.205;1
-226115274#1;816861.06;5816827.895;1
-4777287#1;797825.26;5834858.125;1
-9562634#1;789834.135;5833111.46;8
-22874527;789730.9450000001;5816549.575;1
33079618#5;788192.7;5818836.52;1
-4403708#4;790416.6599999999;5824293.025;1
-152258345#4;820894.06;5819970.915;1
-10559163#4;790707.61;5821652.96;1
4493124;796622.6699999999;5822469.93;2
-287903610#0;801956.88;5826415.215;1
-287903610#1;802056.065;5826383.305;1
-301687329;816085.7;5813636.74;11
-1120268404;809608.68;5831018.199999999;1
-4663375;797290.235;5820496.33;1
-857503740;810708.53;5821959.255000001;1
-137071141#4;790622.4750000001;5823553.84;1
-753730625#0;780686.855;5819130.245;1
-956203735;790796.5900000001;5839629.01;1
-977839013;805673.2050000001;5816592.99;2
-137071141#1;790405.4;5823704.265000001;1
-627779924#2;801185.135;5830709.06;1
-327502935;804242.265;5825703.905;1
-4761896;788841.975;5817772.8100000005;2
-942431839;808452.3300000001;5830384.5600000005;1
-198375753;811457.095;5830860.525;1
-236166346;803961.5800000001;5824575.84;3
-24205063;815037.05;5829031.535;1
-577792998;788945.115;5836748.154999999;9
-709873663;802007.755;5836396.71;1
-31579598#1;812987.8500000001;5827796.445;1
-4796515;789625.995;5834087.52;2
-5000769#0;782325.95;5827738.105;1
5363718;799492.87;5821455.13;1
-342738115#1;809090.65;5815397.69;1
-23121559#0;798869.015;5831045.34;1
-214614381#2;812007.17;5819257.76;1
-25095143#0;783337.455;5821590.91;1
-23966430#3;780033.86;5827176.76;1
151742535#3;806471.05;5816045.23;2
-149849320#0;797512.44;5816275.26;1
456120249;799833.1;5839638.515;1
-67524735;799670.4650000001;5825805.775;2
-1017767538#1;793193.355;5816778.02;1
-553137240#2;798813.385;5831405.3;1
1116865516;809158.925;5824185.165;2
-4797952#0;784744.45;5829866.195;1
-11013635#3;803149.585;5838641.26;1
-11013635#2;803014.7949999999;5838727.73;1
-28100661#3;797495.15;5815724.0649999995;1
-25693526#0;816064.605;5817182.93;1
24911057#0;793212.395;5822982.59;1
-677435912#3;794617.99;5817560.35;1
-25693526#1;816197.655;5817127.955;1
-146173175#3;798943.3049999999;5832401.725;1
156364562#0;799732.025;5827611.155;1
132482409;795632.98;5822835.955;1
-146173175#0;798365.81;5832387.960000001;1
-148303206#1;796439.2150000001;5814853.88;3
-4607070#2;795808.04;5825877.404999999;2
253084585#0;793576.3899999999;5833645.475;1
1113737284;800049.7949999999;5827921.725;1
-1089457015;801823.845;5826983.465;1
-865639322;792771.98;5822106.215;2
-175736254#4;780090.44;5820831.47;1
-1092634268;803223.19;5827430.975;1
-175736254#6;780293.585;5820861.695;2
22762377;807154.53;5818185.529999999;1
-1092634269;803152.71;5827189.654999999;1
-156346083#3;801232.0449999999;5817472.97;1
-156346083#4;801040.065;5817283.109999999;1
-1087723972;808836.6799999999;5830589.085;1
-1087723975;808901.2649999999;5830690.555;1
-4729702;795789.67;5819011.244999999;1
-30788795#1;789963.74;5820193.82;1
-636282260#10;819956.48;5820993.96;1
456120269;801040.14;5838465.75;1
456120268;800644.005;5838874.54;4
-154838392#1;798410.21;5817014.52;1
-11008961#0;804406.6799999999;5838211.755;1
-285823530;806158.58;5829854.835;2
115727313#1;796373.3400000001;5816686.45;1
-118336909#1;788297.675;5816735.885;2
-285823531;806028.975;5829831.385;1
-152258416;819039.6;5819390.68;1
-53357061;800593.095;5826206.035;1
-33692892;779693.4750000001;5819724.02;1
-38702390;812927.8049999999;5831299.699999999;1
-1085844068#3;807502.3300000001;5833377.775;6
-1085844068#2;807127.73;5832887.88;2
-145662433#1;787889.0349999999;5819293.005000001;1
-99852351;783252.9450000001;5827572.859999999;1
-782822229;801672.48;5826519.85;1
-1089814419;807682.6950000001;5828724.95;1
-68576795#3;798280.9550000001;5824718.46;1
-154687901#0;799285.85;5815525.545;1
-30898939#1;809570.99;5826188.109999999;2
-1079700904#5;790064.2949999999;5815868.855;1
-25492149;793074.89;5816788.92;2
-965329306;815644.315;5821764.13;6
-8048605#1;779982.145;5826896.395;3
-936257826;800236.25;5823848.83;1
-1079700904#2;789922.99;5816394.69;2
-16239612#1;801560.8600000001;5836417.4399999995;1
-148032656#1;794036.1499999999;5816860.025;1
-29892616#1;800923.595;5822348.385;1
-8048605#0;779998.345;5827414.385;2
-16366192#0;814092.915;5827555.195;1
-30475153#1;799071.325;5831228.1;1
1082673235#0;802117.6699999999;5827578.525;1
81283594;810344.8300000001;5816583.890000001;1
-25178767#3;796880.9299999999;5824770.715;2
-852542889;802011.5;5825079.295;1
-23485319;793463.7050000001;5824613.08;1
21122600#1;795367.635;5816371.3100000005;2
-1088965880#0;806764.0449999999;5830025.1850000005;5
-148671097;791599.8;5819282.2;2
-762583951;800887.6200000001;5841911.205;13
-761344045#0;805990.12;5833051.395;1
-4687523#1;781288.685;5814716.970000001;2
-700727716;780328.595;5827316.105;1
177599476#1;790875.565;5822488.79;1
57356015;810418.145;5821380.37;1
-144887742;803615.835;5834588.05;2
-1122782774;794455.1699999999;5821807.805;1
-747291566;793167.53;5830001.87;1
-151629376;809828.385;5816180.21;1
-1108993676;814548.69;5821760.68;1
-111283473#1;799880.39;5839103.105;2
29157102#0;790336.595;5834619.595000001;3
-24718232;788315.445;5837092.825;1
-386765885#4;793434.96;5835788.1899999995;1
-372950038#1;791150.98;5832802.33;10
-25799886#1;791827.2150000001;5836999.49;1
-51863695;803688.6950000001;5835026.53;6
-1122765064#1;794578.8300000001;5820881.720000001;1
-154262442#0;802150.3600000001;5828951.995;1
-24204677#0;812383.3200000001;5828344.085;1
-9647324#0;818859.1950000001;5820564.119999999;2
-6141285;806809.655;5830864.335;1
-4845983;812042.245;5815038.525;1
27944192;810056.395;5827937.95;1
-4796538;789649.65;5834526.535;5
-4845981;812109.135;5815274.475;3
22762351;802833.005;5821397.795;1
-4898689#2;779597.25;5820079.455;4
-117951616#2;807769.385;5819492.61;1
-4898689#1;779562.9750000001;5819622.484999999;2
-25815035#0;812725.31;5820354.42;1
-25929648;803049.375;5826187.91;1
-4805018#0;792028.915;5839315.625;1
-36125241#0;810955.21;5829146.07;1
-4805018#1;792162.905;5839352.21;1
-9498297#3;820611.7749999999;5819578.035;1
-844709935#1;790539.6399999999;5840200.175;1
-24586385;817652.2250000001;5818623.640000001;3
-135777015#1;806109.5549999999;5815276.405;1
-4802814;794917.9650000001;5837428.105;4
-28950010#0;784764.27;5836796.27;1
-4686077;802020.9450000001;5825588.265000001;1
-5095441;787810.46;5828190.51;6
-844709935#0;790441.365;5840181.68;2
-35313016#3;796342.995;5836567.98;1
-151619642#1;798176.8049999999;5820165.885;3
-35313016#0;796430.72;5836752.645;3
60430325;793700.7050000001;5829942.425;2
-34551134;800536.215;5838780.98;1
-616670793;807484.345;5830587.635;2
-1031838775;796410.6799999999;5838709.75;10
-4796494#1;790220.585;5834932.5649999995;1
1096709556#0;800172.915;5829208.945;1
-26575079#1;780445.75;5819222.02;1
-27093940;804606.595;5840560.675;1
38717011#0;805834.75;5816864.705;1
-1101059958;795012.485;5827950.48;1
-27811428;795229.425;5835091.58;1
-881927664;802427.795;5827958.09;1
130105754#0;783660.015;5829678.16;1
-728950337;796482.55;5819232.654999999;1
432205789#0;804758.555;5829933.765;1
130105754#3;783676.325;5829906.074999999;1
-1089457036#2;801947.19;5827188.050000001;1
-13853633#0;800051.545;5823161.695;4
-13853633#1;800080.23;5823031.765000001;1
-27944145#0;808812.985;5829111.5600000005;1
-142574665#0;792850.4950000001;5822942.26;1
-4804651#0;790627.285;5837717.04;1
-899215472;791763.31;5819685.390000001;1
-4845980;812001.13;5815241.404999999;1
-4442443;783991.125;5815698.985;16
-112408882#9;788979.6;5816479.835;2
-23147709#0;788032.5;5827793.74;1
-18784662#2;788410.3;5837010.73;4
-11023906#1;802166.56;5838572.24;1
-18784662#1;788438.315;5837084.775;1
-11391856#2;809367.31;5819950.575;1
-23436345;820095.795;5819603.305;1
-740848375;798392.8;5829039.855;1
-44639038;804911.9099999999;5825772.395;1
-4796461;789250.365;5835538.695;3
-153608590;800715.47;5813228.53;1
-30084960#6;799273.97;5814126.4350000005;1
-1036709246#1;802401.655;5838801.37;1
-112408882#2;789284.94;5817196.529999999;1
-112408882#6;789078.7;5816798.555;1
-881561776;808446.3500000001;5819911.585;2
-112408882#4;789179.73;5817017.195;1
-152593442#0;798340.86;5814149.15;1
-48477264#0;787624.63;5827755.13;1
1003191667#1;806906.68;5820117.37;1
-186606611#1;802443.735;5823770.73;1
36517135#1;791893.235;5830687.555;4
-844527457#1;799121.7050000001;5819627.82;1
36517135#2;792185.335;5830690.01;3
-5046437;785958.76;5834023.115;2
-10276231;810703.15;5819213.33;8
437325052#0;791458.6;5828304.965;1
-206562460;804513.595;5830717.17;1
-153608589;800715.17;5812854.74;1
-148032656#4;794378.96;5816644.0;2
-22973174#3;802543.125;5834050.45;1
-15245401;784939.315;5825910.905;11
-22973174#1;802393.93;5833993.050000001;1
33079952#0;789640.04;5818204.93;1
-11993725#4;810375.0900000001;5829807.705;3
-214717428#1;806809.5;5833305.0649999995;1
-214717428#0;806746.19;5833378.109999999;1
328408591#0;786581.02;5828217.904999999;2
-22973174#6;802938.39;5834203.335;1
-32977536#0;788957.685;5827449.550000001;1
-295627704;802387.5900000001;5828070.484999999;2
-485793106;806076.505;5826392.1;1
-195327171#1;809891.25;5829434.93;1
-4810810#2;781329.63;5814883.135;1
-4810810#0;781514.62;5814959.595;1
-294586587#1;813447.6399999999;5826803.325;1
-4586180;793406.24;5828018.445;1
-25095156#5;783827.855;5821896.615;2
-25514059#0;779439.985;5819152.66;2
4067952;792482.245;5829410.695;5
-4586182;792626.76;5827228.0;1
-284371644#3;786791.88;5830676.085;1
-346746112;811233.685;5817342.779999999;1
23554267#4;782920.7949999999;5816121.48;1
-4687403#1;781767.085;5815422.84;1
-4687403#0;781837.39;5815523.359999999;1
-134240440#0;804492.56;5841554.640000001;3
-45869051#0;801316.2050000001;5833597.18;1
-23045211;778412.995;5814901.71;7
-22972473#3;797929.635;5827226.92;1
-1089696695;784200.85;5826628.415;1
-45869051#2;801443.97;5833750.285;2
-150937093#1;814688.75;5820925.65;1
-150937093#0;814509.645;5820906.395;2
-4586176;793100.3049999999;5827984.9399999995;1
-814840750#1;794146.3;5824233.65;1
-79131680;805737.3200000001;5815497.449999999;2
-24335950#0;786401.86;5834670.295;1
-24335950#1;786451.35;5834813.859999999;1
-24335950#3;786516.76;5835004.73;2
962488982;789415.72;5836082.82;1
-153260680#0;811381.495;5815160.42;1
-25799486;811103.085;5821307.525;2
-153260680#1;811378.07;5814991.66;1
42732329#0;797781.355;5830541.535;1
453373591#0;806493.1799999999;5829562.63;3
-6075307;795243.86;5823385.76;1
-28893400#0;801019.84;5833550.125;1
-135403248#5;790580.39;5816121.01;1
-1008836419#0;811150.51;5828790.79;2
4463287;794482.6799999999;5821648.52;1
-26136571#0;802854.885;5828246.895;1
-25377511;783819.45;5824513.665;1
-725376312;780549.425;5828353.115;1
-425489133;809093.185;5829342.9399999995;1
-145795412;804431.56;5823436.5649999995;2
-708132722#2;806191.455;5822227.76;1
-219906008#1;789210.385;5835388.109999999;1
-46672257;800457.6699999999;5822835.805;1
-6139005;808413.115;5832764.725;2
-454034987;802781.0;5824308.96;1
-219906008#0;789186.635;5835483.43;1
-451411017#0;791603.37;5816754.23;2
-843189064#1;796970.025;5820488.720000001;1
-328064917#2;797675.19;5825991.195;1
157743391;815602.13;5813776.055;4
-65494672#2;812299.995;5818071.734999999;1
-700691319;789264.335;5820107.949999999;1
-1101502992;794606.3600000001;5815822.1899999995;1
-4805024;792959.475;5839077.745;1
-1100717695#1;794915.6299999999;5822742.52;1
-22650548#0;811856.98;5824723.715;2
-23859441#0;802986.4;5824102.574999999;5
-240823032#1;812343.0;5816547.115;1
-415858612#0;806002.0249999999;5832052.085;1
-785567931#6;797954.7949999999;5820828.37;1
-785567931#1;798199.64;5820947.93;1
-153617320#0;800179.015;5814666.325;1
-153617320#1;800196.575;5814552.495;1
-153617320#3;800350.35;5814304.465;1
39832685#1;789277.9450000001;5819637.975;1
-108988468#0;796394.8300000001;5831325.735;1
533425053;809521.24;5821502.925;1
-148631925;792334.865;5830943.2;1
-4805013;792879.175;5839226.5649999995;1
182584477#0;795700.1950000001;5830569.515000001;1
-1109944560;810065.88;5824999.800000001;1
-190964863;809050.105;5832386.35;1
542994023#0;810623.6599999999;5831955.465;1
-665666065#2;791760.6599999999;5838042.3100000005;1
-33116304;783685.38;5824642.515;8
-37585560#1;788597.7949999999;5836149.205;22
-142810568#0;807186.2350000001;5821112.35;1
-152354564#1;808937.705;5815534.6850000005;1
-27305627;800866.005;5819266.01;3
425498706#0;805727.865;5833537.23;2
-4978505#2;784008.405;5830412.83;1
-4978505#0;783983.43;5830156.390000001;1
-4378528#2;799820.145;5813187.865;2
-4777312;797632.655;5835355.99;2
-180232875#0;813535.415;5829304.1899999995;1
-24930947#2;797345.38;5835239.32;1
-138604846;804365.615;5838926.4399999995;1
-4515851;791723.2050000001;5826719.529999999;1
1097313371;798033.085;5830071.175;1
-1110513376;790874.905;5841231.595;1
-373625581;801321.685;5819969.475;1
-8048604;779894.155;5827576.095;1
-793358797#0;800377.415;5814100.59;2
-8152831;798992.385;5831880.140000001;1
-8048606;780195.615;5827780.475;1
-928877897#2;783979.6;5823273.445;2
-4765343;795740.7050000001;5836088.925;4
-910534149;802470.765;5833349.585;2
-4515870;789006.105;5827221.3100000005;1
-28402697#0;803140.7949999999;5829771.074999999;2
20821973;798112.075;5836833.9;3
191417248;803003.5900000001;5830810.605;2
-1089536050;810948.6599999999;5815466.390000001;1
-62211375#0;794105.9450000001;5837965.6850000005;1
-1105816337;813544.44;5821763.46;4
-456455655;797659.875;5824024.05;1
351704739#0;801146.3300000001;5828601.654999999;1
-9896647#0;810176.71;5832096.265000001;1
381497908#6;796411.815;5830810.545;1
-176187591#1;816506.225;5813108.13;1
-495949635;801002.45;5822333.85;1
381497908#0;796570.975;5831004.035;1
-1039584767;816514.495;5816393.215;3
-106063788;795857.915;5834683.359999999;1
-27138051#0;803638.4450000001;5819130.880000001;1
-1071216649#0;792967.1000000001;5835545.175000001;1
-1082505502#0;789854.395;5834043.359999999;2
-685145008#0;796232.4299999999;5836307.215;1
-29277662#1;780054.645;5816254.12;53
-23984865#0;795907.05;5836842.5;2
-4804677#0;790693.65;5837683.965;1
-142810555#0;809691.15;5820216.945;1
-142810555#1;809676.005;5820459.665;1
-23984865#1;795762.36;5837022.675000001;1
-137685680#1;789934.325;5823680.54;4
-29277662#0;779590.94;5815440.0649999995;7
330951949#0;786358.955;5829246.154999999;5
-4871824#2;792170.355;5819490.41;1
228498046#4;799665.5549999999;5824859.92;1
-24733698#0;807941.06;5818622.369999999;1
-373625578;801410.3200000001;5819885.890000001;2
-28362838;796675.745;5823359.37;8
-1117478686#0;794534.54;5821986.6;1
-26844977#2;793813.7050000001;5821866.880000001;1
-131834986#0;780437.92;5828007.39;1
908917339;808391.405;5829279.1;1
409524980;792180.065;5823704.949999999;1
-4424307#0;784722.36;5817247.59;1
40158592#2;812075.465;5831604.195;1
-4359641#5;786339.8899999999;5817714.75;1
-228498044;800728.81;5824885.155;2
-1044257447;806199.21;5826762.8149999995;1
-4484271;792767.1599999999;5819155.645;3
24700558#4;796597.425;5831023.795;3
112128418#0;799390.595;5828647.1850000005;1
-169076541#1;811164.2;5817018.984999999;1
328440058#0;789551.71;5827456.125;1
-27089234#0;810219.6699999999;5832565.48;1
-59636540#2;805731.005;5832149.05;1
-290250731#1;807730.0349999999;5824840.855;2
-59636540#3;805893.3600000001;5832417.72;2
-26348580;780672.095;5818480.515;8
172243640#1;802684.835;5817545.71;2
-40267305;814818.065;5829982.495;1
-35573545#2;799878.1950000001;5831981.29;1
-59636540#0;805673.8999999999;5831917.255;1
-59636540#1;805652.155;5831973.465;1
-978414200;812927.62;5831344.415;2
-11009381#0;804291.825;5838344.075;1
-23387215#0;781656.185;5832150.154999999;8
-29235953#1;782093.36;5828685.99;1
1120993183#1;798364.2450000001;5828384.165;1
-1056194775;780318.74;5828449.119999999;4
51939089#0;809658.335;5821437.65;1
-1098766218;811009.15;5826466.720000001;1
-30082800#7;806244.245;5817114.449999999;1
-30082800#4;806510.335;5817193.4;1
123951403#4;799332.48;5832752.3;1
-4802552#2;793436.835;5837712.27;1
-141802613#3;802473.45;5833933.805;1
-374821294#3;795089.03;5819598.609999999;1
-4765357;795471.84;5836286.025;2
-1101189714;791380.38;5826350.335;1
-22955116#2;788684.79;5825765.015000001;1
85327967#0;803133.24;5820070.05;2
538990599#0;804630.8899999999;5841166.32;1
-8149664#3;799801.27;5829826.59;1
-128266208;801076.715;5826001.285;2
-150564114;789918.31;5817940.98;1
-56201022#3;809090.2949999999;5814770.7;1
4898673#4;780207.285;5821056.58;1
-56201022#0;808694.11;5814450.8;1
-128266207;800667.3899999999;5825820.525;1
-4674816#0;793106.6699999999;5831642.95;3
-8008862#2;802855.225;5819923.0649999995;1
153151222#0;795075.1;5825774.735;1
-23387215#1;781802.425;5832054.494999999;4
-24839453#0;810414.995;5825756.86;1
-1102675578#2;795485.74;5824983.605;1
-4765368;794742.3300000001;5835916.3;1
-843882002#2;794687.095;5825275.005;3
-22491301;791198.1100000001;5835778.585;1
-514540368#1;809413.9850000001;5825453.67;1
-26288662#0;809587.735;5830162.665;1
-1112064172;813026.91;5824756.54;1
-42689069#0;804090.415;5831521.895;1
292525977;806194.315;5818484.965;1
292525978;806811.73;5818263.7;1
-155605274#2;801125.55;5823960.63;1
-15564868;788035.465;5827516.1850000005;2
-24606460#0;805893.015;5834253.165;1
-24606460#1;805835.98;5834133.54;1
-151370225#2;809582.0700000001;5824818.904999999;1
-4515847;792406.085;5827039.43;2
-53201458#0;790905.775;5837280.75;1
-161677837#2;785815.785;5838427.470000001;1
-153879650#1;816147.325;5816630.455;2
-153879650#0;816349.44;5816466.075;2
-6062094#1;806978.57;5834085.65;1
-6062094#0;806858.855;5834052.445;1
-96004833;787751.5800000001;5831250.82;5
-1085132033;810141.19;5819920.85;2
-23755703;798012.63;5825890.095000001;1
-676251258;798070.935;5832782.605;1
-281631707#0;795671.755;5836423.505;1
-607986258;792392.6000000001;5827726.41;1
-66071387#1;798097.1799999999;5826603.720000001;2
318658545#3;797789.89;5823382.15;1
-5117272;794718.7050000001;5833440.595;2
318658545#0;797799.63;5823167.175000001;4
318658545#6;797781.8;5823572.779999999;1
-1088106930;813123.2749999999;5829300.49;1
-1088106931;813463.9299999999;5829574.880000001;1
-24205014#2;814623.245;5829328.4;1
33079619#0;788935.53;5819647.24;1
-1102712839#1;801234.53;5831465.779999999;1
-1102712839#0;800996.7849999999;5831566.965;2
-1121008013;798242.505;5828515.35;1
-183346853#1;802943.2;5818435.355;1
-1039422507;793197.485;5824804.595000001;1
-44214618;819973.585;5818461.574999999;4
-23121641#1;800865.375;5836656.82;1
-22999317;809965.6699999999;5829363.15;1
-145485550#1;803510.1799999999;5838661.525;2
-22910105#0;800646.53;5816124.535;1
-25156224#1;809082.235;5834305.905;1
-22999311;810037.47;5829273.505;1
822840461#0;804182.05;5827958.015000001;1
-25151919#2;796055.405;5823175.325;1
-14489747#0;779835.885;5828992.02;1
-14489747#1;780185.97;5828971.63;1
-25156224#0;808891.865;5834161.45;2
-920903754;789985.73;5840310.640000001;1
-183346840#2;803661.485;5818400.51;2
-148288810#1;793481.2150000001;5815509.995;4
-1020326834;789824.06;5834824.385;1
-48907690;795626.155;5825930.205;2
71282500#0;795881.795;5824324.800000001;1
-1079233854#0;812656.615;5830919.68;1
5545230;794411.925;5823252.925;1
-5003462;779682.405;5827966.615;1
-10948806#0;804508.495;5841107.375;2
-4653642#1;813972.51;5827519.175;1
-10948806#2;804689.605;5841106.835;2
-908433835;790553.8;5820882.4;1
-5003460;779821.765;5828099.85;2
-275978921#3;795242.5800000001;5816801.165;1
-4805054#0;792489.4199999999;5839151.045;1
-4537628#1;788369.455;5830465.78;6
-4752451#2;794146.7;5818986.755000001;2
-1082303475;801549.615;5825975.02;1
-1125925844#0;796621.1950000001;5819648.42;2
-148616199;799296.095;5835058.135;1
-4396910;796301.79;5829532.43;2
-275978921#0;794901.2050000001;5816789.345;1
-38365318#0;782315.15;5816588.755000001;3
431573407#0;806712.755;5820264.085;1
152177655#2;812186.745;5817302.5649999995;1
-25388711#3;780753.45;5820281.654999999;1
-38365318#1;782341.275;5816641.7;3
-26321231#0;808545.635;5821003.3100000005;2
-751450812;807626.78;5824196.725;1
-1089784296#0;807069.165;5827991.154999999;1
-4765047#3;795752.73;5835464.21;2
-751450814;807459.665;5824442.54;1
-990437548;811831.9099999999;5827268.625;1
-4765047#0;795235.35;5835423.345;2
-1076497021;803159.575;5842319.555;3
-1064555041;792655.87;5827515.8100000005;2
4579858;799875.0900000001;5820699.895;1
-16141576#1;811854.925;5830765.91;1
-20207501#0;790020.38;5822723.9399999995;10
-37906671;795975.56;5816359.98;1
-290075136;803029.98;5829326.775;1
-638236411#9;804115.6;5830597.4;1
-963376586;818822.2150000001;5822364.73;24
-723007529#1;803679.6000000001;5821657.04;1
-148328412#2;790962.6499999999;5817246.52;2
-26589645#1;803548.375;5828953.555;1
431353990;805782.4199999999;5824404.13;1
-753730624#0;780702.03;5819261.025;1
-196631173#1;810492.37;5822439.345000001;2
-24839847#4;809994.26;5824960.295;1
-241859198;792472.325;5833092.59;1
-24839847#3;810030.0549999999;5825128.145;1
214388581;791206.81;5829024.885;4
31609650;799959.265;5827442.555;1
-226947013#1;786601.8400000001;5838224.775;1
-31435536#1;784981.1699999999;5824226.125;4
-226947013#2;786577.39;5838115.3149999995;1
-362021946;786813.155;5826512.89;7
-114189255#4;801063.015;5816589.425000001;1
-1082327477;801972.085;5826297.28;1
28819505;785180.88;5817067.055;1
-152952074#1;799107.32;5814228.66;1
-152201901#3;811756.8;5825236.775;1
-152952074#3;798900.9199999999;5814355.15;1
-41977264;794526.15;5838263.775;1
-238032769;799342.935;5837934.119999999;1
-28259790;787317.8049999999;5831554.8100000005;4
-574496635;797773.99;5816057.595;1
-22916789#6;792254.015;5839048.1899999995;1
-114189255#2;801167.735;5816551.425;1
-334355605#0;790804.67;5829235.405;1
1087866102;807670.15;5830017.275;1
1087866101;807674.14;5829836.355;2
-334355605#2;790964.9450000001;5829542.135;2
-451621867#0;795832.67;5815584.970000001;1
-26144482#0;801679.27;5838977.0600000005;1
-152177678;812408.5900000001;5817213.665;1
-138624421#2;806863.3200000001;5818646.654999999;2
-4764815#0;797037.03;5834663.605;1
-26144482#3;801328.255;5839036.675000001;1
72175242#1;788776.8;5826052.93;2
-567597390;822054.265;5819226.775;1
-23008581#1;802428.005;5833840.49;1
-1052598013;778992.9450000001;5814964.2;5
-875619205;799064.65;5830719.72;3
-1102323803;791118.415;5826898.775;1
-151022046#1;794279.115;5821294.6850000005;1
-875619206;798594.04;5831218.135;1
-4687333#1;802221.97;5830334.3100000005;1
-1096709563;799757.015;5829006.24;1
-1102323801;791341.0449999999;5826932.970000001;1
40520565#1;804088.97;5832381.735;1
-84146576;797540.52;5819546.484999999;1
-152258288#0;820267.23;5818993.33;1
-4802852#1;794261.105;5837684.220000001;1
-152258288#2;820492.635;5818936.93;1
-27370704#6;799981.69;5838509.49;2
-152258288#3;820621.395;5818838.32;4
-1117198124;806329.3799999999;5822220.615;1
-4802852#0;794309.7949999999;5837725.2;1
-148789440#1;795004.19;5819803.984999999;1
-27370704#1;799920.885;5838113.585;1
-1077511427;811463.185;5819305.765;1
-1052939314;802699.7150000001;5828687.775;1
-1125803504#2;805088.1950000001;5834653.515;1
-1052939315;802946.325;5828605.89;1
-604236912;792666.28;5827417.335;2
-26647589;812876.37;5826443.505;1
-156346084#1;800593.86;5819918.04;4
-4575470;792991.22;5823258.28;3
-24961509#3;793524.04;5822277.54;1
-1101274977;791876.87;5820523.74;1
-467596558#1;813275.495;5826879.865;1
-461128132#0;798023.52;5817086.225;1
-4797953;784902.175;5829882.885;1
-1074096515#0;808853.135;5832783.59;1
-7738787#0;810031.72;5824687.785;1
-464446153;791071.615;5832935.824999999;10
-4797957;784905.185;5830273.595000001;2
-4797958;784846.075;5830091.855;1
-23430154#2;802688.935;5826906.465;2
-24622057#2;801375.6699999999;5817100.73;1
-281631711;794936.935;5837039.615;3
-139712152;799037.4299999999;5829806.01;1
-1050506145#0;805521.73;5826825.005000001;1
-723084569#6;789347.56;5818192.355;1
-1111930031#3;812932.46;5826096.640000001;1
-1111930031#1;813044.78;5826397.245;1
626979660;803568.915;5826258.25;3
-4588777;791763.8400000001;5829661.28;1
-152434838;798730.53;5812987.175;1
-4588778;791806.37;5829408.27;1
-141575941#0;802655.0249999999;5833513.58;1
-28961510#0;801362.7150000001;5822249.905;1
-28580848;811502.54;5831171.705;1
-152434830;798936.9750000001;5812999.405;1
-5011322#3;785002.315;5832969.025;1
-5011322#4;785104.1799999999;5833080.635;5
-4588775;791702.11;5829453.449999999;1
-758672646#1;809447.685;5826466.165;2
-16239219#3;802174.735;5837176.275;3
-655368180;795982.765;5830014.21;2
-114097468;800521.19;5824342.415;1
-281631708;795469.4850000001;5836831.145;2
-26969521#2;792803.2849999999;5826396.91;1
-36377219;796802.05;5835901.48;1
-4480545;789933.835;5826423.515000001;1
-849528487#2;801194.35;5824839.744999999;2
228246093;780864.255;5819017.57;1
-1110388623#2;792829.8049999999;5827403.105;1
-691184263;805137.585;5842090.98;1
-699945301#3;801661.435;5837059.375;1
-4364473#1;785659.65;5817064.1899999995;2
143308532#0;807613.0;5818356.755;1
-11024224;802161.315;5838966.6899999995;1
-1079249458#0;810122.745;5834197.54;1
-4364473#0;785529.165;5817182.93;1
-699945301#5;801768.0;5837335.96;1
-152434823;799098.5900000001;5812416.835;1
-5786846;787533.53;5838766.92;1
-4783366;801592.01;5833305.275;1
-544897612;819679.925;5819797.035;1
-182689595;799007.315;5830378.725;1
-7736487;789460.405;5826041.8149999995;1
368209183#0;792462.435;5824066.51;1
-1088355369;809216.99;5829224.26;2
-33389695;801504.1000000001;5817696.495;1
-298291860#0;803769.775;5837483.3149999995;3
-27852058;786223.185;5817765.135;1
-298291860#1;803567.6699999999;5837603.78;1
-26775875;782912.385;5822902.675;1
-286198247#0;799690.405;5817139.305;3
-1115691409;807401.605;5829621.84;2
-44810507#1;789196.75;5839380.995;1
-29880839;803918.9550000001;5823550.055;2
-199987282;791662.02;5829869.58;1
33079953#4;790027.495;5819335.859999999;1
-4765751#3;793228.2;5835941.199999999;1
-1088355370;809075.625;5829093.529999999;1
-1117607279;808419.65;5815556.635;5
-25522668;781221.645;5822647.630000001;5
-804215888;792180.335;5820612.85;1
24326506#2;799132.855;5829170.25;1
24326506#1;799181.2350000001;5829238.52;1
192204857;810553.32;5817292.09;2
192204855;810260.3;5817610.9350000005;1
39492180#3;794837.845;5833435.715;1
39492180#0;794852.68;5833679.385;1
-1069710033;791070.35;5838150.01;1
-1069710032;790836.375;5838422.550000001;1
-844076875;797329.05;5828319.45;1
85278289#0;807367.78;5819661.365;2
-151627015#0;811325.22;5815341.1;1
-22875296#0;812325.83;5817603.495;1
-1096319264;797670.4550000001;5829070.895;1
-4689501#0;787820.78;5818110.16;1
-4689501#3;788265.9850000001;5818074.575;1
-27154460#0;796490.93;5834242.335;1
-229589502;812001.36;5821508.210000001;1
-152645951;788930.9550000001;5826342.415;1
-152645950;788813.53;5826508.23;3
4858598;793449.2250000001;5819063.66;2
-55816482;795014.53;5829811.01;2
1064492613;795615.49;5818766.245;1
-4364486#0;785965.5049999999;5816771.775;2
-689547489;782317.13;5821045.9;1
-24485523;820376.8400000001;5815943.0;9
-103405413#0;799143.51;5815746.9;1
102870230;810365.285;5819999.734999999;1
-152946752;793429.015;5826266.705;2
-174614442;796764.9099999999;5818527.550000001;1
-4788772#3;805477.4450000001;5831778.385;1
-44978020;799254.085;5836432.79;2
-5046521#0;785630.6799999999;5836187.9399999995;5
-1092645063;801236.9299999999;5828808.91;1
-150733282;788390.71;5816708.529999999;1
-71527205;798771.88;5816974.2;2
-26427693;815344.0249999999;5817990.055;50
-23547076;795456.615;5838814.83;11
-39496187#1;789182.825;5839763.63;1
-18833000#0;786003.515;5831756.52;1
-39496187#2;789283.45;5839738.775;1
-23532810;811936.935;5817175.745;2
-188591697;796620.1000000001;5824313.359999999;1
-37638503#3;782581.525;5820775.05;10
-37638503#0;783006.3300000001;5821317.675;6
-880121416;800571.125;5822994.675000001;1
-200198711#2;803262.6;5832756.63;1
-71595983#0;807635.51;5816137.05;1
-152466421#0;809532.375;5817187.29;1
-4316780;785206.36;5817652.585;1
-23547080;796811.605;5839518.085;8
4686099#0;801541.73;5826033.37;1
-32975880#0;797549.105;5825082.265000001;1
10780539;811025.88;5820187.25;1
-142576834#0;790582.86;5821083.6899999995;1
-1103886086;795303.9450000001;5830427.575;1
-618056541;804413.845;5836408.96;29
-145053411#0;799306.9199999999;5835218.18;1
371242755;814480.2;5820733.26;15
-4604844#1;789266.905;5826608.755;1
-62240975#2;796426.835;5825517.095;1
1078770496#0;795090.2849999999;5831102.199999999;1
-1095295160;802768.1950000001;5829675.5;1
-752226435;802188.425;5832133.6850000005;1
-223188529;806346.005;5827262.59;1
-33745878;816052.89;5809751.045;5
-140149258;802152.615;5828223.825;1
-23532835;811938.54;5817289.765;1
-1083525648#0;801471.755;5828073.93;2
-61323215#2;804621.71;5820191.485;1
23109077#3;787499.1499999999;5817589.045;1
-61323215#3;804781.78;5820457.115;4
-43167439;816373.31;5821234.305;11
-978191734;796578.6950000001;5823968.015;1
-152258381#3;819415.035;5819346.25;1
-860667828;800200.53;5822509.475;1
-22966091#0;796481.705;5837153.41;2
-152258381#1;819464.79;5819578.205;1
-1044819397;799530.185;5836977.505000001;2
405695354;785250.11;5816190.98;1
-42989662;795617.62;5833911.01;1
-238070963#1;792031.565;5831449.42;2
-238070963#0;792299.9850000001;5831308.77;2
-285534595;804886.715;5834729.055;1
-10587009#0;815947.48;5809800.615;1
-4829116;800097.2;5817062.615;1
405695351;785109.77;5816511.23;1
-4490163#2;792042.0549999999;5826244.67;1
405695350;785092.175;5816764.725;1
-4829115;800173.46;5817080.625;1
-60917391#1;806332.725;5834648.140000001;4
-161910724;801671.605;5838001.22;2
-4796503#0;789850.7949999999;5834737.595;1
-23547065;797832.8999999999;5839295.505;3
4067951#0;795095.8300000001;5833747.275;1
-57101102;796751.505;5835330.085;5
-53357058;800789.135;5826497.885;1
-53357056;800393.775;5826048.42;1
-135777013#4;805069.8049999999;5815860.785;1
-562101535;792149.9099999999;5816779.735;1
-1084265502;800424.175;5833738.005;2
-16420774;799211.925;5837209.625;1
-27944133#1;808919.5900000001;5828817.315;1
-33745891;815992.98;5809882.16;1
-135777013#0;805303.67;5816342.8149999995;1
-1061056171;806468.695;5822599.805;1
-150916958#0;811712.26;5819607.245;1
-202711591#0;801539.135;5837792.235;1
-1097101107;784978.3300000001;5817348.6850000005;1
-4359668#1;785667.415;5817330.115;3
-27944133#0;808940.49;5829102.325;2
816324752#0;800328.72;5824559.1850000005;1
-14652681;789480.5449999999;5817107.234999999;1
187103792#0;799738.8;5828585.585;1
-7704019;808164.155;5830254.85;1
-153260692#2;811437.5549999999;5814894.23;1
-153260692#3;811587.245;5814881.574999999;1
-593851926#0;801499.01;5829490.140000001;4
-153260692#1;811323.53;5814903.425;1
-24517074#1;812641.005;5827462.34;1
-4486675#0;790983.44;5822565.71;1
-725443650;781020.145;5828934.555;1
-4486675#2;791265.7450000001;5822263.01;1
-189033370#1;805433.785;5832453.4399999995;1
-14652688;789140.05;5817087.085000001;1
-4777104#2;798468.235;5835492.65;1
154041920;796980.325;5827342.875;1
-23859440#2;803435.385;5823642.49;7
824542510;801956.22;5820644.505000001;1
-1102371548#2;795099.4650000001;5832136.1899999995;1
-148665034#0;791085.29;5818314.18;1
-4829100;799419.8;5816532.08;2
-11025158#0;803483.3999999999;5838057.04;1
-14652696;788093.3200000001;5816479.85;2
405695361;785486.7150000001;5816294.855;1
-8669523#0;785992.935;5837743.32;1
-549990625;798663.23;5821837.02;2
-584015467#1;795936.355;5832725.12;1
619455588#1;805891.81;5828209.5;5
-63031918;801934.135;5827691.77;1
-24204977#1;814256.645;5829694.455;1
-148665021#2;792374.565;5818146.01;1
-24204977#3;814467.365;5829956.93;1
-22381928#2;790931.065;5837396.65;1
-693273454#2;797149.81;5821105.574999999;1
-4359428#1;795856.835;5816139.65;1
-30705441;793300.23;5838566.385;7
-1098427834#1;812489.4550000001;5825176.335;2
-31302218#2;805701.5249999999;5828060.275;1
-31302218#0;805684.54;5827887.02;1
-791133272#0;781886.0700000001;5829174.02;1
-791133272#1;781883.615;5829288.88;2
860314546;803632.22;5820296.745;1
-639935469;810940.715;5816630.890000001;1
-43998940;812016.355;5830914.199999999;1
-19661123;794036.39;5819391.52;1
-151742468#1;806918.31;5816500.025;1
-827928742;800388.475;5823629.57;1
-1125943765;803727.385;5825308.51;2
-9934132#2;785110.26;5828571.8;1
-935919388#0;790828.51;5840682.085;1
612322338#0;793092.81;5835185.48;1
24204378#0;812782.63;5829974.539999999;1
-137728457;800770.56;5820968.585;3
-200708538#3;786842.93;5834310.4;2
-1109545992;814401.7949999999;5821127.445;1
-151368584;807860.7;5821750.01;2
-195344063;800080.2749999999;5826039.9350000005;1
175671149;795627.41;5826281.41;1
-200708538#1;786536.25;5834402.505;1
4484277#0;791240.25;5818941.075;2
-10989838#0;804407.595;5840583.045;1
4354349;785174.29;5817857.805;1
-30138294;796543.6;5840539.41;1
-596592085;793543.995;5831721.755;3
-4067941#0;792395.745;5833690.015000001;1
48388758;798113.72;5831832.66;1
-1079758387;796945.5449999999;5821982.5;1
-332268073;783352.685;5823061.3100000005;1
-785350799;801382.5700000001;5823524.305;1
-33079043;785994.8899999999;5825822.36;13
-33079042;785386.21;5824746.45;21
-22959737#2;785605.5900000001;5833146.43;1
-24305644#3;794275.71;5816890.095;1
-219768777#1;804493.025;5816002.86;1
-5008804#1;780396.485;5829363.655;2
24214089#2;797015.1699999999;5826603.9;1
-1083744840#2;802255.49;5827503.085;1
-4359642#1;796193.87;5816951.675000001;2
-4359642#0;796077.4450000001;5816765.825;1
-24523055#1;808912.145;5834712.225;1
4674389;793631.4550000001;5831924.73;1
-4610130#2;796652.115;5832212.279999999;3
-724688436;816286.165;5821468.645;16
542994024#0;810771.5800000001;5832018.145;1
-597858911#1;812946.3200000001;5823489.275;1
-37342198;812612.28;5828562.215;2
804908632;799150.22;5819923.355;1
-156579505#1;800332.675;5815187.93;1
-152354565#1;808289.955;5816483.5600000005;1
-16239793#1;801847.8999999999;5836862.285;1
-16239793#2;801787.645;5836629.205;1
-43114621#2;798717.915;5830034.17;1
-43114621#1;798777.41;5829877.365;1
-9897271#1;809621.485;5833677.695;2
-9897271#0;809728.815;5833843.93;2
-4594026#0;791912.88;5827552.550000001;1
-27604012;804590.29;5835453.96;1
-947014754#0;799926.39;5817465.975;3
-24841746;811692.065;5825000.68;1
-1109962220;791099.245;5840200.85;1
-4045655;796215.29;5835997.995;1
-4787958#3;803484.085;5832644.75;1
-200027857#0;785989.6;5834904.26;1
-21052992#0;793631.375;5836331.805;1
461931309#0;799924.655;5831724.585;2
-10775114#0;813884.6000000001;5831105.39;1
-10775114#3;813514.14;5831115.695;1
-36932463;803807.825;5831241.32;1
-963370465;818549.0800000001;5821075.835;13
-244469142#0;800083.0449999999;5815868.65;1
-305137114;779970.38;5828666.52;2
270282145#2;809616.49;5818233.165;1
-5000181#2;782859.755;5829376.380000001;1
-305137118;781385.41;5827542.585;1
-416556688;808157.82;5829496.76;2
-317662311#3;809147.695;5815284.74;2
-1050523243;806007.12;5826957.72;1
-317662311#0;809442.1799999999;5815569.88;1
-755644385#5;790531.62;5833699.574999999;1
-21052992#5;794168.765;5836858.925;1
-4776148;799042.9650000001;5833620.585;1
4420863#0;783322.0700000001;5818983.859999999;27
-755644385#2;790213.935;5833689.73;1
-4570557;790342.28;5823162.890000001;2
161883479#5;793210.81;5819720.645;1
4783451;802782.5349999999;5832480.395;1
137460394#0;800398.89;5821513.27;1
-1090198573;808572.845;5823551.93;10
1050922323;782682.085;5830419.605;1
-4764174;797487.5549999999;5834041.91;1
-514540369#2;809433.01;5824817.665;1
-165814968#1;789153.395;5816792.805;1
-4484163;781746.065;5813258.675000001;1
-4616575#1;801388.855;5827523.205;1
-462582768;781875.665;5829010.595;1
-525374656#0;806293.545;5824977.46;1
-779303216;782373.265;5816736.57;10
4796775;790588.29;5833479.755;4
-1113396558#3;803760.5900000001;5830333.82;2
-1117614486;819473.5800000001;5812832.0600000005;3
-4617319#0;795895.535;5819546.46;1
40158591#1;812346.6499999999;5830542.869999999;1
-4613300#1;799288.81;5828849.395;2
-22278168;807076.075;5821843.23;1
-38523780;792079.02;5828417.835;1
-30823427#3;808753.5800000001;5828270.785;1
-231019450#0;796538.0700000001;5817473.365;2
-80852553;809217.0;5821126.275;5
-30823427#0;808772.77;5828548.75;1
-231019450#2;796621.12;5817772.015000001;1
-231019450#1;796570.97;5817670.28;1
-5046519;785079.965;5836288.67;1
-5046518;785359.75;5837282.38;1
-5077370#2;785447.565;5830296.155;1
-138515677#2;801695.805;5819106.02;2
107454450#0;798326.705;5831834.265000001;1
-4395599#2;796227.395;5828028.91;2
-721784634;799240.35;5837526.245;1
-648493467#5;798285.74;5819908.0649999995;1
-44155098;806519.27;5831319.845000001;1
-237460083;804691.48;5825331.165;2
-785350779;802442.015;5822950.8100000005;1
-4706334#2;789015.0700000001;5817161.3100000005;2
-4706334#0;789284.085;5817319.855;1
25523589;779899.435;5821572.845;1
-209086884;801170.77;5829647.025;1
-152495005#0;809309.185;5816575.74;2
-11008123#2;804150.415;5839363.97;1
-1094529702;800576.72;5830921.85;1
-28492482#1;800788.34;5834541.640000001;1
-6082206#3;805319.9450000001;5832776.445;1
-628801266;805913.55;5825689.555;1
4699589#0;809578.21;5828256.555;1
-47218689;791690.3200000001;5829805.96;1
-83503561;785106.475;5817291.665;1
-4706334#7;788611.745;5816922.23;1
-4706334#6;788702.605;5816976.175;1
-25684171;805814.7949999999;5818133.6;1
28502755#1;788698.41;5827659.995;1
31003252#0;800040.62;5821379.87;1
-37769839;779787.39;5829529.785;1
1106108408;797940.2250000001;5831504.82;1
-36993540#1;796890.015;5836089.154999999;1
-937748470;801948.13;5840292.225;6
-24869012;799862.205;5830011.145;1
-336735697#0;812437.72;5821404.96;2
-818780550;803330.2849999999;5822665.140000001;1
4381562;793494.2;5826448.025;1
-336735697#1;812519.135;5821363.54;1
698150951;799467.515;5824524.869999999;2
-4581765#0;794915.47;5828925.895;1
-1118165310#0;794841.32;5821846.595000001;1
-21721172#1;815055.13;5814833.375;1
-200767356;797212.98;5818605.9;1
148670270#0;791693.8;5819257.300000001;1
-194793311;806698.855;5816888.52;1
-794782644;800601.81;5822896.165;1
-28281159;799342.075;5830197.38;2
-1113582024;802685.5800000001;5827300.92;1
23626963;784491.335;5831077.035;1
154041918#0;796974.665;5827197.335;2
-142810552#3;811743.9;5824657.645;1
-142810552#4;811849.25;5824594.495;1
355854207;806548.4850000001;5830231.995;1
-118635979#0;795564.04;5818077.685;1
-200767375;797492.81;5818709.675000001;2
-200767372;797207.515;5818184.27;1
-12305962#1;793006.7849999999;5833213.289999999;2
30135009;802788.085;5832253.86;2
-31262086#0;808511.3;5830066.92;1
-177839808;805746.27;5817722.82;2
-200767368;797562.205;5818361.715;1
-219558868;806105.285;5822626.745;1
-1125925845#2;797215.3300000001;5819417.265000001;1
-142810552#7;812082.1950000001;5824455.0;1
-575682602#4;788870.3300000001;5839308.875;1
-345385418#2;792288.76;5820741.5600000005;1
318552385#0;791161.415;5823232.085;1
-837376160#3;803961.335;5823103.84;1
-34571334;795338.925;5836597.635;1
-1026692358#2;812168.9299999999;5830066.210000001;1
-8113954;803108.8500000001;5828736.855;2
4531772;793820.62;5830378.895;3
-140964909;809569.28;5820211.945;3
-30898948;809164.025;5825660.55;1
-71596046#1;808431.0700000001;5815225.675;1
149843727#1;788484.155;5817788.645;1
-975440485;801868.4299999999;5825719.045;1
-10416383;804011.525;5841658.0649999995;3
-893378062#0;805325.295;5825763.75;4
25121297#5;796228.85;5825297.4350000005;1
-138624477#7;806630.0800000001;5818930.26;1
-154838407;797922.76;5816377.355;1
270699937;800838.21;5827827.05;1
-825463794#1;789193.725;5817569.279999999;1
-24583471;817920.595;5818441.0;1
-24839719#1;810228.25;5825499.800000001;1
-37910147#2;799726.685;5813104.365;1
-30824774#2;809994.415;5834418.16;1
-24583479;817717.4450000001;5818689.1850000005;3
498695975#0;803145.48;5822761.805;1
-247340731#2;794809.145;5831146.605;1
-281982065#1;780615.325;5821473.055;1
335487071#0;796712.355;5826101.785;1
1101156973;795247.29;5826583.17;1
-19394869#1;804605.4099999999;5822323.46;1
-51038618;781203.78;5815410.83;1
-155629781#1;811362.145;5829126.495;1
-5108217;802549.19;5820063.015000001;1
-4699583;809594.29;5827716.73;1
-610848017;792749.26;5826901.595000001;1
-4745655#0;790252.755;5822583.13;1
-155605352#0;802520.675;5823874.17;2
-148434479#1;790975.845;5815954.6850000005;1
-25815084;812675.645;5820274.02;1
-415468639#0;811474.4199999999;5827511.41;1
-142810559;811495.095;5822261.48;1
-142810557;810509.72;5820494.525;1
-156350706#2;799945.37;5819212.69;1
-316749677#2;802931.55;5826904.615;1
-5000767#0;782414.62;5827971.48;1
-5000767#1;782243.46;5827920.82;1
-153604253#3;800351.42;5813182.8149999995;1
-5000767#2;781967.97;5827844.475;1
930308240;805149.03;5831626.869999999;1
-1109037816#1;815231.88;5820955.645;5
-1109037816#0;815042.43;5820941.8100000005;3
-331318342#1;813007.155;5821031.71;6
-814842898#0;794389.79;5824391.875;1
823635957#0;800364.7;5830043.734999999;1
-24872698;810459.98;5826338.0600000005;1
-4802809#2;794611.105;5836410.025;2
-200198713;803377.575;5833257.875;2
8784064#1;789300.325;5830259.525;1
-142810572;811934.015;5822332.225;1
-4788388#0;805224.3899999999;5834375.585;1
-987920704;815046.2549999999;5821541.025;1
-142063664;801076.255;5833663.055;2
-24160678#3;792841.815;5819782.4;1
-8786393#1;809260.25;5828625.795;1
-24160678#2;792645.49;5819664.805;1
-183216297;795651.25;5825269.515000001;1
-4581778#2;794986.065;5830989.71;1
-4359603;786739.46;5818231.165;1
-198589918#2;803937.22;5826300.605;1
375097973#0;794652.8999999999;5830790.43;1
-846957784;810152.52;5825899.199999999;1
36517134;791480.8799999999;5830680.015000001;1
-214314740;797611.075;5822108.27;1
238944032#2;799207.235;5831524.279999999;1
150928418#0;792434.105;5825400.74;1
39469710#0;790304.52;5835152.484999999;2
9932310;784421.675;5828403.315;2
-1087444217#1;810864.865;5828632.3149999995;2
-173859231;797903.5549999999;5833175.609999999;1
-749235663#1;790615.96;5820506.9;1
-4492011#2;793800.6599999999;5825174.4399999995;1
-749235663#0;790657.53;5820684.765000001;1
-5025950#1;781326.045;5831052.83;1
-100832885#4;801438.04;5825515.365;1
-183346854#0;803250.135;5819029.09;2
-723007528#3;803080.795;5821885.285;1
-183346854#1;803179.06;5818891.82;1
-100832885#2;801187.645;5825629.18;1
-19200525;794352.8700000001;5833346.325;1
-100832885#0;800928.0549999999;5825753.695;1
-16366200;813401.94;5827783.125;1
255203111#0;801020.75;5820768.77;1
-1011831389;801379.76;5831177.455;1
-4802786#3;793621.86;5836872.725;1
749259904#0;797781.525;5818795.02;1
-5108274;802972.075;5819833.074999999;1
-195439132#0;801444.08;5826670.205;1
694484011;801067.0449999999;5838289.33;1
-145933306#0;792271.805;5825967.8;1
-48435428#3;780852.425;5830144.625;1
-35557143#4;797840.705;5827362.895;1
-145933306#4;792305.3;5825832.155;1
-32439941#0;805227.385;5816355.85;1
-192316815#0;806083.94;5831989.87;1
-688671074;811716.215;5827482.805;1
25045204#6;792160.925;5821835.875;2
25045204#4;791809.3999999999;5821912.155;1
-714512465;796263.4099999999;5823356.625;1
4828060#1;799216.75;5817545.91;1
4828060#2;799044.345;5817383.955;1
-23752644#2;797593.3049999999;5824572.529999999;2
694484009;801157.385;5838177.495;1
-145635385#1;787159.78;5818710.955;4
-4801743;791933.06;5833626.01;1
-145635385#0;786927.71;5818685.0;1
-176050262#1;805379.25;5828192.93;2
-598576218;792192.315;5837542.0649999995;1
-142574737;792727.775;5822888.58;1
694484002;801184.61;5837641.865;2
-143723489;791142.135;5820870.51;1
-25308380;787190.41;5828778.050000001;5
-151457956;796245.815;5820679.885;1
23010175#0;809929.065;5819859.965;2
-39499458;806124.175;5827514.890000001;2
-23558943#2;813453.845;5825840.1850000005;1
-1101407426#0;795081.815;5828913.495;1
-1101407426#1;795014.4750000001;5829027.05;1
-157152559#1;804991.525;5817258.335;1
-23558943#4;813841.7250000001;5825614.275;1
-803210484;797827.0800000001;5829359.82;1
31102014#2;805237.0549999999;5817281.215;1
-612732744;800281.735;5823498.12;1
31102014#4;805341.05;5817156.465;1
26283733;801031.05;5831723.23;1
335480512#0;800585.29;5829873.4399999995;1
-30642098;811639.74;5822794.005000001;1
428550555#0;786183.635;5828127.13;2
-874528353#2;797659.6000000001;5827433.109999999;1
-795574342;801266.7949999999;5822825.01;1
-4792207#0;797425.185;5818167.26;1
-24033673;784003.3300000001;5823112.265000001;2
-827522238;802799.835;5822540.98;1
105679494;812653.89;5830065.859999999;1
-153947885#0;804854.5549999999;5816401.805;1
134217608;791100.515;5830852.1;1
-4900183#3;780348.085;5820165.4;1
1057190072#0;797131.28;5824741.529999999;1
-236133664;790290.825;5830653.105;13
-627779926#0;801384.9450000001;5831285.8149999995;1
-928805524;813575.7050000001;5827411.93;4
-1102675580#0;795322.2150000001;5824969.67;2
-151742415#1;806352.785;5815243.795;1
-8113937;802537.645;5829165.385;1
-69720502#0;805430.595;5826847.734999999;1
-24160679;792259.325;5819555.535;1
-22650456#0;813014.865;5824554.32;2
-6062506#0;806944.2749999999;5833557.57;1
1081850442;793563.0;5834397.23;1
-6062506#2;807044.5049999999;5833828.045;1
-6062506#1;807054.825;5833618.77;2
-4553340#2;786431.5800000001;5830508.095;1
-31579596#1;813780.615;5827705.305;1
-4796799;789751.055;5833920.74;2
-154837267#4;797694.96;5817283.215;5
-8113949;802710.12;5829037.56;1
8784066;788989.7050000001;5830184.29;1
310307465#0;808677.725;5821651.62;1
-4802439#3;792748.65;5837532.46;2
-1117643774;789182.065;5824906.4;7
-945101357;815067.0349999999;5821054.62;1
-31666972#0;800361.165;5831824.045;1
-68711081#1;792061.88;5816492.88;2
-1092334556;810470.62;5828184.555;4
-627779926#3;801497.15;5831215.904999999;1
-68711081#0;791802.9650000001;5816321.225;2
-30932481#3;786722.7050000001;5829946.01;1
-152863356#1;810745.21;5814655.99;1
-4446444#3;791224.51;5824239.245;1
-152863356#0;810770.25;5814981.35;2
-30932481#0;786465.3400000001;5830009.67;2
-24591982;794431.6799999999;5835527.455;1
-1118617267;796637.365;5830827.859999999;1
-4801736;791283.925;5833606.645;1
785516227;801222.1;5829971.885;1
-844527459#0;799013.7050000001;5818356.445;1
-111861870;788592.895;5827980.09;7
-844527459#1;798996.2849999999;5818247.225;1
-196961376#7;793483.71;5825013.555;1
-57388361#2;781532.0449999999;5830427.86;3
-141968881#0;805448.89;5819788.665;4
-141968881#1;805584.165;5819986.2;1
-4796774;790140.8600000001;5833812.37;3
-312054601#0;794512.2;5831767.84;2
-4492445;793850.005;5824231.275;1
-1028649446;794101.865;5818813.095;1
-720197826;796383.075;5826732.52;1
-69720502#1;805538.1699999999;5827103.245;1
-80366517#2;796186.59;5825795.625;1
-341962450;803288.83;5823427.395;1
4054013;806864.165;5820885.904999999;2
-1103510517;805083.5900000001;5830713.345000001;1
1081850435;793529.205;5834076.66;1
-1039425453#2;789396.9299999999;5827164.15;1
-25388818#2;796761.73;5830226.404999999;1
152264786#0;795940.0149999999;5823112.035;1
-4787341#0;802490.27;5831531.015;1
-7997671#2;811107.71;5826859.805;1
28961234;803983.2849999999;5823706.1899999995;1
-702310768;800524.62;5812665.234999999;2
-25514691;781364.155;5820461.0600000005;8
-370405123#2;803226.035;5832225.035;1
-20007264;789250.22;5823408.67;1
-4623432#1;790204.0900000001;5824276.57;1
-856970580;801688.6950000001;5825009.11;1
-4844875;782656.7;5816018.405;1
-151237836#2;811200.115;5819185.415;1
-151237836#3;811099.4450000001;5819172.55;1
-647375444;787729.105;5830863.09;1
-28162580;805398.54;5829110.255000001;2
-1088804295;802213.0449999999;5826873.625;1
-29094331#4;782607.8500000001;5821265.455;2
4764207;797571.6699999999;5833994.825;1
-4616178#4;792498.415;5819347.1;1
26401499;792188.835;5833535.25;2
-527161303;802655.22;5839440.16;1
-57401219;780121.905;5829190.125;1
-8150009#0;799919.98;5830686.49;1
-4579697#0;788604.02;5827615.109999999;1
-25799297#1;812414.635;5821847.205;1
-593503609#0;814074.025;5829024.71;1
-49707947#4;792876.1;5819145.93;1
-31758946#0;796969.0700000001;5816854.48;1
40517717#0;806078.855;5833768.995;2
-24204805;813455.7350000001;5828207.67;3
-4484065;793271.94;5830066.73;2
-1109914238#1;810888.22;5825052.645;1
-243883902#2;811788.94;5822110.77;1
-135898143;810813.685;5822044.295;2
-20431561#0;810274.7949999999;5834123.62;2
-4783379;804132.395;5833383.055;1
1084619563#0;811956.69;5831501.984999999;1
-69166206;802074.4099999999;5831130.745;2
-1082490294;810634.105;5822145.15;1
-190425284#1;802345.405;5836646.91;2
310307464#1;808175.1599999999;5821882.375;7
4410448#0;793439.365;5829494.949999999;1
138611863;795247.3500000001;5822616.975;1
-151619640#0;798076.6399999999;5819996.2;1
-493403796;798636.06;5832216.025;2
-148292271#3;792933.1499999999;5815631.025;1
-148292271#1;792734.605;5815897.105;1
37143424#0;783635.5549999999;5830185.369999999;1
140336721#0;794882.355;5828462.09;1
433870251;795004.6100000001;5827121.85;1
30958167#3;799871.75;5813607.96;1
-10081218;819286.0;5812535.365;7
30958167#0;799984.8200000001;5813339.79;2
30084195#0;802371.345;5817741.925;1
-15219326#1;811917.25;5831024.76;1
-57401222;780292.0449999999;5829178.97;1
-22875277;798794.915;5835940.415;1
-48377996#1;792373.6950000001;5817123.635;1
-12620750#1;810736.615;5821537.57;1
-23532975;812101.8400000001;5817130.74;1
-142571958#2;792766.14;5824990.675;1
-19973474#1;781353.05;5829562.880000001;1
1013626051;810670.935;5817345.135;1
-142571958#1;792746.505;5824876.845;1
-4764204;797856.36;5833858.225;2
-520485515;795393.79;5826041.785;1
-4396528;797360.8999999999;5826485.76;2
-641657694;804721.11;5819857.405;7
-4733800#1;790746.575;5822533.5600000005;1
-598150401#0;791470.7250000001;5837935.539999999;1
-4791829;795776.575;5819369.695;1
-207230829#0;807399.885;5820962.359999999;1
-942877956#0;809130.41;5828507.33;1
-958268190;803460.34;5843517.720000001;1
-1017821052;810716.61;5818080.1899999995;2
354090677;807962.2749999999;5819829.300000001;1
-156346108#3;802299.425;5817619.539999999;1
-34965649;796652.875;5837088.4;5
-152258418#0;819224.1599999999;5819624.4399999995;2
169753568#0;797231.725;5823352.425;1
-27841175#2;791548.4450000001;5834605.04;1
-27651501;799171.1699999999;5834158.805;2
-60825556;799612.22;5823740.11;22
-60825557;796407.56;5824786.75;2
-22984307;800772.9450000001;5836686.445;1
-38914937#2;806082.2749999999;5821585.6899999995;1
-1111937933;812539.7350000001;5825309.385;2
-1090941702;808913.935;5830591.865;1
-151457917;796791.605;5819965.53;1
-1118864033;797830.575;5814306.17;2
-33296124;785756.425;5826461.4399999995;1
-150916990#2;812812.955;5818832.619999999;1
-4631840#1;801725.4750000001;5831778.4399999995;1
-265250773#1;810750.03;5826227.1;1
-4370509#3;791037.89;5822924.855;1
-28072679;804408.825;5825445.465;2
-128406003#1;804690.665;5840509.17;1
1054782548#5;790567.26;5821622.095000001;3
-22820145;795979.01;5838211.904999999;6
-128406003#2;804520.615;5840584.17;1
-995640363#0;814113.6000000001;5831063.635;1
-4868600#1;787686.2150000001;5816282.105;1
-1056615726#2;791476.14;5826183.165;1
-19002363#4;798924.415;5828534.475;1
-30956349#4;793879.3300000001;5819465.8;2
-67406876#0;792573.505;5815895.235;2
-34074971;784022.04;5828385.785;1
-627210826;806263.1000000001;5816551.045;1
865267589;809635.04;5829059.155;1
39965640#0;793509.9299999999;5835669.445;1
-1101204310;795957.19;5836572.365;1
-1112137515;793301.72;5825876.065;3
31012743#7;811548.3200000001;5823071.5649999995;1
-22753504;806234.46;5823028.6850000005;1
-47984066;792674.4299999999;5836726.574999999;1
30077249#0;803872.355;5818219.92;3
4632077#1;799677.75;5832692.975;1
-147717027#1;810552.73;5816234.1899999995;1
-25000104#4;813994.265;5820731.955;1
840401539;793548.7949999999;5824799.529999999;1
-25000104#2;813768.31;5820734.4350000005;1
-328846995;812789.825;5820156.87;1
-20550460#1;808711.365;5831782.529999999;1
-863348547;804181.795;5822398.105;1
-11015317#3;802763.9450000001;5838294.195;1
-185769544;796423.12;5832059.415;1
-4791862;796132.815;5819394.515000001;1
-1006839432#0;800387.245;5822249.305;2
-11103963;799057.01;5830175.635;1
-493683981#0;789123.215;5835301.99;9
-39656558#0;795214.725;5837782.779999999;6
-39656558#1;794930.45;5838209.244999999;1
-4791860;795993.7250000001;5819343.515000001;1
-32395480#8;818776.42;5820456.755;1
-9485797#1;810854.025;5821666.045;1
-42878065;806422.035;5833072.79;1
-4764796#0;797216.085;5835159.4;3
-975295126;801654.495;5825774.109999999;1
-975295124;801835.49;5825585.085;1
459346122#6;791837.975;5826725.97;1
-161754079#0;799718.5549999999;5830545.9399999995;1
-10986622;802087.26;5840520.395;7
-1111706267;811821.165;5829106.5;2
-660945466;790970.575;5818314.835;1
-14471419;789943.255;5815804.324999999;2
-14471418;789982.585;5815448.3100000005;1
348583831#0;806339.645;5820904.96;1
185008733#0;795806.125;5820992.455;1
-367379890;805723.895;5829788.035;2
-990131221#1;795622.76;5820413.375;1
-990131221#0;795798.45;5820341.09;1
26183805#1;808330.3500000001;5828002.42;1
-4463156#0;787038.98;5818257.105;1
-1125915779;794400.86;5822484.27;1
-151627032#4;811695.385;5815150.74;1
-22875255;798925.73;5836211.785;1
-685460477;815740.635;5821132.175;2
-914442410;787207.19;5817667.97;1
-685460476;815566.6950000001;5821050.265000001;11
24694114;808123.2450000001;5829242.795;1
-22046245#6;804565.13;5831704.5;1
-146173530#0;798315.12;5832237.285;1
4605293#0;793968.03;5831634.904999999;1
-318434639#0;790350.485;5815122.455;1
109612315#4;792563.845;5826724.5600000005;1
-4611860#1;797157.5549999999;5826323.415;2
-1123458705#0;794514.97;5820018.58;2
-44205087;796174.335;5835857.68;2
-4788505#1;805995.9450000001;5834244.395;1
-5075951#3;784922.215;5829947.885;1
-191964019;802227.065;5840783.45;6
-320462163#2;797115.11;5827323.46;1
-858590660;804175.7949999999;5824261.484999999;1
150543669#0;790204.37;5821669.8;1
-26347084;782150.675;5827252.4;1
-191964017;801517.855;5839675.35;23
-25158231#1;811463.22;5830662.755;1
30185207;800421.61;5826600.9399999995;1
-1098325555;812142.995;5826074.88;1
-488351331;801760.2749999999;5823201.02;1
-283802199#0;813094.3300000001;5831207.56;1
49676156#0;789243.46;5830088.57;1
141968844#1;806771.78;5818381.895;1
-51762264;785996.53;5838364.720000001;1
-23966428#2;780445.7050000001;5827297.765000001;1
-147555505;803976.26;5839757.27;1
-1056642838;789073.71;5826421.175;1
4586334#0;791036.5549999999;5818783.23;1
-1113597095#2;802127.115;5827352.58;1
-801722841#2;790619.425;5819143.6850000005;1
-330951967;789879.55;5828970.17;5
-197740390;803687.5349999999;5828902.0649999995;1
-24583468;818071.905;5818148.285;1
-24583469;816789.025;5817563.915;2
-10995304#5;803322.765;5839907.505;1
-80377002#1;805041.0700000001;5817358.02;1
-144945039#8;799422.35;5833530.835;1
-197740391;803453.225;5829078.525;2
-182693863#2;801770.165;5823938.52;1
-1084094228;803422.855;5832958.305;1
317769259;805913.145;5823696.47;2
-1117842970#1;791312.815;5819332.03;1
-36826343;796309.665;5837229.890000001;1
-169678703;782651.9550000001;5825563.385;3
-127191777#2;797243.76;5838927.855;1
-5000180#0;783103.75;5830206.93;1
-169079399;795583.235;5822380.800000001;1
-249453223#0;800816.63;5825029.64;1
-35104134;812871.89;5830510.7;2
-24038509;809626.19;5818013.545;1
422250309;806363.95;5823058.7;1
-293120818;791974.08;5836099.975;7
-19349935#6;791050.05;5837020.55;1
-1086945835#2;812061.06;5828335.635;1
-30860014#1;800688.2;5831819.015;1
-23738645#0;795094.575;5816583.38;1
-19349935#0;790510.045;5836439.455;2
-25115163;785437.105;5825671.885;4
-93704161#2;808038.71;5821571.63;1
-195332171;800519.0700000001;5826330.17;3
-93704161#1;807967.335;5821559.805;1
-4849670;802426.9450000001;5822898.995;1
-281059230#2;795305.2949999999;5836191.315;2
-670961435#0;800842.38;5833815.195;1
-281059230#0;794734.0;5835805.46;1
-281059230#1;795144.04;5835951.16;3
-103405409#2;799204.595;5815262.955;1
-32438875#2;805048.5349999999;5816847.055;1
-431571663#2;809179.96;5815163.07;1
-1050922333#3;782380.725;5830557.210000001;1
246136582#3;799826.105;5824475.17;2
-32438875#1;804782.21;5816982.515000001;1
-187939154;795974.5800000001;5823441.5;2
-4486680;791060.315;5822746.779999999;1
1125773128;796481.615;5826507.8;2
-1101062305#1;794059.11;5828565.395;1
-4486681;790910.2150000001;5822791.895;1
-4864973#0;781243.605;5815220.72;3
-4777593;781726.64;5813562.91;1
-435021928;803236.775;5820933.035;2
-1091866611;782729.37;5826234.164999999;5
-10995304#1;803663.775;5839700.08;1
5096644;801896.09;5826621.5;1
-187939148;795975.28;5823850.79;1
-155595024;802021.435;5823022.215;1
-1087944685#0;809335.585;5833064.415;1
-142064436#2;800972.2849999999;5834817.795;1
-195332157;800888.855;5826436.54;2
-24656854;814247.405;5829905.484999999;1
4792090#0;796176.925;5817839.325;2
-142810564#3;812002.745;5824794.0600000005;1
-330119107#1;792730.12;5820925.109999999;1
4410148#2;795881.7649999999;5828653.615;1
-4898026#0;779813.71;5819680.85;1
-27058055#0;787552.25;5829707.6850000005;1
-20207503#0;789518.85;5822995.37;1
-173567970;796674.8;5834248.505;1
-20207503#1;789704.19;5822965.325;2
29492464#4;796325.74;5815912.83;1
-4606224;798218.51;5829972.34;2
29492464#0;795985.115;5815980.505;1
-24839718#0;810290.735;5825414.12;1
-1101834061#2;803424.755;5827332.945;1
-23754602;804007.1799999999;5825182.4399999995;2
25205079#2;794975.095;5824016.970000001;1
-1089397847;805367.325;5825956.2;2
329190066#1;812506.96;5821180.119999999;1
310306835;810116.4099999999;5821583.915;1
-325319592;819810.9199999999;5816290.0600000005;3
-1123458701;794349.675;5819788.074999999;1
-32205319;807139.015;5821033.4350000005;2
-1093431681;797101.805;5833277.775;1
-266150545;812044.3500000001;5814581.145;1
489480666#0;798610.875;5824696.0600000005;1
-266150544;812059.3049999999;5814672.609999999;1
-1093431684;796897.9;5833101.575;2
-148631575;791073.2949999999;5819588.235;1
28818695#0;807110.7749999999;5827420.29;1
-140914766;788798.815;5829924.49;1
-148295139#0;794085.63;5818730.445;1
-4788397;805694.0700000001;5834371.165;1
-148035530;793907.3200000001;5816125.65;1
-24403660#1;786457.985;5833126.02;1
-155586410#1;804596.7749999999;5818239.035;2
-648493467#13;799033.3200000001;5819853.715;1
-148329608#2;791620.4;5817336.72;1
-21721173#4;815199.225;5814591.24;1
425920672#0;795918.425;5831967.875;1
-630961571#2;801017.0;5842261.615;2
-148329608#0;791453.125;5817686.705;1
-21721173#5;815147.55;5814577.59;1
-21721173#1;815429.44;5814718.73;1
-4824923#2;809076.6799999999;5825715.295;1
-4824923#1;808894.8999999999;5825688.835;2
-10598760#2;792411.12;5833907.505;1
-25095151#0;783834.645;5821617.95;5
-25095151#1;783900.94;5821724.235;1
-4515893#0;790965.825;5827144.795;1
161241452#0;793667.65;5836135.845;1
-183087824#3;800159.175;5815298.130000001;1
-309207211#1;795176.1799999999;5819216.895;1
-183087824#2;800020.29;5815278.455;1
-22956597#3;785091.05;5831556.505;1
-16309314#1;799635.345;5838650.279999999;1
440342097#2;784053.9550000001;5827173.59;1
-16309314#0;799842.4099999999;5838504.205;2
-148295139#2;794164.7849999999;5818515.95;4
39603222;805055.16;5821589.325;1
-400071815;801499.77;5820457.359999999;1
-4581779#1;795495.73;5831940.245;1
-257545447;814546.595;5828596.3149999995;1
-22723661;790370.505;5818950.055;1
-830678136;784367.925;5816592.525;1
417510346;803639.145;5824035.005000001;1
-8048737#1;783065.865;5826315.8100000005;2
-1093431658;795751.03;5833136.98;1
27714612;805453.135;5824484.52;2
43248511#0;795608.13;5820990.07;1
27714611;805298.815;5824686.965;1
25121296#3;795789.745;5825433.625;1
-1056594666;791043.3;5825636.28;2
138000505#1;791475.845;5827254.18;1
30148409#0;789320.115;5819750.51;1
-16238000;802934.22;5836605.3100000005;1
-25491876#1;804699.0549999999;5818790.38;1
-654441070;792839.635;5834127.88;4
-25491876#0;804757.235;5818873.48;1
93660023;789986.16;5835711.914999999;1
-186783625;798651.235;5833789.09;1
-4480549#0;789684.935;5826696.505;1
-4437186#2;792305.6599999999;5824915.545;1
-4606258;799284.65;5829367.585;1
-4359234#2;786300.995;5817866.82;1
-22617491#0;812937.355;5825720.635;1
-4823201;794052.1950000001;5819615.57;1
-4359234#0;786042.655;5818068.195;1
-25684229#0;806556.565;5816870.215;2
-103502697#0;791937.5700000001;5817711.265000001;1
-22617491#3;813400.415;5825537.85;1
-31103020#0;800667.365;5824317.195;1
-1102606774;795711.035;5824729.42;1
-1087646670;809048.23;5830974.6899999995;1
-212452093;807006.1699999999;5817802.535;1
-447835331#1;809357.9450000001;5820284.9;6
-143949951#0;798686.24;5817930.65;2
-4581766#1;795026.155;5828629.18;1
-33059749#2;794142.8500000001;5837511.404999999;1
-34958304;808338.7350000001;5829658.515;1
-5000766#2;782341.745;5828061.145;1
-58718433#4;789425.885;5823217.654999999;1
-25332283#1;813326.3300000001;5821609.445;1
-718428133#0;790247.5800000001;5818821.7;1
-33361741#4;790940.7749999999;5841639.7;5
-718428133#1;790348.52;5818825.475;1
-24214232;798941.2749999999;5826536.57;1
-16240305;801386.8;5836456.625;1
-493976936;785093.27;5826534.1850000005;4
-14473884;790256.22;5815646.6;2
1096709571#0;799630.95;5829116.125;1
-11014728#3;802652.53;5837895.915;2
48230556;783568.235;5815984.255000001;4
-204853237;803982.925;5842232.9350000005;4
-991115283;809645.185;5824322.915;1
-1093431662;795514.5;5832963.63;1
-7617336#0;807191.145;5828501.955;1
-4864923#0;785927.14;5816496.34;1
-350351292;810991.01;5817431.904999999;1
-25815003#0;812717.98;5820444.785;1
-24540250;810080.31;5829348.745;1
-30140818;803057.255;5819984.255;1
-4898661;780216.55;5822121.0600000005;1
-25824956;804784.765;5832781.275;1
-154838399;798142.155;5817161.485;1
404948825;787469.865;5829444.92;2
-376720444;794009.385;5829309.56;1
-28275973#3;798610.375;5816933.6;1
-4596985;796321.98;5830174.455;1
1035909470#0;805594.225;5831790.84;1
-376720443;793799.815;5829253.075;1
-4596983;796382.045;5830412.725;1
-4777284#1;797669.4650000001;5835262.805;2
-9882937#1;800980.85;5838919.205;3
-24540258;811089.3400000001;5829758.545;1
-1101065646#2;791091.635;5829730.359999999;2
-15994271#1;803173.03;5836605.415;2
-15994271#0;803228.165;5836810.94;3
-22057215#0;803452.095;5832462.55;1
-7997456#2;812156.715;5826622.305;1
-7997456#1;812127.615;5826498.4;1
-4579851#2;798506.925;5823950.71;4
-30884493#1;808556.5700000001;5831960.03;1
-187399686#0;802420.31;5827048.67;1
-30240160#2;796935.595;5831814.6850000005;1
-785567932#0;798152.98;5821008.965;1
-36372726#2;794411.62;5816729.26;1
24920535#0;802479.12;5818949.14;1
-151974158;802125.4099999999;5828704.98;1
-26525965;797816.16;5838676.130000001;6
-1102335607;808667.96;5818934.07;1
-4436882#3;793582.4199999999;5825087.234999999;2
-460189449;806385.885;5825343.5600000005;1
-4359604#2;786505.185;5817753.96;1
-152354590#2;808923.895;5816117.9399999995;1
-1059672153;798694.8999999999;5824518.275;2
-285178189;813288.875;5829834.945;1
-82469454;797204.005;5833874.615;4
-25214249#1;805879.895;5827129.72;1
-24159515;811128.655;5829531.87;1
-39981589;799540.5800000001;5818462.4;1
-370590097;810492.51;5823290.67;1
-156346109;800064.38;5819251.915;1
26938218;794380.435;5835500.865;2
-152354609;808835.995;5815517.220000001;1
-228335467#2;802254.1499999999;5819263.505;3
-431573845#2;804057.6;5821240.67;1
-151372375;798307.0900000001;5821365.07;1
-24656798#0;814064.9750000001;5829862.390000001;1
-875747511;812156.86;5820555.79;1
-23964731;783067.0;5825838.18;1
431551316#0;811288.595;5828581.36;1
-188292775;789806.175;5839927.4350000005;1
137733523#1;802441.47;5817934.26;1
137733523#0;802578.415;5818033.800000001;1
-5108187;802272.2350000001;5820024.195;1
-42732311#1;797258.92;5831132.285;2
-24540262;815142.1799999999;5829142.445;1
-1021599627#1;805335.5449999999;5826621.904999999;1
-38329429;794046.1799999999;5818536.67;1
295445243;799680.6950000001;5828681.255;1
-4802408#10;793268.415;5838031.215;1
-4802408#12;793700.435;5838321.835;1
-4802408#11;793438.475;5838170.34;1
-1087451347;809430.515;5828210.875;2
-538602078#2;794696.8;5821613.1850000005;1
-4801834;791371.1;5832943.555;1
-11024456;801608.155;5838341.525;2
-1057705993;789976.085;5820391.369999999;4
-24204458#4;812819.1399999999;5829165.895;1
-4900218#1;780571.44;5819621.890000001;1
-4439234#2;784290.185;5818140.57;27
28762756;807968.8300000001;5829909.24;2
-160130973;797713.0;5832056.725;1
-4442079;793517.37;5823207.654999999;1
-42157877;804679.575;5827197.505000001;1
-844553071#2;790795.3600000001;5818806.655;1
-10410472#2;819275.675;5820382.385;1
-52513361#5;784708.01;5830650.675000001;1
-1021560888;810139.77;5829113.34;5
4544073#3;797011.2;5831897.205;1
-22956642#1;784991.565;5832075.945;1
-4395130#0;800250.67;5813112.215;1
-4494993;801362.47;5825218.46;2
175916624;810505.13;5831914.495;1
-61422979;808771.79;5819641.58;1
-1120756062#0;797569.8300000001;5816694.04;2
-25415808#2;798055.13;5813725.005000001;4
-152046281#1;810054.47;5821200.22;1
-25415808#1;798074.12;5814063.36;1
-36932429#1;803925.255;5831126.99;4
-4424237;780407.575;5815259.405;25
-36932429#0;804263.005;5831006.605;1
-23926916#0;797960.865;5832902.574999999;1
-32235182;803751.55;5827008.16;1
-902297509;799986.72;5825442.645;1
-598584313#2;802839.5149999999;5836086.5;1
-598584313#1;802642.075;5836111.17;1
-82121146#2;806442.3200000001;5816201.98;1
-89562563;781517.54;5831796.515000001;4
-23739044;794398.99;5815447.695;2
194421315;795741.585;5827927.17;1
-572108463#2;793030.925;5825372.115;1
196854806;796612.8999999999;5822535.645;2
-837147980;801556.46;5821547.875;1
196854804;797350.01;5822342.305;1
4493097;798002.38;5822337.08;1
-897699919#0;811561.4;5819472.17;1
-4796896;789348.69;5833343.31;1
-148666420#4;793118.0549999999;5818793.835;2
-8014744#1;808945.6699999999;5830330.715;1
-30818727#2;784099.5549999999;5826834.119999999;2
-53399804;783396.0349999999;5831828.41;1
292526261;804733.045;5819504.96;3
-24204863#2;814073.0;5828502.265000001;2
-520100571#0;811105.055;5818266.08;1
-148032657#0;793948.065;5816903.07;1
133192908;798211.445;5831833.335;1
-605722883;785609.265;5831768.12;1
-4424211;782680.565;5815528.385;3
28661790#0;790266.45;5829088.640000001;1
-4424210;782639.95;5815642.234999999;2
-33917993;810057.44;5823123.050000001;3
-1021560897;810122.595;5829417.945;1
-423931289;802439.425;5824304.925000001;1
-176050275;806296.31;5834140.965;1
23218352#0;794725.665;5825708.355;1
-50282416;781462.27;5830271.515000001;1
-176050273;806760.855;5832784.16;1
11406328;795222.0700000001;5825966.4350000005;1
-29111570;797571.5549999999;5835489.425;2
-4766101#0;791803.0549999999;5836586.0;3
-1083614733;801078.62;5828354.505;1
-4734057#1;790402.69;5823245.574999999;1
-816236488#0;800989.845;5823108.845000001;3
-865634015#1;811781.4299999999;5824369.12;1
-259915362;806895.49;5831078.300000001;2
-156346045;802434.97;5818315.359999999;1
-148035525#1;794180.8400000001;5815723.305;2
-156346054;800854.835;5817278.359999999;1
-628661978#1;801895.9550000001;5831532.18;1
-228838258;800439.0700000001;5819067.16;2
-45875465;808691.8500000001;5819206.73;1
-1054756408#2;800568.59;5827588.245;1
-60228898;800493.635;5822922.48;2
-4764840#0;797187.025;5834654.93;3
-23209854;791466.17;5829313.635;2
-197671078;816518.64;5812950.0649999995;1
-19801644;799620.01;5828457.285;1
-4766101#3;792478.595;5837082.7;1
-4766101#2;792242.45;5836926.465;2
-4764840#2;797079.76;5834885.1850000005;1
-4766101#1;791983.7150000001;5836732.1;3
-222823202;804371.1599999999;5838382.27;1
40517716#0;806070.9;5833469.67;1
1093907216#0;799325.4199999999;5831408.595;1
-493504242;801496.985;5823623.96;1
-28829858;789064.72;5823795.045;3
-34567850#3;811247.1399999999;5824748.605;1
-34567850#0;810845.185;5824552.545;1
-52523006#0;780598.185;5826911.885;2
-152596648;799421.015;5813500.675000001;2
-147563907#1;789809.3300000001;5819387.395;1
61231309;810875.845;5820304.84;1
-81414498#1;804556.1100000001;5815983.715;1
-30422967;806569.8500000001;5820377.245;1
-4637940#1;796501.135;5833678.145;1
-152466410#0;807700.45;5816871.59;2
-152593430#1;798745.6399999999;5813776.800000001;1
206451465;800407.335;5828445.99;2
-130775092#0;785629.96;5832053.484999999;1
-16237735#1;802660.1799999999;5836693.755;1
4071978#0;793317.7949999999;5832397.675;3
-152354563;809059.6599999999;5815634.54;1
-152354566;809076.225;5815485.85;1
-23755739#2;797389.55;5827266.62;1
-583887069;800486.34;5841034.140000001;2
25045322#7;791689.7849999999;5821945.155;1
-152201907#2;811891.8400000001;5825107.6899999995;1
-135403248#17;790657.4550000001;5816632.36;1
-98410018#4;804510.885;5842283.23;1
-98410018#6;804693.665;5842501.9350000005;1
-98410018#8;804827.9650000001;5842666.585;1
-1066895444;797314.4550000001;5831443.93;1
-37736292;798999.14;5824174.380000001;1
-4804098;791541.2250000001;5835036.39;1
4764111;790539.87;5828226.925;4
-23200609#3;808537.26;5831284.4350000005;1
-829223491;815634.405;5814899.6;11
-1102601953;796063.645;5824458.76;1
-829223490;815009.46;5814512.85;1
29177662#0;799766.595;5828187.68;1
-829223492;815488.675;5814927.43;2
-20163679#1;809618.4550000001;5834519.970000001;1
-42738274#1;810029.01;5832425.970000001;1
-4764208#2;797791.9950000001;5834218.994999999;1
-1097492672;808820.065;5833805.5;1
31786256;804714.85;5817685.17;1
-44027935#0;818028.015;5818646.25;1
-153879648#0;817629.11;5816667.295;3
-840875326;799933.23;5824952.28;2
-636282260#3;819218.25;5820921.68;3
-636282260#4;819321.58;5820931.6899999995;1
-636282260#5;819433.1;5820958.925;2
-156346062;800848.56;5817433.82;1
-609943357#0;804926.74;5826106.455;2
-636282260#6;819545.0900000001;5820983.715;1
-106277831#2;802415.4450000001;5826171.785;1
-970606018;797017.74;5839050.485;3
-153879648#1;817781.1950000001;5816876.859999999;1
-636282260#0;818880.24;5820865.915;1
-636282260#2;819109.64;5820905.48;1
-40806402#0;796041.305;5836161.74;2
-112408881#2;787985.595;5816595.1;2
-28196824#3;801820.69;5824400.195;1
-4535440#1;793201.19;5822176.655;1
-83510030;799564.685;5827142.385;1
1116255691#0;804805.04;5817507.625;3
-22958147;784667.995;5831708.9399999995;1
24700640#2;796935.4099999999;5831518.965;1
-151742520#2;805880.01;5815459.8149999995;1
-121024653;785766.4299999999;5831742.875;3
-152466423#3;807980.775;5817158.16;1
-148311167;793327.385;5817753.34;2
-151742520#1;805928.675;5815214.905;2
-121024652;785413.3049999999;5831362.25;4
-23008699#0;803490.565;5832276.365;1
-636282260#9;819853.5;5821001.955;1
-23008699#1;803693.925;5832315.275;2
-1117578973;788108.7250000001;5825721.8;1
-52524385#1;785711.9650000001;5830882.125;1
47347071#1;794010.565;5832072.995;2
47347071#0;794145.0549999999;5832249.955;2
-4536966#2;791457.11;5829207.279999999;1
-213024295;817951.8;5817505.41;1
78065411;796771.57;5827808.585;2
-24204611#1;812011.8899999999;5828474.26;3
-24204611#0;811888.865;5828509.49;1
403538432;795956.5800000001;5828165.415;1
-671101960;810966.35;5820656.835;1
-779833137#0;799824.86;5813110.18;1
-4693548;794467.145;5824571.51;1
-22875381;798052.5900000001;5835983.005000001;1
176089780#1;798195.03;5817974.265;1
-148087959#0;795013.1950000001;5816908.27;1
-1093127542;808623.22;5828087.605;1
-1093127541;809263.02;5829952.545;1
-282741894;809646.27;5824699.625;1
26708088;806526.09;5822473.345000001;1
-4604842#1;789164.575;5826519.585;1
-19435686;800088.36;5835642.07;1
30140819#0;802641.715;5819921.895;2
195337821#0;800023.425;5825746.24;1
-27943054;805948.52;5825837.015;1
840977556#0;799548.7050000001;5824994.345000001;1
-149611514#2;809244.99;5819042.29;1
-1052128950;808462.6;5817537.365;1
-156579466#1;797700.485;5818178.88;1
145586607;806059.385;5818557.675000001;1
-30041979#0;808438.745;5826955.984999999;1
-180952487;801959.895;5825193.494999999;1
-156346073#0;801318.3200000001;5816921.12;1
1101060711#0;795050.04;5828273.875;1
26288670#0;812607.13;5830366.14;1
-165154001#0;813370.29;5824735.859999999;1
-1100621143;794436.685;5815999.715;2
-155605282#0;800188.775;5823599.984999999;1
34057952#6;797345.755;5825533.48;1
-4609218#0;784846.735;5827408.16;1
25003546#0;796033.7150000001;5817612.665;1
31719432;786890.81;5829372.279999999;1
4686104;801695.915;5826138.195;1
463945878;791164.1950000001;5830936.05;3
-835046996;803187.48;5838901.82;1
-4824937#0;808895.7;5825598.495;2
-4791912;795676.845;5819151.99;1
-946577371;794491.125;5820521.955;1
-9646795#4;820687.225;5820326.494999999;1
-4441937#3;781840.77;5815246.574999999;1
-153947835#1;805289.9750000001;5817516.075;1
-25663077;812850.03;5819147.78;2
-1122257924;802013.7050000001;5820576.045;1
-142064422#2;800869.46;5834694.795;1
-956953468;790686.585;5838519.880000001;1
-142064422#0;800758.35;5834991.4399999995;1
168913091#0;796324.0;5825158.32;1
-42813669;798535.89;5838207.5;2
-174907146;792017.9099999999;5821665.32;1
-57743550#0;791688.885;5838831.949999999;1
-4791987;796138.31;5818355.605;3
28670284;787689.0900000001;5826460.515;2
-131834974#0;780317.14;5827026.92;1
-140648431#2;812297.765;5821149.665;1
-140648431#1;812328.835;5821223.38;1
-241859199#0;792259.665;5833128.5649999995;1
-23386950;781927.54;5830902.145;1
-23386952;782030.92;5830876.74;1
145586635;806637.405;5818263.72;1
-23874481;791378.47;5841133.975;1
-27145001#2;796750.435;5832845.59;2
-103136607#0;793856.66;5817934.109999999;1
-71746025;807735.51;5815372.75;3
-662900857#1;805841.625;5828207.915;1
-62192859;793537.5700000001;5834163.165;1
-422992069#2;813171.22;5827382.175;1
-140648431#3;812275.29;5821095.28;1
157658302#0;793792.41;5826299.07;2
-4828031#2;797651.96;5817840.484999999;3
-515989442#0;806272.6950000001;5833211.77;1
146396187;800185.165;5839393.529999999;4
-13863062;796542.4;5822744.21;2
-4615216#1;800874.675;5829851.859999999;1
593282581;806574.315;5827977.07;1
-51196439#2;795503.05;5824756.065;1
-4791962;795287.675;5818821.18;1
-5011319#0;784831.0449999999;5832626.495;1
-4791961;795396.03;5819007.785;1
-5011319#2;785053.685;5832429.890000001;1
-4765676;793996.255;5835526.91;1
-290250718;807991.735;5825055.61;1
1101186362#0;810933.705;5831832.715;1
-31306520#3;814897.24;5822245.800000001;1
-313932642#3;792930.395;5816520.4399999995;1
-19875856;803319.6000000001;5820803.54;2
-291724749;795253.26;5832480.984999999;1
-71960670;807611.64;5817283.055;2
-31306520#1;814674.54;5822146.965;2
24468958#3;797337.645;5831905.425000001;1
-31306520#0;814553.825;5822093.305;1
-817288937;800839.905;5821444.515000001;1
-985049393;796092.08;5817218.08;1
-4474831#0;812093.205;5814954.96;3
-4474831#1;812353.975;5815074.449999999;4
-114586158#1;799443.55;5832851.33;1
-40816690#2;793248.75;5833186.71;2
-328129688#1;789154.2250000001;5833270.244999999;2
-502059965#1;804400.185;5842476.42;4
4531704;792934.585;5821576.215;1
-152434842#1;798626.88;5812981.08;1
-4796897#12;790307.4650000001;5833587.755;1
-5108266#2;802721.61;5818607.46;1
-702310769#0;800629.825;5812743.199999999;1
-20431860#6;809570.53;5833231.115;2
-152434842#0;798640.985;5812731.43;1
68196019;790148.855;5841065.51;1
-4807990;792919.385;5830081.7;1
-4807991;793290.7050000001;5829917.050000001;1
-94289835;808060.45;5829746.865;1
692480564#0;793886.6799999999;5828475.865;1
-1107419758;795167.35;5831615.234999999;4
-231887171#2;793053.995;5826417.5;1
-169760010#2;797485.155;5822187.01;2
-191379398;808933.81;5831283.815;2
-195386059;797382.4550000001;5835298.789999999;1
-169760010#5;797747.26;5822199.715;1
-152708875;809807.97;5816981.52;1
-8669543#0;785757.25;5837383.075;1
-957891111;818234.76;5812780.695;45
-36773491#0;785980.885;5834767.215;1
-36773491#1;786139.4;5834761.1899999995;1
59619722#0;802108.875;5831510.33;2
-142367144;795887.6950000001;5820831.5600000005;1
-461317445#2;794358.69;5834535.175;1
-1113112206#2;793672.4550000001;5825929.975;3
-840875318;799530.7949999999;5825234.715;1
-1083745465#1;802624.4850000001;5827376.5649999995;2
-278087099;820154.6200000001;5818993.045;1
-195386061;796823.675;5835700.404999999;1
-152354576;808332.6599999999;5815182.555;1
-119871489;791613.78;5822321.130000001;1
-30198072#0;800616.51;5813573.86;1
-172780076#2;797834.8300000001;5826199.66;2
-71960666;807680.815;5816658.73;1
-43170036;804188.1599999999;5824438.6;2
-152354554#0;808564.845;5816762.245;1
-150916969#2;811874.405;5818578.465;1
-24837179#2;789137.99;5826262.369999999;1
-1084267029;800433.72;5834310.484999999;2
4733746#3;790203.14;5821674.32;4
-32940800#1;784927.0249999999;5836873.3;2
-35559691#0;805545.085;5833172.48;1
-32940800#0;784696.005;5836840.63;2
-10307356#0;808130.44;5831436.595000001;1
-149614354#0;811429.095;5823481.995;4
-22948342#3;785145.8400000001;5832632.095000001;1
-221353107;795231.9550000001;5831146.725;1
-22888476#1;820973.97;5818449.54;1
1057544125;798242.075;5825973.335000001;1
-124126501#2;799910.905;5833238.470000001;2
-124126501#1;799837.765;5833488.705;1
28427192#0;791067.725;5819997.85;1
-4484274#3;793062.615;5819240.615;1
-172061319#2;800434.4;5837450.265;1
-24725329;791781.78;5829535.725;1
-24756980#0;790071.15;5825256.699999999;1
-24204950;813953.075;5829865.4350000005;3
-1117752158#0;805399.64;5817620.575;1
-421602268;800502.99;5830962.630000001;1
-152354598;808769.03;5815496.215;1
-4359678;796000.645;5816820.5600000005;1
332164870#0;796217.33;5830218.6899999995;2
-4733767#1;790785.585;5822397.755;2
-4791990;796457.665;5819023.365;2
1079385854#0;795969.8600000001;5826267.685;1
-1081624520;802340.835;5826379.23;1
-1081624522;802532.4650000001;5826637.9399999995;1
-1013365034;814292.045;5813280.01;4
52252732;805563.8600000001;5822645.89;1
1088038893;808809.9750000001;5831480.12;1
-628057990;811995.625;5815882.6850000005;2
-837200675;800407.875;5821276.465;1
-837200674;800648.97;5821125.93;1
-432205767#2;803679.6599999999;5835283.34;1
-837200678;800206.5349999999;5821225.77;2
-87687993#2;792381.145;5826793.115;1
-103136613;794620.485;5817976.845;1
-404275281;800257.125;5823595.405;1
-191630981;811981.74;5818107.055;2
-9702739#2;819083.56;5820208.800000001;3
-9702739#0;819130.855;5820391.21;1
-150916285#0;812260.05;5818999.48;1
1033759502;785287.685;5832361.3149999995;2
-814840749#0;794123.125;5824572.63;1
-31525562#0;808135.085;5825418.17;1
-34074958#1;784271.8700000001;5828495.915;1
-144128719#0;790393.625;5820295.5;1
-7740377#1;783463.36;5823231.855;1
-375685662;809006.8200000001;5817731.875;1
-22375365#3;786619.075;5838693.455;1
-148082122#2;794914.665;5816347.93;1
-151742417#3;806601.7949999999;5815267.4350000005;2
-981641739#2;800239.1699999999;5821962.895;1
-36821675#2;787418.905;5836258.64;1
-148074516#0;792510.145;5817576.545;1
-148074516#1;792507.69;5817757.88;1
51317007;803966.6200000001;5832244.49;1
-4772941;784955.185;5829082.48;1
-854788998#2;797981.5800000001;5816240.825;1
-281637523;792319.22;5838023.205;1
-281637521;791287.71;5839302.265000001;1
-166645719#6;789675.9;5833671.904999999;2
823635959#0;800820.02;5829777.05;1
-142964434#0;791580.65;5820914.154999999;1
-115751324;798632.115;5831957.915;1
-24720127;785814.075;5838613.6899999995;3
-69602660#1;798069.14;5835815.125;1
-148437547#2;790060.88;5817129.58;1
23793394;809805.44;5820297.5649999995;1
-561232825;803212.61;5834610.48;9
438748294;809111.46;5833808.38;1
4395530#0;793164.71;5823505.075;1
1083697335;807932.3400000001;5831158.48;1
-24654535;793655.265;5827982.025;1
-24403267#2;786815.5700000001;5834503.055;1
-40267306#0;814646.995;5829976.46;1
-24403267#0;786729.565;5834263.38;2
1087648558;808037.2;5828754.1899999995;1
40520562#0;805092.94;5833079.955;1
-283802198;812768.005;5831011.415;1
-24403267#4;786862.54;5834624.585;1
-40817795#0;795504.28;5835605.585;1
-5111621;801975.875;5817231.93;1
-314253602;796691.785;5831507.0600000005;1
-1065317950#7;797274.74;5819456.3100000005;1
439032727#0;803156.905;5829575.27;1
-436413565#1;797643.965;5829567.545;1
-40817795#2;795818.3;5835623.495;1
-4609231#1;790616.6799999999;5826567.74;1
-432205768;809135.835;5830209.43;1
-589643562#2;799318.815;5818647.78;2
-176031381#1;817731.425;5819396.6899999995;2
-176031381#0;817568.465;5819300.695;10
1017079160;810027.2949999999;5829626.365;1
-31003576#3;799404.3200000001;5821323.83;1
153151441;795331.24;5825858.1899999995;1
4702492#0;811066.575;5832016.85;1
-4678301#0;789365.05;5824449.94;1
-23009527#0;787426.615;5827426.93;7
-44108422;802512.835;5828600.32;1
-410646532#1;813624.405;5820775.41;1
-31091969#1;808392.1699999999;5820884.055;1
-1122765055#0;794410.95;5820953.12;1
-10943732#0;804018.435;5840472.475;1
-584484771#0;797460.8049999999;5821288.41;2
-29422021;790184.38;5823984.140000001;1
-4480548#1;789832.5549999999;5826603.550000001;1
928877896;784011.79;5823201.225;1
-691098328;790364.0;5834278.0600000005;1
-23249206#2;813635.98;5829415.84;1
-23249206#1;813534.3049999999;5829435.5649999995;1
23863058#1;792602.5;5822434.31;1
-10943732#2;803885.45;5840247.15;1
997185168;795109.99;5825608.18;1
-1039584770#0;816508.3999999999;5816584.5;1
25289487;804622.355;5821894.05;1
25428542;799747.885;5833418.115;1
-9474808;808828.0;5828426.575;1
-156579502#2;799448.44;5813236.494999999;2
-1110732555;819615.56;5816385.3;2
-4777056#2;799943.12;5835806.98;1
-4686462;800227.96;5825149.07;1
-4686461;800161.255;5825200.734999999;1
-4792075#1;796053.285;5817707.705;1
-1052669153#3;799759.96;5830165.1899999995;1
-4765876#0;792993.6799999999;5836388.135;2
-1002828337;803896.005;5822199.835000001;1
-4770321;784522.5449999999;5817401.055;4
-517170155#0;789349.835;5835409.885;2
-152258323#3;818515.365;5819737.34;1
-33926433#1;796082.2749999999;5832192.23;1
-4777319#0;797371.135;5835690.245;1
-28281356;795022.46;5838264.62;3
-81535329#0;805870.49;5820329.5;2
-1089360879;805855.565;5831620.835;3
-26819485;794651.795;5815800.765;1
1089784266#0;807500.89;5829031.865;2
-6229430;805576.88;5827798.1899999995;1
-153959936#2;804124.9450000001;5817666.075;3
-48230567#3;783844.575;5824356.34;3
-150916953#1;812435.25;5820537.54;3
-23623838#1;792918.865;5839335.93;1
-48230567#1;783857.52;5824210.390000001;2
-19394874;804497.525;5822403.875;1
-183256954;810346.125;5819790.244999999;1
-1110745856;790941.98;5840196.99;1
-944674422#3;809087.99;5834750.215;4
-865635336#1;812981.835;5825215.625;1
-4689483#2;788291.1950000001;5817888.845;1
-4898027#3;780493.7050000001;5819435.154999999;1
-537826983;809183.1000000001;5830765.05;1
-4449444;794107.7949999999;5825032.605;1
-54892584#2;795626.25;5834701.395;3
-23197084;803324.5449999999;5830925.27;9
-596601721#0;791254.85;5817937.5;2
-4686490;800872.495;5826283.07;1
30956352#4;793050.185;5817987.625;1
40451057;807313.51;5820461.58;2
-29699810#0;798495.5349999999;5813346.215;1
-23969531#0;782099.365;5826847.445;2
69166181#2;803010.0800000001;5824648.48;1
69166181#0;802854.625;5824800.82;1
-809300934;798564.645;5834143.36;1
-4389226;791510.625;5824662.445;1
-175736245#0;780043.12;5820660.0600000005;1
291710619;805155.985;5821543.470000001;3
-100405260;793119.145;5821324.045;1
-165153980;813795.56;5826089.73;1
-4686474;801162.38;5824503.305;1
-10149019#2;782745.425;5828400.965;4
-4686470;800845.495;5824694.5;1
-1103877755;795511.19;5831069.279999999;1
-195411605;797911.99;5828065.145;1
-9027972#1;809607.8899999999;5832134.02;1
-9027972#0;809474.54;5832190.375;1
-9027972#2;809750.33;5832090.91;1
-223736071;785204.945;5837072.145;4
59360007#0;803514.1100000001;5829794.77;1
28658320;791423.125;5827489.685;1
-24246844;779793.4199999999;5820951.925000001;5
-405100404#1;796726.78;5827623.865;1
168943639#1;799675.61;5828094.835;1
-751427066;794463.645;5829714.8149999995;3
-4788435#0;804490.265;5833702.75;1
1072680805;801670.78;5827556.359999999;1
-1096707407;804027.295;5831413.779999999;1
-829273365;792982.49;5837372.59;1
151046060#2;795358.01;5821320.365;2
-65413751#0;809134.71;5826457.455;1
-1104398139;795473.2749999999;5830526.805;2
-20397087#0;815590.575;5814446.16;1
-20397087#1;815542.515;5814218.275;3
4782514#1;800420.7050000001;5827124.035;1
-26127859#2;812712.88;5824180.795;1
-965203744;802534.625;5829800.99;3
-14025501;790063.83;5817672.635;3
-22278709;805505.4;5825893.41;1
-4490168#0;792595.935;5825891.725;1
-10991305;804327.81;5840745.6;1
-32034956;802640.0;5831594.515;1
-223384912;792286.865;5822220.8;1
-1101406287#1;795223.185;5824425.74;1
-1109914236;811089.1;5825244.800000001;2
-761344044;806568.2050000001;5832349.58;1
-15995139#2;802567.9199999999;5837355.925000001;1
-5111675;802848.96;5817163.945;1
-15815831;798453.24;5816209.23;3
-550913967;789515.1;5823710.195;1
-42879419#3;807580.75;5832024.16;1
-30084964#0;799335.65;5813008.91;1
456510900;807407.9450000001;5822343.58;1
-21278809#0;787036.285;5837973.75;1
-833602349;804094.55;5822652.175000001;1
-16216625#3;809703.915;5824798.9399999995;2
-21278809#2;787048.415;5837828.275;1
317922820;794058.725;5826318.17;1
-4448878#2;783147.505;5826816.38;1
-21278809#4;787088.6399999999;5837548.895;1
-386249196;818479.845;5820526.175;1
-1103888423;795483.995;5830298.79;1
-24162107#2;801936.365;5824367.75;1
-4864922#1;785957.605;5816197.645;1
-1107025195;796608.075;5833540.395;1
-4898698#1;780577.635;5821868.43;2
-34580796#3;795851.65;5817531.495;2
-34580796#2;795620.45;5817571.6;1
142150648#0;793798.19;5835261.015000001;1
-34580796#6;796006.915;5817517.015000001;1
-462430824;787245.7849999999;5816400.234999999;1
936729763;787930.3500000001;5830598.27;1
-4864922#0;785716.72;5816104.18;2
-64089315;816871.52;5816253.455;2
-4810964#0;782465.015;5816284.025;1
24320137;810594.905;5828331.885;3
-10355068;819686.9650000001;5813610.03;4
-23788323;809026.155;5819298.635;1
-913852333#0;812544.29;5827559.855;2
-19827981;801190.1950000001;5820832.58;1
-4492013#2;793663.64;5825635.47;1
-27106319#5;817475.48;5818174.16;1
-153260641#0;809117.3300000001;5816864.355;1
-27106319#2;817700.815;5818455.875;1
-33281370#3;789674.63;5816478.925;1
-145149755#0;804212.845;5820473.779999999;1
-27106319#0;817916.515;5818636.105;1
-152354591#2;808549.7;5816068.995;1
-35134787#0;786800.0249999999;5818390.455;1
4368689#0;791325.625;5822140.234999999;1
-152354591#4;808745.54;5816065.4350000005;1
-182736779#1;799442.865;5815400.449999999;1
-1009279082#2;806945.775;5824264.49;1
-27527113#1;808989.0149999999;5825749.245;1
-27527113#2;808987.745;5825886.215;1
-22874672#1;791108.105;5816507.87;1
-22874672#2;791166.31;5816536.995;1
-25331371#2;805180.155;5827818.255000001;1
-4804834#0;790551.4750000001;5838679.915;1
1113400586;793541.07;5826872.625;1
-4536962#4;791381.115;5829420.32;1
-137630045;797995.22;5828119.93;2
-172430652;806317.55;5826055.734999999;1
-144842130#1;798669.19;5833209.02;1
-215105441;785046.885;5836415.654999999;3
-67153418#0;814343.5800000001;5829392.654999999;1
-344108078#0;800463.27;5836897.1899999995;1
4765339;796108.04;5836595.175;2
-6062403;806720.6100000001;5833653.52;1
-4824920#3;808799.7050000001;5825884.795;1
-67153418#1;814504.95;5829594.845;1
-67153418#2;814668.5;5829798.625;1
-69557896#0;795244.605;5816410.88;1
-5000142#0;781848.84;5829752.54;1
-10778334;811740.915;5831239.075;1
-1025418561;798789.6699999999;5814117.395;1
-4582018#0;793699.185;5819985.13;2
-379986565;790615.265;5825425.145;5
-4582018#1;793754.0449999999;5820063.46;1
-379986569;790854.31;5823989.4399999995;1
-550128881;806557.51;5827656.265;1
-292215372;783467.24;5828919.15;1
-46915969;798308.3049999999;5813941.5;1
-231541033#2;791322.29;5835428.470000001;1
-5364044#1;794309.1950000001;5819264.77;1
10996272#1;797851.27;5824006.215;1
-156346039#1;800550.33;5816627.765000001;1
-36194195#0;791479.73;5821630.225;1
84121757#0;811392.1950000001;5827112.5;1
447885583#0;792806.06;5832138.38;2
-1110381404#0;792968.65;5827374.725;1
-151618247;797405.825;5819780.855;1
-151618248;797246.3200000001;5819799.515;1
-109612320#2;792905.55;5826881.18;1
-148086367#0;795359.255;5817562.23;1
4525730;794327.28;5822163.41;1
-25415807#4;798624.26;5813636.57;2
-4425425;786329.1499999999;5825313.355;15
-11279994;805778.1799999999;5819778.300000001;1
-835295270#1;813887.3;5828554.8;1
-1077420642;810984.805;5823166.435;1
-24407737;811469.285;5829679.77;1
-140244087#1;800761.915;5833570.015;1
-560366106#1;798667.095;5831754.385;1
4395628#2;791314.52;5822293.109999999;1
-21844064;796185.6699999999;5824200.195;1
110149631#2;791235.54;5821044.1899999995;1
-176031295;799703.6;5827271.875;1
110149631#3;791260.315;5821340.09;1
-52524386;785737.265;5830951.83;1
-19881557;803214.01;5821649.35;6
-43084395#2;804740.3200000001;5818164.695;1
-43084395#0;804990.175;5817985.49;1
110149631#0;791228.515;5820767.5649999995;1
-35559644;806276.6950000001;5831401.755000001;1
-11013506#1;802385.83;5838157.38;1
-193373950;808249.3049999999;5825052.155;1
-177887681#4;799786.535;5834217.85;2
-177887681#3;799539.085;5833971.640000001;1
-1092052417#1;797005.9199999999;5822881.065;2
-958642611;814984.0700000001;5822284.08;1
-177887681#2;799296.585;5833891.02;3
-1107037117;813798.015;5831122.845;1
-153617311#3;800673.79;5814567.630000001;1
318552377;791838.74;5823892.73;1
-29112912#4;799834.26;5833378.1850000005;1
-26337413;812376.13;5817917.984999999;8
-151742478#1;806143.0800000001;5816152.245;1
152953712#0;795726.135;5824354.155;1
-151742478#0;806327.6599999999;5815893.945;1
-260589819;794861.285;5827724.76;1
-22753314;806403.23;5822421.005;1
27714624#0;805102.3200000001;5824973.75;4
86142781#0;805779.3899999999;5830088.01;1
-4804197;788120.74;5826560.535;1
-4697300#2;782990.01;5815998.34;1
-948055339#0;796060.26;5819249.46;1
-46379839;805218.0349999999;5816939.6850000005;1
-147432154#0;797026.99;5832742.395;2
-1087687359;809233.405;5828777.630000001;1
-363784099#1;798471.975;5841409.845;9
-991635257#0;800093.5049999999;5829987.45;1
-81283639#0;809321.41;5817172.77;1
-374433691;801403.98;5836216.36;2
-926092620;809704.05;5831943.905;1
-363784099#0;798740.3200000001;5841117.85;11
-123104620;780741.355;5823024.23;8
-311371555#2;807624.3400000001;5832607.18;3
-1044273222;806226.8999999999;5826362.48;2
-29451631#2;811290.425;5827505.66;1
-152494983#0;808910.595;5817085.995;1
4594087#2;795014.7150000001;5830728.6899999995;1
-152354686;808662.135;5815969.6850000005;2
4594087#0;794880.13;5830877.605;1
4675213#0;793627.39;5833525.91;1
-4581968#0;794521.225;5820314.335;1
-636854504#0;794230.915;5817892.619999999;3
-1017579518#0;802399.575;5839116.225;1
-936814073;789213.3049999999;5839240.025;1
-636854504#1;794148.9299999999;5817731.234999999;1
-23108816;794272.75;5823226.77;1
-142060898#0;801879.455;5834238.255;2
-4437138#4;792506.685;5825283.495;1
4412932;796771.0;5827818.015;1
-10303825;808904.845;5831067.11;1
318552392;791863.105;5824029.51;1
-1117926335#0;794712.5349999999;5821815.415;1
-500220191;806525.735;5815250.0600000005;1
-30198295;800212.755;5814076.01;1
-302630065#1;787983.4199999999;5817805.765000001;1
-152354673;808098.905;5815859.890000001;1
-35559332#2;802832.875;5827251.265;1
27279230;794022.4550000001;5817334.93;1
-156346087#1;802391.4750000001;5818372.574999999;1
-156346087#2;802427.76;5818482.295;3
-152177242#3;800187.075;5812416.395;1
-503096349#1;793533.0;5828918.25;1
-148077401;794728.8400000001;5816061.555;3
1120450848#0;787502.04;5825874.8100000005;1
-936814062;789699.6599999999;5840845.98;1
-23882493#1;809478.8400000001;5834446.6899999995;1
-50830811;785635.91;5826270.445;1
-142575662#0;807459.595;5818862.055;1
-148077409;795508.62;5815921.145;1
-16419437;799659.67;5837714.51;1
142963784#3;791662.81;5821205.62;1
-14471014#0;789185.535;5815785.734999999;2
-152177242#2;800125.2050000001;5812546.609999999;1
-865933916;790726.705;5816628.535;1
-59109760#1;798163.4;5836430.074999999;2
-175081980#2;799504.0349999999;5817455.8149999995;1
-1117885425;794547.69;5822684.135;1
-381569873#1;782726.7150000001;5830968.375;3
844527458#0;799279.355;5818281.92;1
-1009276214#1;806695.615;5824497.55;1
190928927#5;809875.3300000001;5819227.7;1
-4675799#1;794369.675;5829122.220000001;1
-26790073;798154.22;5834540.39;1
-35559688;805639.915;5833473.83;2
4796485;789652.405;5835196.99;1
-351530534#2;813032.455;5827247.755;1
-156346074#1;802302.345;5818223.2;1
190928927#0;809699.3049999999;5819047.21;2
-231266937#0;785917.5;5835404.615;3
-31578370#1;809883.03;5826993.8149999995;1
-4839449#1;796608.965;5817090.984999999;1
-24580334#1;818058.95;5817561.279999999;3
1101060969;795269.025;5828236.02;2
-376730204;784530.465;5817174.5600000005;1
-16418132;800714.585;5837677.115;2
-24580334#0;818145.275;5817685.5;7
9476573#1;808457.61;5828609.32;1
-4810965#3;782611.145;5816466.64;1
-23788388;807988.3;5821681.115;1
-307927790;803491.5700000001;5824054.67;1
-41340056#2;807789.13;5821300.92;2
-41340056#1;807698.815;5821430.5600000005;1
-24580454#0;817116.5;5818029.27;4
-895233242#2;797231.335;5831514.385;3
-31236117#3;794378.13;5817613.904999999;1
4782523#13;800187.5249999999;5829266.375;1
-1079709072;803723.82;5837911.92;3
-959671528;797846.065;5824136.76;1
-1060249512#0;789118.995;5840734.484999999;1
-997923835;785741.3400000001;5826420.045;1
-58534542;789109.435;5830580.335000001;1
-4484024#3;790235.635;5829817.24;1
-4804145;784672.105;5829529.3149999995;1
-4484024#2;789970.405;5829853.02;3
-23536805#2;803725.1599999999;5822345.45;1
-4484024#5;790459.905;5829786.8149999995;2
-4484024#4;790341.37;5829804.6;1
-4484024#6;790602.675;5829767.975;1
-30642100#2;812352.785;5825301.04;1
-152354640;809601.26;5815990.9399999995;1
-152354646;809630.925;5816001.895;1
-1072450145;802201.38;5821003.275;1
-191525327#2;790877.68;5817671.32;1
-440729908;801279.885;5831558.4;2
-47076004#12;801010.28;5836298.3;1
-191525327#9;790803.5349999999;5817342.4399999995;1
-5000156#2;782567.115;5829302.7;1
4765868#0;792844.5800000001;5835760.0;1
-25935116;788441.69;5826903.359999999;1
-31484554#0;794081.335;5834360.484999999;1
148093700#1;793408.325;5816171.1;1
148093700#4;793520.295;5816020.395;1
-24038354;810404.735;5816968.98;1
30949049#1;789344.925;5829301.75;1
-481779977;802009.255;5819658.9350000005;1
432205808#0;808048.38;5831429.715;1
151020327;811987.605;5818335.28;2
-93704176#0;811879.9299999999;5817946.859999999;1
-33455347#1;796272.6799999999;5818076.42;2
-175569520;804667.925;5826089.970000001;2
-6199048;807423.73;5831684.745;4
-23558874#1;813418.2;5825077.345000001;1
-23558874#2;813555.92;5825300.655;1
-23558874#3;813670.9450000001;5825486.765000001;1
-935684025;805120.585;5830938.395;1
-142150660#2;792129.74;5835326.949999999;1
-4804160;786174.2949999999;5829462.1899999995;4
-1126357221#0;795093.4550000001;5823496.35;1
-862863163;801702.115;5822217.6;1
-29545778;794276.015;5827767.1;1
-139964116;807747.1950000001;5829993.37;1
-8149650;798642.605;5831396.65;1
-134434248#1;797427.84;5822740.215;1
172439812#1;798053.1399999999;5833955.109999999;1
-152177248;800026.5549999999;5812573.795;1
-28270775;810212.03;5815310.84;1
-10272252;807985.35;5830112.720000001;1
13253195;803015.39;5821033.65;2
-1109488641;814576.885;5821046.24;1
-152177243;800021.3049999999;5813067.035;1
23892225#1;800540.65;5832745.92;2
-4545266;820980.94;5818608.09;1
-4788442;805560.2749999999;5834366.7;1
26814968#0;809994.5700000001;5819349.355;1
-4804655#0;790365.1799999999;5837238.975;1
-914442405#1;786644.325;5817968.49;1
-718809953;785253.465;5821402.645;154
36259516#0;796935.125;5826706.550000001;1
-26139548;804683.87;5830182.415;2
-26489644;813655.71;5821616.955;1
-24340010;784334.33;5831536.165;2
-4611907#3;798467.0349999999;5825093.72;2
-4582202;792080.325;5822112.51;1
-4805434;792812.365;5829774.67;1
-1089794872;807015.965;5827965.73;2
-39496182#0;789168.2949999999;5840116.325;1
-185752085#1;804962.385;5834763.2;3
-161754580#0;799897.6399999999;5830584.67;1
-659768154#0;806877.99;5824926.3149999995;1
-4071972#0;796096.24;5833933.905;1
-965516901;813598.925;5822156.555;4
-1089545365;810133.12;5815124.904999999;1
172242834#0;802030.06;5817643.9;1
-160131077#1;797452.0049999999;5832550.345000001;6
440078639#0;801461.1799999999;5829794.29;1
-23788384#0;808160.49;5821784.1899999995;1
-142713933#0;813266.53;5829768.68;1
-825889803;812235.77;5814677.08;7
259433182#2;807639.8999999999;5819130.07;1
-23788384#1;808088.635;5821646.545;2
-22460618;791280.905;5835803.955;1
-33114556#0;790293.675;5822358.744999999;2
-33114556#3;790256.655;5822046.87;1
-4804132;795160.52;5833989.755;1
317871682#0;797531.7050000001;5830986.015000001;1
-152264795;796532.995;5823718.93;4
-43870724#0;809142.265;5824444.92;4
-43870724#2;809272.375;5824448.555;1
-153947945#3;804763.02;5816796.925;1
-153947945#4;804587.575;5816885.52;1
-4788428;805472.51;5834222.005;1
4686024;802750.625;5825304.775;1
-7617255#0;807624.855;5828172.74;4
-946005913;801404.405;5816492.335000001;1
-195344059#2;799929.2;5826034.095000001;1
-7617255#1;807651.38;5828505.975;2
-4765671#6;794119.9199999999;5835672.9399999995;1
-541191220#0;788179.7;5826741.615;1
-4765671#7;794194.185;5835669.825;1
-137881738#1;809880.8300000001;5827664.15;2
-128968842#0;811087.9;5830624.54;1
-25775910;785877.825;5830372.2;10
-16769178;792905.14;5833613.355;3
-4441936#0;781454.48;5815416.11;1
-6140420;806175.675;5832240.1899999995;1
-153947945#0;805158.5349999999;5816545.640000001;1
-23046190;791403.64;5835696.890000001;1
-151571090#0;796846.5549999999;5823399.965;1
4693121#0;793448.69;5820285.890000001;1
-46491896#2;806299.945;5834716.6;2
-308789918;783143.31;5829283.210000001;1
-46491896#1;806220.425;5834746.859999999;1
-151571085;797306.475;5822434.5600000005;1
-4804120;790948.3300000001;5834820.99;1
-223181594#0;796076.47;5835076.0;1
-73682384#0;795895.0449999999;5835677.1;1
-151627030#0;812611.105;5816640.32;6
-31586812#0;798191.77;5830646.255;1
-5003461#0;779908.155;5828376.1850000005;2
-5003461#1;779996.62;5827996.390000001;2
-1051828651;804401.78;5822656.0649999995;1
-152201906#4;811824.875;5825444.43;3
-1097465357;805712.67;5826160.695;1
-32815249;820748.5549999999;5818617.03;4
-4609230#1;790438.6950000001;5826480.35;1
-152201906#0;812413.16;5825349.755;1
-27950511#0;794606.02;5818324.9399999995;1
-148054718;794366.6799999999;5817020.025;1
-499092648#0;787463.8300000001;5837865.9;1
-219765166#3;806404.29;5815715.695;1
-4615063#2;800459.64;5829499.66;1
-219765166#1;806280.11;5815622.96;1
-145661739;787690.12;5818857.675000001;1
-28329866;802369.345;5816727.734999999;3
-151370247#0;798529.3300000001;5821269.949999999;1
-8169170#0;799311.845;5830966.065;1
23863057#0;792603.45;5822406.41;1
-151627030#1;812237.03;5816663.845000001;1
-151370247#3;798173.4550000001;5821307.765000001;1
30961021#1;797937.37;5818981.875;1
-392759408;801539.615;5826446.185;2
-4605121;789467.035;5820060.68;2
-4406361;796977.24;5824385.994999999;1
966483434;811551.625;5820064.875;1
-150916979#2;812663.98;5819131.125;2
-150916979#3;812897.04;5818918.605;4
-153608604#1;800993.915;5813282.02;1
19800238#0;801411.8;5821727.515;1
-118398725;818759.19;5819750.35;2
-24885684;810372.465;5825883.380000001;1
-14648929;788381.3;5816374.9399999995;1
-9161739;809450.4450000001;5829084.935;1
-298429418;817077.04;5813027.3100000005;7
-5117633#2;794119.75;5832846.9399999995;5
-270443144#1;780314.6399999999;5819571.38;1
-52219082#3;801670.49;5831095.825;1
-261844132;785060.105;5829645.09;1
-10671504;814657.395;5815585.635;30
-25815392;812051.55;5820466.890000001;2
-152354555#1;808374.6950000001;5815723.805;2
319492881;792826.49;5824315.545;1
-9896714#2;810519.8;5832209.859999999;1
-5116544;798554.47;5815073.7;1
-1055105774;800252.5800000001;5828097.0649999995;1
-27959240#0;807184.765;5828194.8100000005;2
-152593433#0;798899.14;5814187.109999999;1
-1059186080#0;796911.785;5820262.21;1
-153260679#1;808490.73;5816921.79;1
-952126507;802764.12;5817356.6;1
31064962;808411.9199999999;5832284.96;1
-928771980;808457.95;5830932.365;1
-41067495#0;795527.0;5838361.7;2
-816324763;800516.89;5824508.890000001;1
-865635335#4;813136.38;5825561.84;1
-4582019#2;794411.6499999999;5820266.045;1
27604446#0;809530.125;5827140.83;1
-933997851;809018.1799999999;5823254.805;12
24031234;793005.3200000001;5816226.975;1
-865635335#0;813406.365;5826095.475;1
137688162;804370.62;5840025.465;2
-1059186080#3;797162.93;5820597.375;1
-28100655;797941.035;5815753.15;2
-5095621#2;801515.6699999999;5820762.199999999;1
-191281748#0;805213.845;5834580.220000001;1
-191281748#1;805352.395;5834582.07;1
196854621;797539.075;5822349.095;2
31099800#0;803370.14;5817452.21;1
-24204674#1;812284.47;5828123.93;1
-144909690#1;808747.95;5817807.6;1
497962506;813407.71;5820793.835;1
1089645944#0;809004.47;5831325.945;1
-154687896#2;799232.7849999999;5815782.890000001;2
-154687896#3;799157.65;5815966.050000001;3
-4474846#2;787601.915;5826251.699999999;2
-287491361;802474.825;5838264.545;2
-217878977#0;793782.98;5827599.3149999995;1
-217878977#1;793849.88;5827558.1899999995;1
-637452565;794334.54;5823584.95;2
405719311#0;787288.935;5817278.03;1
-1089784274#0;807153.26;5828635.4350000005;1
-71596023#3;809733.98;5816300.395;1
-137884041#1;802506.315;5819553.14;1
-166760388#0;805220.885;5817400.46;1
-151571104;797598.37;5822657.135;1
-33281469#5;790442.71;5817131.415;1
-1101405292#0;798018.615;5829532.85;1
-753558432;800819.25;5824179.98;1
-163379148#1;801046.89;5822828.925;1
4439811#2;790770.2150000001;5818663.385;1
-281982077#0;780712.3500000001;5821507.3100000005;3
-142062099#1;801707.1399999999;5833772.904999999;1
-25771222#1;805206.665;5828092.775;1
205795121;794235.6699999999;5827007.75;1
-29183281;783733.225;5826656.02;1
-152354557#0;808219.47;5815502.915;2
237460086;804131.065;5825764.88;1
-149992456;792283.895;5821401.535;2
-44019627;812328.03;5827516.99;4
-4537027#3;792504.27;5830119.27;1
-946031963#0;798767.405;5813882.640000001;1
-1088874803;807010.8300000001;5830268.395;2
169195795#0;798199.565;5827677.915;1
24069852;801828.71;5819039.455;1
-4631474;798841.7749999999;5830902.99;2
-395766070#2;795972.255;5817270.67;1
-395766070#0;796021.6599999999;5817160.775;2
-106248936;800079.61;5812466.34;1
-688010973#0;791273.865;5840190.145;1
-4631478;799086.8700000001;5830839.465;1
-153879698#0;818569.9750000001;5820554.74;1
-593851923;802275.175;5827321.505;1
-688010973#2;791379.855;5840007.055;1
-281637511#0;791577.78;5838750.155;1
-25522667#0;781373.8049999999;5822430.525;11
172425900#0;799912.0149999999;5825715.41;1
-1088105040#4;812722.065;5828716.074999999;1
456510899;807286.9850000001;5822419.140000001;4
456510898;807912.25;5822034.285;1
-26125929#3;811010.75;5825085.765;1
-44580239;789493.5700000001;5828465.58;1
-4764650#0;798734.935;5833829.619999999;1
-132613384;784387.9199999999;5817023.300000001;2
30134530#3;800594.74;5831424.664999999;1
-1101065038#1;791500.405;5828606.925;3
30134530#4;800514.13;5831470.025;1
-503096340;793864.5700000001;5827138.654999999;1
-1089082483;805723.37;5830977.470000001;1
110767231;807201.45;5830520.619999999;1
-24980582#2;799497.4550000001;5821799.865;9
30134530#0;800865.55;5831278.08;1
82212040#2;805345.145;5817160.29;1
-35150156#0;796873.4950000001;5836705.78;3
27569269;780715.96;5828348.45;1
-1036246987;800084.79;5837515.8;1
-37825298#0;815971.385;5812922.550000001;2
-4787358#0;802632.525;5831369.4;1
-132613394;783776.725;5818759.59;10
-829225810;804195.575;5820036.654999999;2
-4632783;797603.6699999999;5831986.705;2
-278354657#0;798323.04;5824197.205;1
-26196587#2;790915.4450000001;5841367.79;2
-1085429386;805550.065;5819607.3100000005;1
-22731166#0;806184.4450000001;5830608.6899999995;1
-22731166#1;806242.5549999999;5830499.76;1
-22731166#2;806301.4;5830390.295;1
-1123729634;799276.2250000001;5830561.24;1
58262658;794722.38;5823465.4;1
-4792074#2;796799.185;5817973.715;2
-928653216;783797.72;5822613.3;7
-146171062#1;802297.125;5836189.6850000005;1
-148074481#1;791928.16;5818226.18;1
-36786466;807289.1100000001;5827996.9399999995;2
-83674803#0;796272.535;5833712.8149999995;1
-76064231#0;811101.56;5828930.6850000005;1
-43961343;813145.965;5827672.4350000005;5
822124414;806667.4450000001;5821069.605;1
-867018817;799803.395;5825380.1899999995;1
-33355035;792571.345;5819597.355;1
-22278676;806380.245;5825493.355;1
-153947860#0;805213.165;5817689.335;1
-178002055#1;804466.02;5815683.17;2
-145635384#0;787017.69;5818613.04;2
-4631449;799384.345;5830497.52;1
-1050509375;805437.59;5826595.57;1
-172014854;807928.155;5818197.875;1
-23182943;780632.605;5830108.3;1
-928653207;783632.5;5825060.779999999;2
-11013961#0;803107.5349999999;5839078.859999999;1
1006838225;803768.69;5821922.785;1
-4463155#1;787006.9750000001;5817979.135;1
462401399;792856.955;5823154.675;1
-20450418;786255.5149999999;5827865.83;2
-18652305;786502.605;5838923.09;1
-146170261;804951.155;5840439.085;1
-15994153;803115.145;5836783.965;1
-5134200;786002.725;5831441.21;1
-133482795;801215.405;5834442.995;1
1120707534;806895.45;5823277.91;8
-936880709#0;789654.5549999999;5840538.98;2
-181612205;809160.0249999999;5832406.9350000005;1
-140383149#1;791494.095;5819524.85;1
-142575700;808105.4450000001;5819166.525;1
-1008634748;795832.5549999999;5830975.5600000005;2
-24666391#2;795720.55;5824254.35;1
-431353991;806857.665;5821053.535;1
-37774725;800657.6499999999;5822042.675000001;1
-19898268;787163.655;5829978.11;3
-1046624012#0;798796.595;5835683.18;1
-7703118;809107.82;5832515.529999999;1
-386765884;793099.79;5835314.455;2
-431353994;809310.2050000001;5823026.835;1
-1119477171#2;797577.005;5824167.925;1
-25575552;806123.685;5823839.109999999;1
-881308807;810377.35;5833666.484999999;2
-312839304;818169.71;5816654.58;23
-23531854#1;811630.3;5819424.244999999;1
432205785#0;804543.015;5829901.72;1
-8036812#0;791562.815;5831551.58;6
-15973619#2;798581.44;5827158.02;1
-15973619#0;798437.81;5827292.675000001;1
-27330624#1;793939.92;5815741.484999999;2
-19898260;786938.915;5829848.8;2
4764692#1;796298.815;5833620.855;1
-4776155#5;799526.24;5834432.655;1
-922549794;809293.97;5829825.535;1
-153260653#3;811530.24;5815068.59;1
-397624119#1;786206.845;5839005.83;1
-176031315;799843.755;5827200.66;1
-19433192;799732.6499999999;5836897.79;1
-22650455#1;812628.97;5824116.395;1
-4594102;794741.51;5827909.715;1
-184213172#2;798276.15;5833057.465;1
-4579720#2;783903.105;5827038.59;1
-142575677#0;808360.025;5819232.279999999;1
-5046436#4;786068.54;5833720.234999999;1
-171785434#5;780951.365;5820243.82;1
-5046436#3;786076.79;5833971.595;2
-161677844;795480.09;5829908.375;1
-1118165312;794978.3049999999;5821866.24;1
-27717043#1;780929.6499999999;5829616.455;1
-313302634#1;783378.895;5829199.109999999;1
-27717043#4;780917.3200000001;5829279.654999999;1
-37013599#0;801824.525;5817985.76;1
-154749357#1;804735.335;5820750.87;3
-154749357#0;804460.385;5820836.4350000005;1
-4631481;798495.9199999999;5831068.505;1
-1100903092;797366.8999999999;5828719.705;2
-991635258;800393.01;5829841.805;2
155070193#0;797682.6100000001;5824963.86;1
-50003453#2;799975.9199999999;5813238.835;1
-374621842#2;796712.26;5829712.225;1
-9031086#3;813015.825;5830002.37;1
-9031086#2;813109.6799999999;5829976.9399999995;1
-39697744#0;797490.1950000001;5819524.71;1
-9031086#1;813166.63;5829961.390000001;1
-141317919#0;808756.275;5827625.640000001;1
-239020957#1;791109.845;5821792.16;1
-174976394#1;804438.645;5819091.925;1
1117071663#0;804641.635;5817989.095000001;1
-4535384#4;793159.4450000001;5822328.4;1
-4756189;790651.29;5828003.85;1
-1125003577;804093.665;5828133.65;1
-35470766;785986.0;5832155.95;6
-23722412;785908.815;5833152.6850000005;3
32879633#6;794197.12;5824124.484999999;1
-900014245#3;798635.765;5826398.995;1
-44151160;806158.765;5831029.855;1
-24720586#1;786098.105;5836727.904999999;1
-136073687;804457.38;5839065.449999999;1
-156579469#2;797942.8799999999;5818705.91;1
-4765933;792009.625;5835526.755000001;1
206170868#0;795181.905;5826878.355;1
4689604#0;808222.145;5827539.279999999;1
-25333947#0;782123.78;5819937.1899999995;1
-45248886;812204.575;5830470.7;2
-22753238;806225.61;5822683.835;1
-20207505#2;790081.55;5822806.425;1
-47267050#2;790549.95;5823206.859999999;1
862875718;803119.69;5822637.460000001;2
-47267050#8;790326.1799999999;5822881.35;1
-176031301;821829.3999999999;5819361.115;2
-154837273;798921.12;5816838.885;2
-9498350#2;820722.855;5819646.77;1
-4802843#0;794675.115;5838220.92;1
57685645;785379.175;5831801.73;1
-4765944;792118.405;5835636.74;1
-4802843#2;794800.865;5838338.109999999;1
-603951131;813890.97;5827965.5;1
-23409953;783789.585;5829629.17;2
-334696689#0;796602.64;5824843.13;1
-161677833;788982.635;5833430.465;21
-25793230#0;804992.435;5830324.715;1
22954104#1;785080.8200000001;5832848.09;1
-150937047#2;814943.11;5822038.605;1
-25793230#3;804650.72;5830313.355;1
-8036812#2;791650.685;5831648.365;1
-1101202709#1;791136.565;5834212.935;1
-1086435183#1;806408.335;5819894.539999999;1
-1093296103;801057.53;5821407.3100000005;2
-156418480;804953.645;5814952.71;1
1081891426#0;788104.575;5826014.6899999995;2
-152354615#0;808762.495;5816479.11;1
-5047023#2;787216.91;5837304.425;1
-4395178;799625.35;5814319.845000001;1
-1017359360;801748.825;5822357.37;1
4581763;787701.56;5826463.39;1
-97206933;806492.245;5820420.165;2
-4582198;792234.575;5822151.43;1
-203910777#0;793352.51;5829058.4350000005;2
-183930096#1;802364.84;5827144.7;1
-23084085#1;792849.47;5815406.465;1
106310140;792562.4099999999;5832473.515;1
-103258836;792083.555;5825440.04;2
-10780543;811533.48;5819986.175;1
16750372;794363.79;5833577.855;1
-148699618#1;792391.1599999999;5819583.18;1
-151742403#1;806503.475;5816395.215;1
-151742403#2;806774.0349999999;5816023.355;3
-126352571#0;788705.0;5829811.4350000005;3
-842376006;779580.405;5827267.84;5
26715381#0;803398.72;5829986.265000001;1
-1084601712#0;796994.895;5820186.8149999995;1
-126352571#1;788923.435;5829794.23;2
544599542#0;804849.9850000001;5827928.965;1
-183255892#0;816510.31;5817387.63;2
-4687337#2;802335.78;5830296.975;1
-272870881#2;795693.865;5828106.675;1
-151742403#0;806271.2050000001;5816705.765000001;3
-183346837;803258.745;5818754.98;2
-28311651;815142.77;5815184.529999999;9
-855874110;792673.5549999999;5819901.220000001;1
-6063229#0;807060.2;5835785.265000001;1
-6063229#1;807194.76;5835907.07;1
-6063229#2;807340.275;5836038.045;6
-6063229#4;807562.5349999999;5836238.99;3
-465860958;804348.46;5841186.9350000005;1
-148789444#2;794846.215;5819673.720000001;1
-293319599#3;794809.5700000001;5836296.095;2
-615403573#0;789542.45;5825119.14;1
-659122809;789323.6000000001;5828342.65;5
-106652862;791682.815;5826919.279999999;1
-18398010#0;803039.115;5832388.055;1
-495012721#0;813267.8200000001;5825446.46;1
-40520556;806393.86;5835185.9350000005;1
-146911396;802499.165;5828431.525;1
-24204866#2;814657.975;5829474.405;1
-26248709;790701.365;5828701.625;1
-42689609#1;796623.54;5836719.015;1
-4788733#0;804859.99;5832126.71;2
1101065040#0;791396.7949999999;5828543.484999999;1
-1088105295;813171.9750000001;5829476.24;1
-27604275#1;809551.5700000001;5826810.154999999;1
-1117199987;796988.06;5818840.484999999;1
-37081112#0;784780.465;5836622.3;1
-12620751#0;810687.85;5821831.465;1
1101201752#0;795109.405;5830376.285;1
-37081112#1;784733.985;5836625.25;1
-753600444#2;795573.7849999999;5834545.505;1
-784262574;784316.76;5830199.27;1
-148301548#0;796595.665;5815272.59;8
-25094707;781463.21;5818950.98;1
-4787954#0;803672.325;5832865.470000001;1
-51570733;790316.2849999999;5815402.640000001;1
-24204483#1;813074.8400000001;5829434.904999999;1
-148521808#2;790801.12;5819239.82;1
-148521808#0;790742.97;5819013.88;1
-155586460#4;803483.8999999999;5819633.555;2
-152494996;808104.125;5817124.699999999;2
-46907545#1;794104.53;5819496.375;1
-9933148#1;783493.02;5828140.5649999995;2
4388960;787805.265;5821819.105;18
-939280071;787734.36;5817654.88;1
-614705995#2;787321.94;5828507.585;6
-180331460#0;798878.165;5829205.24;1
-155586460#3;803544.1699999999;5819587.725;1
25333959;781907.9199999999;5819664.85;1
-696732291#2;781579.76;5827281.885;1
-8873656;792527.745;5833412.18;1
-4864921#1;785639.505;5815981.140000001;1
-1079319470;790666.2849999999;5840665.335;1
-4678199#4;792537.23;5834445.67;1
-28262153;789031.085;5830779.165;1
-4678199#6;792654.755;5834705.1899999995;2
47016365#0;799453.94;5828364.545;1
-14352662;781646.585;5829145.41;2
-6060924#0;808689.29;5833945.345000001;2
-1097492675#0;808995.01;5834035.529999999;2
-176031385;818479.845;5818603.13;2
-25514318#1;780941.7150000001;5819915.63;1
-1101403629;801999.915;5828965.39;1
-1058167403#3;796470.99;5835386.455;1
-192505645;806314.22;5829887.895;1
-824496040;801537.585;5822654.08;1
-24853396;805849.1950000001;5823348.3149999995;3
-151355528#0;797081.01;5820593.975;1
-110149638;790608.535;5819847.484999999;1
27606040#0;808998.685;5815062.835;1
-4588222;797707.34;5827141.16;1
-683461672#2;792664.6599999999;5822078.045;1
-4765873;792628.525;5835485.71;1
-152494948;808550.4299999999;5817123.99;1
-4766080#1;792002.1;5836974.015000001;1
4581889#0;786587.89;5831596.484999999;1
-24764733;817020.54;5818693.85;35
-4765871;792826.1799999999;5835673.5;1
-142575673;807450.905;5818411.885;2
-137499652;792503.23;5823689.699999999;1
4796342;789860.885;5835689.355;2
-24204733#0;795366.98;5818910.140000001;2
-475812733;785176.405;5827315.885;1
-4588215;797103.88;5826880.555;1
-4588219;797692.3400000001;5827236.665;1
962783112#0;793491.765;5833811.84;1
182672730;797841.165;5822348.895;1
-142575682;806093.04;5818674.055;2
-142575689;807939.4;5818694.17;1
-4371002#2;793498.9650000001;5825330.955;1
-149849308#1;797400.24;5816159.99;1
-4678195;793611.625;5834411.220000001;2
-142575687;807966.88;5818913.425;1
-149849308#0;797271.98;5816211.91;1
-4765880;792876.615;5836349.885;2
-137499667;792370.515;5823718.82;1
22094534#0;803968.12;5829681.595000001;1
-47586922#2;798118.56;5819411.545;1
-47586922#4;798431.7150000001;5819503.51;1
-1036530810#1;798507.4299999999;5826144.075;1
-485162263;792840.545;5835313.6850000005;1
-183631209#2;782077.095;5828129.835;1
169753567#0;797144.0700000001;5823431.199999999;1
-4581849#0;789321.0249999999;5829620.1850000005;1
-4612395;798524.9199999999;5825735.705;2
-9028777#3;809313.395;5832099.225;1
-23547470;796441.8;5839844.855;13
24700642#0;796721.685;5831623.485;1
-4611906#2;798501.485;5824962.545;1
-152466425#0;807763.2150000001;5817718.175;1
-5116450;802769.4099999999;5823263.78;4
172242835#0;802339.19;5817867.58;1
574670425#2;806592.225;5827908.335;1
-182941606#2;797242.645;5821550.035;2
-148664993#0;792174.0149999999;5818325.76;1
-231262800;789716.04;5842524.18;1
-1080201091;795810.77;5831552.455;2
306354464;805574.515;5822636.8149999995;3
-149614356#0;811640.235;5822322.805;1
-42878053#2;809419.98;5832530.69;1
-1072290002#1;810382.105;5815802.654999999;1
-112128825#0;799255.21;5828628.55;1
31910525#0;794737.7050000001;5833778.484999999;1
28102034;812330.64;5830851.85;1
-4765946#1;792067.2150000001;5835552.0649999995;1
-4449360;792684.0;5823441.08;1
-4871595#0;787746.085;5816991.275;1
-129953985#1;796579.6499999999;5820310.75;2
-152258324#0;820205.99;5820863.109999999;2
-152258324#1;820161.1699999999;5820697.205;1
407075283;794461.51;5821648.470000001;2
-1079319457;790849.705;5840938.215;1
-157717100;798212.48;5824155.220000001;1
-44603339;789690.12;5814960.96;7
-57387702#2;782318.9650000001;5827353.38;1
-5025937#5;781830.2350000001;5831143.31;2
341989108;796104.595;5822760.505;1
-25626582#2;796552.6799999999;5819815.0;1
-1104991648;800190.875;5830237.775;1
-43332472#0;781406.245;5814867.945;1
60913023#2;799693.135;5814827.904999999;1
-1101202374#1;795915.505;5831073.32;1
-176213810;795600.0800000001;5823617.675000001;1
211571472#1;802822.81;5818703.449999999;1
-152258324#2;820090.0549999999;5820547.025;1
32983262;804106.3049999999;5825071.609999999;3
-641022430;781580.845;5829520.405;1
211571472#0;802951.835;5818639.0649999995;1
-412894108;808404.11;5820601.58;1
-25117235#0;805985.135;5820443.9399999995;2
-806123794;804520.815;5832927.905;1
-806123795;804222.2050000001;5833014.715;3
-732266391;790043.8;5833997.84;3
1018942845;798716.3200000001;5833626.2;1
-4540291#2;794447.0;5828570.805;1
-4540291#1;794436.485;5828739.165;1
-53201479#2;792242.495;5837842.68;1
54202273#2;809187.8300000001;5814353.845000001;2
-670961434#0;800925.87;5833859.36;1
316319553;807924.99;5827446.645;3
-10307242;808318.5700000001;5831761.55;1
-66071366#0;798118.435;5827408.215;1
25151770#0;796221.895;5822864.985;1
313916614#0;796635.22;5816012.34;1
-62241003#2;795838.095;5825670.359999999;1
-194074067#2;804848.5;5831668.3149999995;1
-4475675;791924.2050000001;5828267.685;1
-6229931#0;804922.045;5828428.405;2
-32837721#2;812142.755;5822360.765;1
-174172052;796670.315;5830612.745;1
-367355785;796228.855;5825020.305;1
961540662#2;796416.5449999999;5815372.62;3
-66285900#2;786362.48;5826410.385;1
-23006254#0;784199.05;5832997.585;3
-176753730#0;807383.965;5834047.275;9
-24204639#1;811777.16;5828486.18;1
-23006254#3;784239.175;5832750.48;1
-24583477#0;818273.075;5818003.495;8
-22375634;787470.5;5827701.355;2
-30081465#0;804775.64;5819052.575;3
216169539#1;806237.9650000001;5820538.48;1
-195441535;811695.71;5829847.12;1
-333607511#2;793651.725;5832180.35;1
-103141587#3;794933.365;5819095.705;1
-175081981#0;799667.995;5817415.15;2
-195441534;810930.145;5829369.385;2
-29113576#2;801606.97;5836081.404999999;1
114381363#0;800449.58;5816812.915;1
-30041990#3;808479.0349999999;5828193.58;1
-195441531;811168.5700000001;5829817.529999999;2
-152593432#0;798145.125;5813845.515000001;2
-332561057#11;793610.1;5838443.0;1
-836498474#0;799863.815;5821881.145;1
-10422536#4;807972.7549999999;5829066.385;1
-46348609;789591.9850000001;5830796.765000001;1
-141317924;808346.9199999999;5827807.4;3
-332561057#10;793367.815;5838258.515000001;2
4687244#0;803448.92;5829910.715;1
-145635383;787175.495;5818554.7;2
-603897822#0;795107.53;5823878.425;2
-862073168;785452.3;5829914.135;1
-85900651;782296.1950000001;5821196.395;2
-5046993;787437.6799999999;5836573.890000001;1
-85900654;782262.35;5820703.255;1
-195441529;811440.4850000001;5829885.455;1
-5046992;787432.675;5836495.8149999995;1
-16901110;790059.88;5839872.08;1
-868401254;790491.24;5831036.74;12
-24839839#0;809948.8200000001;5826170.795;1
119201838;796151.89;5831975.59;3
-32936807#5;796068.12;5825464.205;2
-150907204#1;791689.87;5821862.57;1
-153608616#0;800956.315;5812966.720000001;1
-491409075#3;792264.855;5837783.525;1
-153608616#1;800820.645;5812798.5;1
-25094768;799404.455;5834370.07;1
-154687897#1;798560.8300000001;5815548.1;3
4612859#0;799685.8400000001;5825674.615;1
-1018450741;812034.615;5818744.175000001;1
-154687897#0;798498.775;5815333.525;1
-30148929#2;794650.145;5819200.215;1
-154687897#3;798690.175;5815860.38;1
-1101010197;794265.53;5828044.975;1
119080628#0;795254.02;5822107.705;2
-627560832;806762.4099999999;5826544.83;1
-4492371#2;794292.71;5825267.109999999;1
