link;x;y;drtVehicles
-4685952#2;802529.3400000001;5826195.335000001;5
-310177222#2;799500.71;5827888.0600000005;1
-4446720#0;791570.7350000001;5828146.3100000005;1
-527065428#0;796671.66;5824306.699999999;2
-1101200914#1;791802.55;5828289.675;1
-66514471#2;800144.98;5825798.904999999;1
-4782519;800719.895;5827298.25;1
627460043#0;793320.575;5826869.625;1
1108013699;800661.37;5828296.0;2
1124564944#0;799732.1799999999;5827529.220000001;1
-188866873#2;801373.0249999999;5826107.255;1
-66514425;800680.685;5826399.27;1
-27989797#0;801512.24;5824937.9399999995;1
-4410152;795886.55;5828390.720000001;1
-4631543;799651.74;5830404.140000001;4
-4615065#2;800495.12;5829397.1;1
-129285627#4;802543.045;5827028.63;1
53365275#0;801916.585;5829015.785;1
4591809;797881.865;5823868.125;7
-1083535037;801799.0700000001;5828408.925;1
-129285627#1;802437.47;5827063.165;1
-671026861#1;800173.56;5829004.279999999;2
4402681#0;793020.9450000001;5825563.355;3
-1056629317;792632.65;5826268.07;2
520627744#4;793409.745;5824694.46;1
-4383283#0;796902.3;5828795.720000001;1
-1101009908;794338.335;5828257.470000001;1
-4535206#1;794256.105;5823701.73;2
-26138864;801679.51;5828097.01;2
-42245336#0;793923.85;5827573.04;1
-881132961#3;800938.565;5823856.6850000005;1
520627744#0;793278.405;5824604.92;1
-881921237#2;797735.97;5829250.68;2
508614988#1;795623.06;5823930.595;5
-16806095#1;799785.13;5825759.13;1
109804590#1;801042.135;5829304.84;1
-4583362;794615.76;5823994.87;2
508614988#7;795741.5449999999;5824038.71;1
329869880#0;798416.37;5825256.465;1
-172920329#2;798045.62;5829973.475;1
141864327#0;792668.31;5825459.074999999;2
-4612752#0;799040.69;5825825.35;2
288762497#0;801910.47;5829023.395;1
-1024034686#0;799005.515;5828645.5600000005;4
-4610608;798640.8200000001;5827367.055;2
-320261155;801750.77;5826933.515000001;4
-1110388548#4;795917.0349999999;5826040.285;1
4615457#0;801566.19;5828837.615;1
-4592757#1;796999.245;5828881.74;1
-1101064701;792083.39;5828543.205;1
-881132958;800568.3;5823762.279999999;1
-728132451;797301.51;5830466.635;6
-25042806;797524.395;5826662.585000001;3
460217105#0;802013.9550000001;5828149.035;3
-375991062#6;795182.085;5828919.285;1
25185004#0;793290.935;5826843.605;2
52578335#0;793075.2050000001;5826936.005;1
4407756#0;795823.1100000001;5828161.285;1
-257430450;794761.4550000001;5827652.390000001;3
34059286#0;797976.185;5825495.984999999;4
465382940#0;797227.225;5829115.16;1
13863285;796043.52;5824055.34;1
-4782546;801517.74;5824861.075;1
-4782547;801533.51;5824797.155;2
172536702#0;793534.3300000001;5828513.415;2
-1094233981;800781.095;5830017.380000001;2
139350149#0;800566.435;5825707.665;1
146693475;803320.825;5827361.07;1
-266920620;801425.0;5823687.54;1
-4409138;793600.36;5827319.5600000005;1
-1097482025;802342.26;5826834.955;3
-155594913;800713.3;5822289.83;1
777325761;801353.185;5823306.16;2
-919741394;793931.5249999999;5827291.895;1
-155397519;795844.835;5824322.84;2
-1101009910;794447.155;5828185.115;1
-1101009911;794364.845;5828107.53;2
-1103300964#0;798672.9199999999;5828610.46;2
28658321#0;791122.6950000001;5827439.055;3
-25999940#0;795411.245;5826441.17;5
-1057115019;799519.6950000001;5826202.385;1
-257432924#0;795646.7150000001;5827829.09;4
37911426#0;797746.605;5824477.5;1
1083602355;803272.975;5827616.91;1
-4500194;793983.04;5823297.825;2
131336286;800656.085;5822538.965;5
-4603414#2;798363.46;5830340.41;7
-1056617371;792335.97;5826256.6899999995;1
1102154074#1;797565.1399999999;5828612.255;1
-1108013693;800528.79;5828194.74;1
-1101407447;794664.63;5828815.539999999;1
25185001;793186.925;5826782.75;1
-66514450;800042.535;5825552.775;3
-161897996#1;799495.91;5830678.65;2
-186359816#1;797386.235;5823316.34;1
-186359816#0;797396.255;5823193.5600000005;2
-4611714#1;798437.44;5827151.220000001;2
-4611714#0;798359.385;5827202.58;1
532727925#0;796702.68;5827428.55;1
490351862#0;793360.3400000001;5825671.16;1
-155605308;801583.655;5823275.785;1
-155605312#0;802045.635;5824828.390000001;1
-155605312#1;801917.755;5824943.725;4
-25036025#5;797516.31;5824856.35;3
-4381554#1;793815.3899999999;5826708.359999999;5
-1000835689;801224.725;5822751.6;1
-1100787596;792837.075;5825440.17;2
-776093907#2;800960.875;5824156.395;3
-764003855;800942.89;5823956.515000001;2
-1092669588;792409.33;5824744.345;3
-240959635#2;796350.435;5823292.359999999;5
-1100787594;792210.865;5825226.645;2
816324772#0;800141.26;5824421.825;1
-909333702;796918.245;5827635.035;1
816324772#2;800184.015;5824407.3100000005;1
-1124991843#1;798933.78;5826106.67;5
27149060;793382.285;5823830.199999999;1
-180541162;798140.3200000001;5830349.65;1
1126170612#0;797454.6200000001;5825587.4350000005;6
-155605327;800157.135;5823189.36;2
-1052758514#0;798937.41;5829128.109999999;1
-182052618#2;802580.0900000001;5826038.355;4
-155605328;800138.8400000001;5823565.25;2
-63124377#2;798978.0700000001;5826387.15;2
-155605334;801023.195;5823575.73;2
25418286#5;793807.255;5825501.26;1
-155605333;802686.525;5826125.52;6
30189236;799067.5149999999;5824680.495;1
-30137421#2;792127.66;5825988.26;4
-161754093#4;799420.7350000001;5830680.245;2
-1083226619#0;800220.99;5827904.255;4
23809678#0;798772.005;5828534.925000001;2
160343967#1;793252.66;5827007.665;1
-161754093#0;799643.6000000001;5830547.335;3
25418286#0;793580.3400000001;5825457.705;1
-1101907785;802823.105;5826597.87;2
-4471969;792206.6499999999;5828041.015;1
-4471968;792587.675;5828507.235;9
997185166#0;795170.955;5825596.99;1
-1092051612#1;796953.925;5823075.87;1
23507539#0;797338.31;5823547.574999999;1
-155605318;801778.795;5823269.93;1
36737687#3;798995.9550000001;5825070.02;1
-1110415991;796479.8600000001;5825648.985;6
-1056615867#4;791705.585;5826163.405;1
-1056615867#1;791661.675;5826322.95;2
26976439#0;794487.41;5825488.275;1
-26983671;801610.25;5826497.23;1
-53542202#0;796589.745;5830122.890000001;2
168903524#3;793267.615;5826115.37;1
168903524#2;793290.7949999999;5826147.32;1
4741948#0;800475.71;5827108.845000001;2
-53542202#1;796457.875;5830102.955;1
-4612410#0;798923.5349999999;5826948.97;2
-4612410#1;798888.745;5826818.72;4
110450329#0;798209.355;5825524.515000001;1
-54117008;796234.1;5829619.085;1
-1037625692#0;802888.615;5828182.6899999995;1
-183073681;800533.69;5826074.85;3
-666495565;802094.8200000001;5824749.715;1
-203910789#5;794156.9199999999;5828864.5649999995;2
-74868383;796300.09;5829077.6899999995;2
-203910789#3;793853.12;5828893.09;1
-155605341;801218.605;5823970.335;3
4446337#0;792412.8;5824036.285;1
-203910789#7;794384.54;5828843.455;3
-4381082#1;796506.135;5827702.17;2
-50481674#3;793436.705;5827460.015000001;2
1076523515#0;792437.165;5824132.33;1
-203910789#1;793651.605;5828913.845000001;1
-50481674#0;793538.905;5827708.695;6
-475841685;795955.145;5825881.535;3
-4612416;799297.69;5826994.175;1
-441788215;797664.15;5828764.11;3
186216342#3;801008.3200000001;5823766.135;3
186216342#2;800834.69;5823716.195;1
186216342#1;800737.03;5823687.535;1
-816236485#0;800750.385;5823101.365;3
-4612412;798831.3999999999;5826889.145;3
-730191117;795471.0700000001;5826650.65;5
1101406282#1;795016.85;5824327.945;2
1062070610#0;798946.8899999999;5825074.43;2
351704742#0;800957.075;5828538.325;6
738290009;800056.915;5827918.99;1
-448298620;793751.9450000001;5829231.23;2
166260139;796523.89;5827068.77;3
-25302636;798768.935;5828146.975;2
-1107180849;796219.01;5824452.07;4
-169660686#0;797509.9550000001;5828072.85;1
-4492015#2;793783.12;5825664.1;2
337540124;794793.1;5827111.995;10
279465959#0;801249.8400000001;5823650.4;1
-4612429;798805.86;5827029.32;2
-1072645816;801378.37;5826762.77;3
-23248190;791564.0800000001;5825839.425000001;1
431356092#0;801212.6799999999;5826535.75;1
764644570#1;800738.905;5823432.205;1
-4494994#2;801238.24;5825274.155;4
-168917748#1;795658.735;5824974.085;1
31621016;792178.165;5827130.225;1
-23813206;799049.355;5828304.855;2
-65707578#0;801574.3;5823585.449999999;2
-155605364;801834.125;5823413.425000001;1
-155594979;801376.81;5822873.925;1
-71089566;799025.9299999999;5825229.805;2
-71089569;798927.375;5825246.265000001;1
-217183438#1;795526.335;5828244.574999999;1
-4436795;793032.375;5824519.15;1
23851927;799039.89;5827576.74;2
391493957#0;797777.775;5824028.24;1
-1091806548;797595.125;5823157.765;2
-4688786#3;802912.605;5827234.984999999;1
-75909822#0;800487.0449999999;5824668.325;4
-172922876;797365.76;5829972.58;1
23851922;799020.49;5827518.35;1
-1109690557#2;793282.435;5823360.705;1
4705478;793515.5900000001;5829250.5;3
260235997#0;802003.67;5826893.155;1
-155605273;800693.05;5824255.725;1
-30130057;797576.315;5823579.8100000005;2
-1122284350;800058.02;5824930.17;2
-4615004#0;799944.21;5829316.84;1
182603253#6;794041.855;5827815.605;1
-32359106;793332.565;5826535.234999999;1
182603253#3;793893.8;5827899.23;1
182603253#2;793769.2949999999;5827969.165;1
182603253#0;793703.485;5828001.205;1
-796244040#0;796818.7150000001;5829165.75;1
-1100726698;793962.28;5827487.96;3
-155605265;800540.595;5823090.62;2
-645343613#0;795812.36;5829545.73;3
-4615004#7;800161.64;5829762.755000001;1
-645343613#1;795859.53;5829412.390000001;1
1083449372#0;801108.1950000001;5827850.109999999;2
-4615004#4;800071.3400000001;5829576.265000001;6
-1107953489;800301.245;5828696.795;1
-305422037#0;792972.095;5825990.25;3
-305422037#3;792966.3049999999;5825821.51;3
-1089672834#2;799485.51;5825138.390000001;8
-328426227#1;800175.4450000001;5826856.734999999;3
-140549156#2;800014.78;5825666.825;1
-153692984;797641.315;5828871.3100000005;2
-155605298;800383.235;5824070.6899999995;3
319492880#0;792390.7350000001;5824089.890000001;1
-155605295;801621.525;5824929.859999999;1
-645183212;798189.28;5831048.404999999;1
-23859719#2;799876.655;5826245.35;1
892180284#2;792339.12;5827231.925;1
-1107953483;800263.7549999999;5828554.555;5
-4615782#1;801453.415;5828508.16;2
-16571799#0;798543.0900000001;5829181.955;4
823947546#1;792883.42;5826093.375;1
-435715672;797603.9299999999;5822965.165;1
-435715671;797694.425;5823162.255000001;1
1100788309#2;792898.46;5825528.695;1
1104460750;799521.775;5828898.615;1
-4592212;794796.24;5829346.425;1
168889126#5;791800.58;5826954.25;2
4407115#0;793309.0700000001;5823744.390000001;1
-16571799#1;798629.0800000001;5829362.66;2
-155605272#1;802918.99;5826019.585;1
-155605272#0;802877.94;5825883.22;2
-153692996;797328.49;5829122.385;3
-1107953491;800376.88;5828781.98;3
964589559;801482.2350000001;5823156.97;1
-155605284;800586.085;5824502.075;1
-1083614744#2;801158.06;5828529.465;1
-155594998#1;800628.93;5822229.795;3
-1120678942;796987.69;5830833.885;6
195344060;800168.865;5826431.46;5
168889126#0;791847.6699999999;5826685.83;4
168889126#2;791828.135;5826807.13;1
-649959246#3;796579.7949999999;5827881.835;1
-4437114#2;792990.3049999999;5824904.715;2
-4437114#0;792683.4950000001;5824948.48;3
-4437114#1;792831.845;5824926.095;1
-8084122#0;801497.4550000001;5829345.835;1
-8084122#1;801426.49;5829440.76;1
-4583383#1;794698.965;5824920.195;1
-645343614;795875.94;5829470.390000001;1
4045243#0;802286.865;5827721.18;1
-1101200868#2;791732.69;5827980.065;4
-185779387;794984.5700000001;5829553.17;2
25360667#0;800584.44;5828463.02;1
-645343612;795941.7250000001;5829292.015000001;4
-153692976;797793.2250000001;5828698.34;3
-45234635;799705.13;5829504.955;1
-4372491#5;791503.155;5824898.305;1
-209264199#0;800584.6;5824042.859999999;4
-1062556377;801483.0900000001;5823925.665;3
-4613295#0;799069.335;5828600.62;1
-4613295#1;799091.825;5828737.465;1
-4613295#2;799110.56;5828823.265000001;1
-39839435;797643.65;5826355.51;2
824274189;800768.74;5826946.275;1
319339413;799338.87;5828912.455;3
-4603463#3;797901.9199999999;5830810.75;1
1010818626#0;800790.565;5824062.075;2
-548612558#2;795582.09;5824244.16;2
-210668637;797108.835;5827494.515000001;1
-483022582#0;794896.905;5826578.995;1
-483022582#1;794888.755;5826488.68;1
53357388#0;798875.28;5824623.39;3
-905940428;800142.995;5822761.925000001;12
1101185155#1;791931.375;5827409.26;4
-415424121;797953.645;5826254.425000001;1
-4444441;792213.4299999999;5825570.78;1
-297373654;798085.96;5829371.82;1
-4490384#1;792600.345;5825616.55;4
24916011;793539.81;5829092.01;1
-279661480;800823.4550000001;5827325.885;1
-4597033;797506.63;5830576.73;14
-24594558;793331.365;5824342.6850000005;4
-67553868#3;796006.0349999999;5825048.155;1
-4685726#0;802925.01;5827900.775;1
-1107180851#6;795452.5349999999;5823930.915;3
-39487910;796036.05;5828546.55;2
-1093597996;802519.84;5828500.26;1
-4611775#0;798030.0800000001;5826197.62;1
997185170#0;795032.51;5825634.02;1
-39487917;795989.695;5828674.41;1
-4395631;793571.89;5824268.11;5
-888439450#2;793887.72;5824692.130000001;1
-23707866#1;795808.125;5829633.824999999;1
-23707866#0;795745.825;5829667.369999999;2
-4395630;793673.81;5824646.6850000005;1
-1107180851#1;795328.77;5824080.715;2
-1052758758;798746.54;5829413.775;2
-169755108#2;797264.8500000001;5823802.33;6
-715711017;801547.38;5825724.91;1
-24261688#2;794996.83;5828133.26;3
1100552764#1;795923.525;5824421.585;2
148565634;793921.9550000001;5823371.495;1
-722013115;797416.085;5823850.645;1
-625928996#2;801588.375;5828267.195;1
-24320623;792307.05;5826392.4;2
-4412868;797780.4;5827723.705;1
-36739044#0;801937.81;5824079.36;2
419527299;801199.225;5827444.905;1
-485472400;802053.72;5828855.225;1
4449438#0;794066.05;5825162.119999999;4
-1041197919#0;802867.27;5827858.375;1
-53785140;800443.7;5823120.45;2
-95926536#2;799027.37;5826315.1850000005;3
460217099;801570.755;5828989.5649999995;1
-4611905#1;798317.595;5825057.96;1
-4611905#0;798313.9550000001;5825198.45;1
-37826586;792982.3;5823835.795;1
-106655154;791734.71;5827093.955;1
-25008074;800377.52;5827509.77;2
-195430953;799392.625;5827138.225;1
-195430954;799332.885;5827193.82;2
-837433793;794902.865;5823764.28;1
-4500151;793339.365;5824056.13;2
-195430959;799634.6599999999;5827210.7;1
1126170614;797158.335;5825735.45;6
188491279#1;794680.265;5826056.63;1
-1120409881;802350.7;5825321.8149999995;1
-4500153;793381.45;5825313.53;4
-4500154;793345.49;5824582.455;2
1123348890;797786.5549999999;5823374.7;1
-625647965#2;799173.25;5827050.029999999;2
318888121#0;794454.9450000001;5825451.465;1
-109612314#0;793067.87;5826261.055;1
114667396#0;797972.3300000001;5827753.79;1
33280304#2;793121.025;5824504.53;1
182624147;800561.895;5823637.875;3
-1054730129;800927.875;5827325.765000001;1
30806885;795094.1000000001;5827107.905;1
431664589#0;796225.595;5829051.91;1
48859718#1;796958.785;5826819.395;2
-4535205#2;794299.9450000001;5824038.425;1
-155396256;795996.685;5823521.855;1
-1083746142;802514.47;5827556.414999999;2
-209264200#1;800684.865;5824027.05;2
870399666;801520.5349999999;5823845.0600000005;1
85127874#0;794200.0700000001;5825369.55;2
155073131#2;798051.27;5823984.5;2
-1055082836;801537.755;5826848.33;8
28426844#0;792348.9550000001;5825156.125;1
-1100646719;797637.03;5830959.665;1
4615031#0;800510.27;5829966.25;2
4612858#0;799511.46;5825650.52;2
-276457310;801729.515;5827147.29;1
-4376921#0;795221.51;5827755.775;4
-138861604#4;797599.335;5825428.08;4
-4376921#2;795356.1599999999;5827758.0649999995;3
-1117241331;802521.79;5828038.125;5
-694626562;799487.2150000001;5828451.795;1
-10754963;796358.62;5824677.574999999;2
-4410149#0;795627.8999999999;5828333.365;1
-11480363;796741.3200000001;5826454.135;2
-327756257#0;798138.825;5826758.33;1
-24215974;799294.58;5826476.48;4
-39841056#2;801254.55;5825158.800000001;2
-4395614;793407.885;5823544.63;4
-1058548817;800982.8999999999;5829526.6850000005;1
-1028166891;802872.11;5827012.105;1
-4840859;798891.03;5827205.325;1
-104511823;800725.4199999999;5823385.21;4
831659093;798484.87;5828231.615;3
-4480558#2;791135.965;5825885.465;4
1056892104;796859.265;5825704.665;1
172664316;800298.8999999999;5822499.15;1
-6075138#0;795222.485;5824605.529999999;2
-23248778#1;802573.875;5827157.345;2
-4500114;792794.035;5824118.154999999;1
-69409257;798699.0549999999;5826203.22;9
-4500110;792676.925;5824160.95;1
-1024043830;801120.385;5824677.64;5
-4500116;793101.865;5824358.29;2
-1056639653;793655.225;5823422.515000001;2
-315214529#0;797021.735;5828509.06;9
172425905;800699.5349999999;5825805.285;1
-4471286#2;792394.775;5826615.1850000005;1
-1108164794;794116.8200000001;5827639.82;3
-1098856682;799073.855;5829234.154999999;4
-155605331#2;800877.325;5824574.46;4
32879631#0;794454.95;5824195.385;1
-169755107;797296.87;5823667.1;1
153653006;795308.9450000001;5826385.640000001;1
-155605331#8;800999.22;5824812.234999999;2
153653007;795520.485;5826350.23;1
-4495000#0;800709.565;5825023.994999999;2
-32975879;797904.845;5826071.33;2
-851610758;799308.3;5824690.8;1
-4387786#0;792626.815;5823981.41;2
-4387786#2;792779.15;5823950.865;1
339201250;798878.46;5827028.875;1
-172078684;797767.685;5829052.365;1
-4685757#0;801644.9199999999;5827039.98;2
-27989772;800104.37;5825002.215;1
-1100646919;797466.75;5830059.615;1
465376243#1;797570.5249999999;5827915.725;1
489593365;801257.0449999999;5824033.855;1
-23213543;793400.385;5827379.720000001;2
676630779#0;799276.54;5824555.08;1
288762496#0;801718.95;5828922.465;2
-851610745;799451.2150000001;5824830.455;1
-4543405#1;793292.26;5828341.58;2
-851610741;799580.51;5824687.35;5
-26995580;795358.76;5824587.04;3
-94133643#5;798739.755;5830328.779999999;7
4686235#0;799924.6799999999;5825703.24;1
-195418554;799568.9199999999;5826839.095000001;4
-195418556;800240.85;5826581.245;1
-1101185157;791864.155;5827374.265;1
386460952#0;797851.565;5825671.98;1
-573013098;793720.5449999999;5823321.66;3
32640199#0;799184.38;5824748.02;4
32640199#1;799174.455;5824752.97;5
52578336#0;793015.385;5826810.18;2
-1052675176;799299.0449999999;5829074.21;2
-867850613#2;800169.2050000001;5823739.285;5
-154381205;802798.21;5826673.404999999;1
1068936253#2;792076.3400000001;5828036.35;3
-154381202;803052.71;5826789.305;3
-4490378#0;791749.5700000001;5826502.98;2
-4490378#1;791781.3;5826333.1899999995;1
-126215416#2;802856.24;5828398.075;1
-169755110;797115.1699999999;5822862.35;2
-4615064#1;800712.515;5829577.65;4
-1105622720;793163.01;5825212.65;1
328064930#0;797356.53;5826208.404999999;1
-1000268036;801982.97;5823859.605;2
-856982235#0;801660.2150000001;5824829.845;1
-964932376;801077.275;5823835.045;2
-28983623#0;802779.19;5828207.635;2
33231767;801282.35;5825981.855;1
1096709530;801067.49;5829579.675000001;1
-1101189579;791331.0449999999;5825991.495;2
-116793954#3;796711.985;5828931.765;4
-1052675227#4;798876.81;5829678.49;2
-68455990;801383.9450000001;5824358.640000001;2
76212438;796628.325;5827964.67;2
-68455992;801270.845;5824431.855;2
1122600949;800981.415;5825883.6850000005;1
1102675942;794017.855;5824959.765000001;1
-29400740#1;793737.06;5828803.395;2
-824921529#3;798056.62;5824980.845;4
1096709561;799985.905;5829004.055;1
-777345614;801061.625;5823173.115;2
1100785762#0;791341.995;5826075.109999999;2
-1057576180#1;798869.12;5825366.234999999;2
-1057576180#0;798718.62;5825367.525;4
-28497529#2;796043.38;5823434.025;3
-142018578;799020.78;5825484.37;2
-203910786;793764.38;5828996.074999999;2
-49677300#2;802069.835;5826906.055;1
208089048#3;793459.3400000001;5824527.73;1
-134443454#0;794387.61;5824570.825;1
-43402009;792898.25;5824420.52;1
150540946#0;794987.33;5823875.494999999;1
-466318949;801748.49;5824607.79;2
318888126;794504.3049999999;5825468.035;1
-813203680;801883.7050000001;5824638.15;1
-4480580#1;791328.1599999999;5825662.995;5
-82652406;799798.7050000001;5827786.54;1
-238119551;800293.015;5824120.51;11
340606520;800897.355;5829191.68;1
-755551646#0;798824.52;5827427.6850000005;1
-24320722#0;792263.745;5826364.125;1
-203910774;793393.365;5828529.91;2
147646826;800097.395;5829119.695;2
-346234392#2;797634.9450000001;5824738.85;3
-142018575;799834.485;5826540.68;1
1091626545#0;800046.4099999999;5830456.335000001;1
-437325054#2;797948.0149999999;5828467.355;1
-945954404;800084.9650000001;5823256.3149999995;2
-945954405;800176.24;5823280.615;1
-27815725#0;796918.38;5829172.42;2
-945954402;800350.66;5823323.055;1
-4618777#2;796038.925;5825738.859999999;1
-48802137;802238.355;5823110.745;1
-119914238#0;797471.135;5829962.09;2
-9657820#0;796882.4650000001;5826771.115;1
-4377122;794313.935;5827393.52;7
-4495307#2;792125.605;5826562.09;8
-84867842;800463.53;5824558.5;1
-129285626#1;803055.6599999999;5826682.175;2
-4597029;797120.0700000001;5830079.789999999;3
-129285626#0;802985.2749999999;5826765.555;2
-4370500;791677.16;5825302.18;2
-4068142;802924.885;5827357.1;1
-141128588;791960.315;5825028.369999999;2
68711085;796639.46;5827800.715;1
-1052675127;799703.645;5829773.21;1
61423422#0;793997.91;5824089.6;1
-370361656;798915.61;5830384.09;1
-671403217;797059.48;5828823.835;1
-4606218#0;798747.87;5829770.88;2
-1089751350;797263.935;5825136.055;3
-1017969548;796898.685;5830605.085;3
-492643593#0;795627.69;5827855.78;1
203910322;800654.7849999999;5822544.16;2
433868455#0;795018.105;5827214.41;1
-4437116;792799.175;5824693.455;1
327518240;797540.7849999999;5828193.015000001;1
-4437117;792798.245;5825172.18;5
-82658674#3;799336.0700000001;5827644.335;1
-4534558#0;802772.3200000001;5827573.695;1
-51167934#0;798105.185;5828387.8100000005;1
-51167934#1;798074.125;5828285.635;1
-492643593#2;795837.1950000001;5828042.625;3
-1101819487;799365.405;5825530.54;6
-1002399795;801527.6950000001;5822544.665;1
-32206247;800423.465;5823820.01;1
-4612695#0;799075.365;5826173.4350000005;4
-493103526;799576.95;5826661.62;3
-27600362;795123.845;5824568.324999999;2
-8022425#3;799514.56;5830449.13;1
42103020#0;797617.19;5828332.555;1
-4612695#1;798985.1950000001;5825963.795;1
-335396339#0;795671.5;5825729.97;4
4556843#0;792576.395;5827430.715;1
4556843#1;792484.815;5827421.9399999995;1
-338412126;796732.395;5823976.8149999995;1
-981295181;798807.255;5829303.29;2
4556843#3;792550.785;5827371.475;2
-193959709;794699.895;5828927.215;1
-338412122;796922.85;5823986.83;1
-1083346203;801937.065;5827540.355;2
-30829977#0;800913.5;5825054.38;4
-36987811;802803.46;5826000.89;1
-1083346207;801757.375;5827714.895;1
-785563391#1;800127.615;5828963.2;1
-1083346206;802003.8;5827643.140000001;1
-4679302#2;800675.51;5823789.6;1
-1120360094;801794.42;5824789.74;2
-777345629;801374.29;5823032.585;5
-5785862#2;795192.87;5825540.83;2
146757631#3;799171.45;5830147.745;2
365734762#0;798179.54;5829802.23;2
-1101063188#1;793550.0800000001;5828991.21;3
146757631#0;799192.605;5829921.4350000005;4
-4592177;794197.25;5829242.66;2
-154381294;801243.025;5827142.91;3
-448715094;800151.21;5826955.085;7
-25639769;791255.74;5825772.470000001;1
-45317032#1;798214.2050000001;5824664.09;1
-36738532;802038.5;5824680.385;2
-990194457;800722.485;5824637.475;2
-188866876;801452.26;5826198.675000001;4
-4597379#2;794798.4450000001;5825866.59;3
153698394#0;797837.535;5827776.305;1
-153150698;795390.48;5824464.635;2
-154381227;802947.28;5826582.755;1
233833576#0;798621.375;5826974.375;1
-4789056#0;801885.905;5828589.18;1
-1083535999;802073.65;5828291.805;2
-1054748135;800996.09;5827238.4399999995;2
-268002745;797874.4;5828617.615;2
4436919#0;791976.51;5826015.09;1
-551950267;794877.05;5826389.300000001;13
-181407580#2;798941.19;5823900.325;43
-1094774004;799277.5249999999;5830059.865;2
48638393#5;793964.67;5824822.6850000005;2
-860638044#2;800785.425;5822699.585;1
1057545069#3;798274.1;5825740.785;3
-161753875#0;799822.325;5830476.6899999995;3
1096948321#0;801020.4299999999;5825900.15;2
-161753875#1;799736.53;5830501.904999999;1
973573910;800360.395;5827824.404999999;1
48638393#0;793974.085;5824582.395;3
11405458;795472.16;5825613.0;1
156492981#0;799144.965;5830397.405;1
-981299588;800431.855;5826903.045;1
-188865521;800892.2849999999;5826109.715;2
154483993#2;796213.675;5824920.785;6
-188865526;800888.125;5825903.66;1
-4618822#1;795818.95;5825549.87;2
153370345;794814.4750000001;5826248.98;10
-1110773554;798222.57;5829688.355;4
-176031303#2;800330.2250000001;5826775.535;5
-1121478209;796294.87;5828253.99;2
-1089751371;797261.355;5825291.05;4
-172844044;794884.21;5824728.6850000005;1
4402682#3;793595.075;5825758.32;1
-90288640#0;801678.0449999999;5824004.16;1
57683665#0;790598.78;5825992.609999999;1
1105526087;799307.565;5828906.345;1
1105526086;799161.465;5828974.715;1
-1110773561;797658.7;5829823.005000001;1
-25121299;796004.3;5824604.635;1
879144133;800149.6000000001;5828018.595;2
-1082280838;790794.1799999999;5826180.115;2
-172219124#3;800957.1950000001;5825280.915;2
-172219124#2;800784.9199999999;5825351.18;1
-172078325#2;797766.96;5829163.37;1
-188866872;801220.54;5826220.115;4
-945952634;800153.915;5823466.045;3
-172078325#3;797845.95;5829073.68;1
-172078325#4;797926.3300000001;5828981.785;1
-989227398;800188.8200000001;5825297.88;4
1101326645#1;797908.535;5825134.949999999;1
-62114953;795786.73;5824966.86;3
-18908134#0;801154.375;5822795.84;2
-1095918847#0;795612.975;5824827.055;1
-18908134#1;801177.685;5822708.765;1
-1095918847#1;795618.5700000001;5824571.455;2
-816324773#2;799677.3;5824587.99;1
-4515626#0;791699.31;5826424.62;1
-1119962212#2;792298.235;5826883.42;3
109819106#0;799103.675;5828948.3149999995;1
-4515626#3;791822.755;5826438.655;2
-6074785;793666.9450000001;5827250.47;2
-37853469;793443.23;5824037.34;1
-881391858;792932.255;5828736.055;12
-34024122;790927.63;5827732.765000001;5
-4615212#1;801150.565;5829762.695;1
-182623931;798669.6599999999;5826826.35;1
460217101;801315.6499999999;5829327.49;2
870399664#0;801094.71;5824149.6899999995;3
61816619;796052.94;5828131.475;4
-1107180833;795234.0700000001;5824883.15;1
1002238499;801562.51;5822960.13;1
318282844;802713.4199999999;5827684.699999999;1
-1107180832;795226.9099999999;5824752.925000001;3
1101139243#0;794803.54;5826207.300000001;1
151527796#0;793927.755;5825854.695;1
-1107180831;794792.0349999999;5825194.595000001;2
-37247537;792515.745;5827490.359999999;4
311690284;799626.76;5828395.6899999995;1
-4615212#4;801251.05;5829693.26;3
248010194;796548.52;5828691.039999999;3
763409033#1;794818.6599999999;5824890.615;2
-11405307#2;795196.3200000001;5825680.1899999995;2
-4615603;800011.0;5827543.359999999;1
-1078972931#2;791932.335;5825737.975;2
327462540#0;792598.2949999999;5826109.385;1
-146693079;803364.475;5827493.779999999;1
-1089409019;800698.54;5826067.54;1
26472938#0;798004.29;5825433.915;1
-909979177#0;793222.27;5824148.6;1
-1052698780;799629.345;5830086.585;2
-106471823;799743.825;5826295.49;1
24913304#1;797331.2749999999;5827549.1899999995;3
-4396233;794297.3049999999;5824581.52;2
-4396234;794388.0449999999;5824734.3149999995;2
1083449371;800892.05;5827877.4350000005;2
-202156991;798438.11;5827998.5600000005;1
-36944882#0;794675.49;5829380.75;2
-36944882#1;794875.8;5829430.109999999;2
-1044407954#2;797572.215;5825241.390000001;1
-1110378248;793163.795;5827090.865;3
-744158640;801636.4299999999;5824303.175;5
35372734#0;797436.56;5829334.85;2
4686360#0;799284.435;5824986.26;9
-36944882#2;795186.215;5829508.220000001;7
-63013460;800827.0;5825996.645;2
-112041021#0;801056.0900000001;5829899.9;1
112442381#0;792727.755;5826137.83;2
24912614#6;794862.605;5825992.79;2
-4618708;795689.665;5825409.5600000005;2
24912614#3;794990.47;5825961.385;2
-98996700;792273.9450000001;5826584.41;1
-813947554#0;793752.53;5825357.11;4
28312386#0;802179.075;5829164.98;1
-506732317;797995.2949999999;5829445.23;2
-4763489;792396.61;5828047.484999999;1
-4618705;795363.915;5825314.95;5
-1056888347;797322.1599999999;5824006.975;8
-1054727262;801048.925;5827362.35;1
548994094;797058.135;5823058.625;1
-148176599;801629.88;5825316.855;1
1101072353#0;793062.825;5826091.79;1
-4437141;792724.0549999999;5825182.295;2
-175152917#2;797080.925;5830445.48;5
-53190775;795588.3200000001;5829232.380000001;2
-1124139097;802984.51;5827550.725;2
4790801;799525.085;5828244.35;1
-297060623;801304.7050000001;5822910.945;2
-49850635;797525.485;5825851.275;7
-12307403;796422.765;5824069.9350000005;1
30711173;801914.995;5826670.105;3
-4437139;793273.97;5825145.9;1
-1100646881;797806.785;5830246.18;2
-1079386620#2;797237.51;5827209.515000001;3
-4437135;793015.345;5825127.645;3
-4763465;793140.86;5828558.5;7
-722013098;797478.745;5823954.4350000005;1
-9188885#0;802261.87;5824441.75;5
-814007277;793579.78;5825237.775;1
-10749417;794928.26;5823424.305;2
-4402014#2;797505.585;5827406.865;2
-24772538#1;802341.675;5828522.73;2
-1024040653#0;794177.765;5823810.795;3
-128276157;800255.79;5825461.95;2
-34562076#1;803168.285;5828056.105;2
4449439#0;794058.8300000001;5825194.1850000005;2
-34562076#3;803152.72;5827952.055;1
-51175673#0;802330.8300000001;5825405.855;1
520229597;796841.565;5829561.645;1
169738742#0;798947.05;5825596.595000001;1
151523924#0;794345.3400000001;5825917.58;3
-790444789#1;798707.96;5823948.665;3
-4495005;800343.74;5824881.63;1
-316749679;802815.6;5826841.125;3
-1083506538;801325.475;5827942.96;1
-465418104#3;797867.865;5829282.09;1
-37764670#2;793731.385;5826474.859999999;1
-176273730#2;797041.5549999999;5827663.295;4
-99868994;798788.1699999999;5824169.9350000005;3
-1101189220#1;791526.38;5825644.665;4
-1052675228;798977.67;5829222.135;3
37116781;792471.095;5826374.465;1
-480722136#2;794295.05;5825541.4350000005;2
318888122#0;794726.075;5825513.665;1
-188467885#2;794571.19;5827805.885;2
-1042407361;796690.895;5824441.755;8
-10749447;794906.155;5823556.91;1
-30855948#2;798411.64;5830170.665;2
4592292;794544.575;5829338.81;2
4615217#0;801101.025;5829746.63;1
807043983;790897.84;5827907.29;11
776782787#0;800326.365;5823690.46;3
-1056631475#0;801212.0249999999;5826978.58;3
1101137947#0;794645.05;5826058.83;2
-312651885;797976.895;5828892.77;1
-784891746#2;791808.5800000001;5824810.105;1
-24772627#2;802400.78;5828548.779999999;2
-1054762290#1;801156.0349999999;5827505.96;1
-4603390#1;796031.575;5823645.62;4
-155594984#0;800933.4099999999;5822545.66;2
155605276#1;801447.5549999999;5824193.550000001;3
-1100646850;797762.595;5830726.145;1
-858659629;801912.87;5823099.045;1
-168943640#2;799338.985;5827516.5;1
-4410148#1;795702.505;5828547.83;5
-4410148#0;795556.27;5828461.115;5
-4618779;796302.215;5825421.074999999;1
-11273911#1;803209.375;5827298.75;1
-47755711;797697.72;5827038.79;1
-267542610;798532.145;5828864.244999999;1
508614987#0;795485.895;5823793.535;1
-4611904#1;798147.3;5824607.109999999;1
-34580834#0;798797.6000000001;5829519.165;2
-4611904#0;798162.065;5824741.43;2
-4370499;791764.1799999999;5825299.295;5
4395589#0;793811.9850000001;5824929.130000001;2
-4618785;796577.115;5825565.33;3
-4410995;795182.365;5829153.75;1
344594961;799336.3;5827947.140000001;1
151571087;797547.48;5823947.775;3
-44427220;798855.385;5828740.7;1
-25369037#2;791891.75;5825929.529999999;5
-31748765;800174.075;5827549.87;2
183419650;799323.715;5826227.355;1
-4588071;798059.015;5824406.335;1
-40644900;803039.5349999999;5827931.744999999;1
-4495205#2;792108.405;5827110.765000001;3
-4495205#1;791977.73;5827091.34;1
-49405870;798497.45;5826390.3100000005;1
-4495205#0;791847.675;5827071.515000001;1
-6227658#1;797836.72;5828428.405;1
825937639#0;797287.55;5822707.0600000005;1
-4389511#5;791579.8300000001;5824970.98;1
4395950#0;794951.125;5824384.765000001;1
230611053#0;793260.015;5826986.2;2
4395950#4;794941.595;5824614.335;2
-547466005;792528.7050000001;5828746.115;1
-1110752632#1;797346.355;5827118.71;1
52158844#0;796259.04;5824927.455;1
-4588068;798020.86;5824361.195;1
-146911392#2;802649.495;5827965.13;1
-146911392#5;802620.685;5827844.055;1
-1057636474;801116.055;5828007.095;3
-31586811#1;797892.685;5830489.484999999;2
-31586811#0;798026.725;5830560.08;1
-37184616#1;800968.8;5822747.46;1
-4588063;798061.745;5824683.5;1
-4535204#1;794424.8999999999;5823977.0649999995;1
-1110751835#0;797464.82;5827034.390000001;1
246044848;799657.125;5827908.765000001;1
310172810#0;802210.4650000001;5827736.07;2
-43156728#2;798719.1950000001;5827537.785;4
53175869#0;796032.8999999999;5829329.14;2
4380644#0;794503.24;5827905.32;2
-4531816#2;794915.7849999999;5825824.99;3
433867834;795344.915;5827396.35;1
-752856111;796055.585;5829397.425000001;1
-4525751#0;794538.135;5824582.08;1
-36738531#0;801833.79;5823838.9350000005;2
-1102434983;800518.275;5827519.9399999995;3
-174317310;801260.28;5825028.6850000005;1
-1120161880;796808.04;5829601.105;2
-4616320#0;790794.845;5826117.050000001;1
-752856112;796072.115;5829458.635;4
-4616320#1;790928.73;5826240.535;4
-37036260#2;792739.79;5826492.425;3
540264518#0;796105.655;5823756.96;2
299397170;799897.285;5828593.4;2
1101101679#0;793958.2150000001;5826114.525;1
-27244587;798960.275;5824531.345000001;1
-740538839;799970.21;5828036.3;2
715174559#1;793921.29;5825365.495;1
-511855927;803194.29;5827134.9350000005;1
-1057138764;797522.855;5826239.695;2
-1110388546#1;796585.405;5825855.535;2
-722014546#0;797524.65;5823856.025;1
-840875335#0;799729.315;5825022.35;6
-857496078;800988.2350000001;5824322.665;2
1101184951#0;792256.635;5827260.605;1
-4389604#0;793297.645;5824521.145;1
-957237073#3;797910.9650000001;5824579.6899999995;1
730886452#0;798026.985;5831131.27;2
-1092045184;797699.485;5822972.5600000005;2
730886452#1;798109.435;5831143.970000001;1
-13782288#1;792856.245;5823786.075;2
25199263#0;792649.45;5824558.785;1
-1056594138#2;790873.325;5825822.11;9
-374815127;798399.065;5830073.01;1
-28789621;796389.595;5829743.73;5
32937789;796931.345;5825879.465;1
-909825429;797122.105;5826605.59;7
-23248770;802325.395;5826973.6;1
-4616577#0;801815.115;5827553.995;2
-32880447#6;792884.56;5825282.095000001;2
-32880447#2;792715.7949999999;5825312.35;1
172655510#0;795067.37;5823690.66;3
-1115537602#2;792633.1699999999;5826384.455;1
-475530951#0;796830.9199999999;5826299.3100000005;1
-653362839;801870.57;5824077.15;1
188350679;796322.3;5825296.35;1
-1108127004;800794.125;5827556.995;1
4424778#1;795208.74;5828507.12;1
151571084#2;797179.59;5823234.015000001;1
241020236;800730.75;5825632.38;2
-438496646#1;796711.89;5828778.109999999;1
-161755130#0;800143.03;5830369.195;2
-25417786;796274.04;5824584.135;1
46096957;798344.715;5825636.43;1
1112136695#0;793408.21;5825691.295;1
932637371;799802.0249999999;5828184.015000001;1
-27116218;792539.915;5824241.03;1
724621035#8;791918.6799999999;5826203.04;1
1112690569#0;796078.015;5829274.795;2
-170311602;799176.0700000001;5826509.865;3
-1120547802;800310.865;5826166.055;2
-23121445;798486.435;5827887.45;4
1116067499#0;801788.73;5826300.245;1
-163209069#0;793167.65;5826339.545;2
1057545068#0;798331.69;5825590.41;1
4782523#4;800418.4199999999;5829637.984999999;1
30253519#0;799629.2649999999;5824507.42;1
734230432;802060.575;5823449.675;2
4782523#9;800307.53;5829460.965;4
-23755961#1;798183.5249999999;5827116.175;2
10755226#0;796362.3;5825154.48;3
-4571956#2;793945.36;5828200.29;1
490356855#0;793962.225;5825917.405;1
-847103786;798577.44;5828710.01;1
-4446722#2;791647.09;5828430.73;2
-312924130;798958.545;5829289.9;1
-154261296;800984.36;5829400.105;2
-988492907;801674.775;5827987.195;3
-152832868;793174.27;5827349.105;2
-4446722#3;791760.21;5828379.12;1
-1057554996;798359.77;5825790.38;2
-152832871;793111.6950000001;5827206.69;1
-152832873;792991.875;5827260.9350000005;4
-4515895;791374.295;5827197.505;1
1083602357#0;803161.325;5827631.925;1
-4531625#0;795805.025;5824507.9399999995;2
-4531625#3;795586.3049999999;5824456.485;1
-43053691#0;796925.1950000001;5828860.275;3
139746123#1;792080.435;5827343.324999999;1
-22954356;799426.595;5827312.4399999995;2
172274264;800508.1699999999;5825236.865;3
172274263;800318.4650000001;5825324.815;2
-1101190051#1;791169.26;5826597.75;1
-136979778;802108.635;5825039.14;1
370617124#0;800170.61;5827388.205;1
-36954721#3;796647.645;5830473.029999999;1
-4710476#1;797503.12;5823468.390000001;1
-292429056#4;797675.595;5827335.5;2
42732321#0;797628.3049999999;5830814.65;1
-942605588;799835.135;5829320.279999999;3
-29311581;799665.13;5827608.93;1
-284945379;800441.3;5827834.45;1
155605343#0;800863.5700000001;5824278.39;3
4615780#0;801710.435;5828773.18;2
-163839578;797143.915;5823550.14;1
496239503#0;798434.905;5825257.02;1
4679304#4;800064.635;5824436.095000001;4
293931248;799737.3;5828524.76;2
-909009143;800155.1100000001;5828943.91;1
-217527875;794290.5549999999;5827673.965;1
302429255;791659.875;5827691.535;2
932653429;800235.105;5827524.785;2
-931709659;794317.385;5823815.0;2
-4395632#0;793367.345;5825040.625;2
28502861#1;791529.8300000001;5826797.720000001;1
-4395632#1;793355.815;5824799.48;3
-24951393;791098.36;5825125.015;8
-915552431;796028.77;5829166.87;1
-135887713;802230.595;5825183.99;9
238955133#0;800017.8;5830311.095;1
312357351;799188.5800000001;5827824.785;4
-28701037#1;793423.0149999999;5823308.705;2
-65040944#2;798770.495;5826548.0649999995;6
-1056473038#0;791245.815;5827289.855;1
1123184404#0;798202.5549999999;5826933.305;2
-287903610#0;801956.88;5826415.215;1
4611724;798742.02;5827119.88;1
-22874227#2;794817.6699999999;5823884.949999999;1
-4490444#0;792510.29;5823900.545;2
-140498883#0;802239.925;5828128.91;1
-1102937733#0;792217.715;5826490.71;4
32954835#0;794517.54;5827532.85;1
-4616192;801777.655;5828026.09;2
19047484;800552.39;5828620.245;2
-283609053#0;801580.52;5825033.12;1
-1094052276#2;792983.245;5826338.995;2
-172274265;801009.015;5825011.555;1
1092056221;797303.345;5823412.42;4
-8879377#1;793003.1950000001;5827585.98;3
331595237#0;795454.2;5827705.79;1
-68339346#0;793146.72;5825983.845;1
-4500156#2;793699.355;5824263.869999999;4
4397762#1;795221.225;5828245.5600000005;2
-851251671;797770.665;5826438.109999999;3
-32936167#6;794487.015;5824648.21;2
-32936167#7;794419.61;5824638.43;1
-32936167#8;794361.725;5824620.805;1
-1102369988;800056.97;5826650.640000001;2
-32936167#3;794778.155;5824665.470000001;1
-32936167#4;794668.8200000001;5824660.75;1
1124278327#1;799626.87;5825915.885;1
381816900#0;797964.89;5825266.645;2
-175298126#0;797412.47;5829868.140000001;2
-1110415990#2;795858.12;5825284.220000001;2
-175298126#1;797575.5700000001;5829748.19;6
302429264#1;793001.32;5826948.46;2
-1020468803;799623.845;5829486.63;1
-1027272081#2;802470.44;5826773.085;2
-1091805997;797548.375;5823262.8149999995;1
156364562#0;799732.025;5827611.155;1
52414088;791362.9199999999;5826531.99;1
-1107425338;796194.745;5828205.29;1
35373236#0;797782.455;5824719.35;3
370617111#0;800190.85;5827329.9399999995;1
-662410987#0;798084.28;5824355.08;1
-4607070#2;795808.04;5825877.404999999;2
206170865#0;794798.42;5827368.655;8
-881150162#2;801038.415;5824888.945;1
-1089457015;801823.845;5826983.465;2
1113737284;800049.7949999999;5827921.725;1
-4607070#5;795870.46;5826143.625;1
109781892#0;797923.885;5826437.4;1
-662410987#2;798249.175;5824337.16;1
-593051115#1;796097.99;5829153.805;3
-837433796#2;795057.1799999999;5823602.545;1
-17370332;799174.685;5826532.625;3
-343786622;795958.37;5829674.29;5
431356090#0;801119.01;5826618.06;2
-4612696#7;799182.025;5825889.78;1
-62363402;798851.565;5828299.365;3
-71827680;801480.9450000001;5823772.85;3
490347868;792873.4450000001;5825516.3100000005;1
-37995740#1;796336.185;5828873.43;4
-35670765;796501.8049999999;5827801.79;1
-1102323793;791131.1799999999;5827293.975;1
-182859952;794220.485;5829358.88;16
184077626#1;799577.6000000001;5829289.74;4
184077626#0;799391.05;5829378.585;2
-1056633682;792861.81;5826182.825;1
-4492369#2;794228.335;5824942.845;1
-173197451#0;799454.8300000001;5828674.04;3
-164874299#0;797991.315;5826019.855;2
-68576795#4;798269.185;5824616.0;2
-782822228;801802.445;5826563.074999999;2
-169742745;797272.395;5824634.67;5
-782822224;801611.115;5826407.109999999;1
182604676#0;793677.885;5828060.28;1
-936257826;800236.25;5823848.83;3
-168896326#4;792941.2;5827480.154999999;1
-25219761#3;792727.11;5828327.785;2
831694400;798644.525;5827858.880000001;4
-131670629;801721.65;5829285.745;2
1092054121#0;797164.415;5823052.965;1
-1061889510;799843.24;5825799.49;1
-155190261#3;801711.515;5829208.460000001;1
1082673235#0;802117.6699999999;5827578.525;1
32640185#0;799061.015;5824593.755;1
-25178767#3;796880.9299999999;5824770.715;9
-1102369946;798733.77;5827338.5;2
-23485319;793463.7050000001;5824613.08;1
-852542889;802011.5;5825079.295;1
-4397221;794820.015;5826706.415;12
-4410151#1;795746.88;5828309.23;4
-4410151#0;795670.0800000001;5828443.140000001;2
24240246#0;797306.1699999999;5827511.395;1
-1037625693;803078.6;5828139.29;2
-1055091062;801429.085;5827662.050000001;1
981316314#0;794964.21;5825309.66;1
1101062261#0;794152.1599999999;5828454.5;1
-38279333#1;793444.46;5828709.05;2
-1102369975;799419.44;5827050.615;2
-38279333#0;793420.97;5828988.645;3
37287191#4;802155.5349999999;5827609.12;1
-128385259;797751.94;5823057.380000001;1
-75509950#0;800563.645;5825098.65;1
-951803955;801008.645;5823370.24;1
-1102369963;798971.845;5827273.234999999;1
-1102680115;793435.885;5825888.05;1
-4686077;802020.9450000001;5825588.265000001;1
-35551354;801162.345;5822378.925;1
-4686083;801833.94;5825193.800000001;2
-1051634661#1;803116.52;5827440.975;1
-1024034688;798958.995;5828451.92;2
-640466944#2;801237.065;5823877.109999999;1
1096709556#0;800172.915;5829208.945;6
-172321066;795579.225;5827904.85;4
-881927664;802427.795;5827958.09;2
209264198#0;800009.615;5824586.53;3
-24986658#2;797422.44;5825355.3100000005;3
-4531465#1;795169.615;5825137.87;2
-24889513#2;797384.76;5824749.4399999995;2
-31621013#0;792078.115;5826832.640000001;1
-4531465#0;795056.605;5825103.91;2
111327267#2;801363.435;5823949.43;1
-4615744;801211.25;5828431.285;2
-1089457036#2;801947.19;5827188.050000001;1
-137071151;791435.845;5826830.1850000005;1
-4710940#1;796184.745;5823636.71;1
-13853633#0;800051.545;5823161.695;24
-13853633#1;800080.23;5823031.765000001;9
202156994#0;798772.26;5827958.3100000005;1
-4710940#0;796194.76;5823399.6899999995;1
-4396011#5;791529.395;5826372.59;2
-13853633#2;800103.23;5822931.85;8
-13853633#3;800126.72;5822831.04;9
-271049536;801052.25;5827569.785;1
1082168170;792033.9199999999;5825770.125;1
96418273#2;794957.31;5825338.4350000005;1
-1109690564;793840.035;5823525.82;5
-1109690563;793601.145;5823531.285;3
-740848375;798392.8;5829039.855;2
-1101061545#1;795378.375;5827908.68;2
-1069691169#0;800686.8;5828120.359999999;1
155605360#0;800564.995;5823376.82;1
-106819379;798393.81;5824424.385;2
-8094520#2;798065.325;5830872.734999999;3
-24509317;798504.19;5827158.45;2
-1101059960;794826.745;5827967.3149999995;4
-1114731394#0;801833.0449999999;5828697.395;1
-563494116#2;803076.745;5827544.59;2
-19822684;800990.575;5823687.665;1
-4612693;798993.42;5825708.755;1
-186606611#0;802328.105;5823857.045;2
-48303485;799855.4450000001;5828476.904999999;2
-628330888;799519.505;5827727.640000001;2
318668065#0;797931.0700000001;5823984.215;1
-1108046818;800794.575;5828191.56;3
-68135997#2;801051.9850000001;5824285.605;4
-60688536;800416.09;5823532.595000001;1
-4556847#0;792722.8400000001;5827408.27;1
-25278602;801827.655;5827265.550000001;1
437325052#0;791458.6;5828304.965;1
109612319;793029.095;5826791.21;1
-4492017#2;793798.35;5825449.640000001;4
-1101060970;795191.895;5828090.415;6
-973138472;800673.995;5823580.66;1
-432391488;798519.05;5830971.24;7
1082929745;802138.825;5827878.375;2
1117262057;802186.485;5826092.859999999;2
1126244314;798486.825;5827749.800000001;4
-199293592;796231.875;5828160.62;1
-203912352;792556.5349999999;5828912.220000001;10
-4405479;791996.73;5828110.04;1
154048680#0;798099.77;5829956.45;1
-4586185;792265.465;5827514.635;1
160971204#0;796595.105;5826801.555;1
-814944198;801973.325;5826578.99;2
986957330#1;801424.865;5823318.85;1
-4586180;793406.24;5828018.445;5
-33465131;793803.425;5828319.62;3
-36689633;798106.23;5828707.945;7
-1106127828;794118.345;5828185.97;4
-4615784;801661.135;5828477.039999999;1
-22972473#4;797945.51;5827129.664999999;1
-147664191;796202.655;5829658.17;3
-22972473#3;797929.635;5827226.92;1
-22972473#2;797913.75;5827324.215;1
-187956848#0;801270.45;5829883.395;1
-25134073;798647.825;5829812.43;3
-4586176;793100.3049999999;5827984.9399999995;5
-4586177;793140.385;5828046.0;4
-814840750#1;794146.3;5824233.65;1
-4586178;793204.075;5828092.335;1
-4586179;793321.9199999999;5828083.494999999;2
-627841674;801850.865;5823349.915;1
-685610358#1;800818.2849999999;5829573.8149999995;1
-4618828;795560.7949999999;5825706.92;1
-9536457#1;796144.55;5826392.74;1
465382925#0;796467.62;5828634.82;2
-4618825;795742.59;5825620.0;1
-650365503;791547.525;5826712.165;3
32594638#5;797479.495;5823348.035;2
32594638#2;797508.3049999999;5823177.375;3
-858177673;800823.3500000001;5825219.460000001;1
33280073;794071.105;5825966.484999999;1
32594638#1;797493.365;5823176.34;1
35584124#0;790524.1799999999;5826289.68;1
-4615006#0;799914.345;5829523.87;6
-4615006#1;800133.62;5829417.59;1
35584124#1;790491.6699999999;5826141.75;2
-727049333;800752.595;5823555.835;3
-46672258;800314.015;5822800.395;3
-46672257;800457.6699999999;5822835.805;4
-147664165;797092.78;5829964.045;3
-6183487#2;797258.9;5829461.445;6
-328064917#2;797675.19;5825991.195;5
1123020825#0;798023.5800000001;5823972.165;4
-839025945#0;802122.555;5823942.575;1
1083449383#0;800841.7749999999;5827870.3149999995;1
-4618814#1;796184.04;5824650.55;2
-840229275;797857.045;5827264.515000001;2
-44851678;801453.74;5828544.85;1
-849586690;801680.665;5824202.525;1
236092221#0;797483.665;5827541.535;1
-1109632980;796174.4199999999;5824101.695;1
-44851672;801492.6599999999;5828469.745;1
24243530#4;799709.9850000001;5829305.545;1
24243530#3;799747.13;5829430.0600000005;1
1101185242#0;791703.685;5827422.78;1
-459346125#1;792035.58;5827156.345;2
460217103#0;801384.075;5829237.05;1
-137944958;802873.8400000001;5828340.54;1
-566764345;799590.03;5828589.155;2
-273390876;800647.44;5827404.285;2
156132846#0;795955.71;5826218.0;1
-566764344;799499.085;5828545.390000001;1
-1083748511;802604.5800000001;5826951.635;2
-146911405#2;802703.975;5826810.975;2
-146911405#0;802630.22;5826868.27;2
156132846#3;796217.7649999999;5826238.83;2
1100646852#0;797762.75;5830569.465;2
53256982#0;797459.67;5829356.8;2
-4515851;791723.2050000001;5826719.529999999;3
-1109632977;795372.29;5824159.385;1
-1109632978;795204.095;5824121.5600000005;1
-26056008#2;798566.855;5825496.95;3
1097313371;798033.085;5830071.175;2
-337967751#3;796446.39;5824313.465;6
1113400536#1;793430.8200000001;5826569.51;4
-627841675#0;801486.085;5823512.89;1
-1091805063;797560.175;5823752.225;1
31007688#0;793929.9099999999;5825949.665;1
-64455490#0;793064.38;5824233.135;1
-1025365101#1;796989.505;5829391.2;4
1082009643;800319.375;5826479.275;1
-4685800#0;802047.64;5826506.055;1
-1100646993;798202.635;5829417.1;1
153151120#0;795092.22;5825740.109999999;2
-456455656;797571.675;5824019.885;1
-456455655;797659.875;5824024.05;1
42623234#0;800372.185;5824439.41;1
-638688891#0;800565.48;5824682.76;2
-1121097167;800996.075;5826971.975;2
-176043807#6;797214.8500000001;5828228.68;2
-495949631;800636.685;5823718.859999999;1
-176043807#0;797407.595;5828292.35;2
4782478#0;801242.735;5827782.085;1
-4686356#2;799061.08;5825585.6850000005;1
-186214946;797906.25;5825641.99;1
-1057578010;798448.97;5825447.95;1
228498046#0;799890.735;5824772.734999999;3
-155605363#0;801805.22;5823491.59;1
-344233538;797438.31;5823540.865;3
-1050315263;801180.77;5824304.24;1
228498046#4;799665.5549999999;5824859.92;1
169717722#0;798483.48;5829054.725;1
-228498042;800763.205;5824715.465;1
-693612362;797649.605;5823052.645;1
-866658747;799843.14;5825476.635;2
-742839663;801227.3;5824534.135;1
-4442087#5;793942.5900000001;5823934.23;1
-37184615;800739.355;5822816.16;3
-228498044;800728.81;5824885.155;2
-26969523;792672.0;5828204.7;2
-1110380043;793232.435;5827251.49;5
-903119451#0;800698.125;5827723.91;4
-26969526;792767.1;5827870.785;6
-4494956#2;793748.69;5824813.085;1
-1120414698#0;802358.9199999999;5825522.97;1
-1120414698#1;802441.905;5825501.005;2
-540264517;796111.5449999999;5823636.11;1
-25418282;793923.91;5826516.99;3
-540264512;796137.455;5823014.12;3
-4616242;800344.5449999999;5827342.869999999;1
-133615133;800650.655;5824675.66;1
-391493949;796971.69;5823989.42;1
742007349;791266.55;5827461.005;1
-701460341;796234.35;5829144.7;1
-1124394706;802720.46;5827420.855;1
-37776027;801075.485;5824961.475;1
1120993183#1;798364.2450000001;5828384.165;2
-1113584925;802535.8;5827332.845000001;1
832298077;798322.7949999999;5826214.045;1
1105574293#0;797444.985;5826977.295;1
-866658764;799645.5549999999;5825552.625;2
-1091806366;797364.9299999999;5823249.51;1
-840875336#0;799817.85;5824944.9399999995;1
-203910792#0;793366.3400000001;5828882.17;1
-1100646924;797355.4750000001;5830081.285;1
320735759#0;801541.27;5826356.994999999;1
-128266208;801076.715;5826001.285;2
335487059#0;798708.29;5825578.970000001;1
283311190;796798.65;5826081.905;1
-97941787;800918.1;5823705.154999999;1
16095526#0;795279.4199999999;5825861.78;1
-881921235#2;798275.62;5829367.34;1
38596501#0;800826.645;5828371.755;3
334005608;790606.455;5826111.74;3
153151222#0;795075.1;5825774.735;1
-39839436#4;797738.745;5826105.015000001;2
4610476;798022.125;5827998.835;1
-4615500#1;799939.135;5828214.515;1
4610479;798112.365;5827949.855;1
-4389558#0;796410.835;5828720.1;1
-1124764664;797350.865;5824530.025;7
-318124635;799752.75;5827111.6;1
-1124764662;797258.0800000001;5824512.43;1
-4389558#2;796366.125;5828812.055;1
-1124764663;797196.725;5824500.835;2
302429348#0;792161.49;5827280.875;1
-217878976;793740.4299999999;5827656.92;3
-155605274#2;801125.55;5823960.63;3
-1101407463#1;794758.3;5828981.745;1
-1072647749#2;801373.59;5826528.175;1
-312651888#0;797967.63;5828723.654999999;3
10098778#0;793361.085;5823926.3;1
-4515847;792406.085;5827039.43;2
-4615500#0;799835.075;5828255.07;2
-4498148#1;791662.355;5828519.055;1
182106933;797432.71;5829709.895;1
4703556#0;793718.71;5828567.98;5
-1054720881#0;800957.6799999999;5827717.5649999995;2
-28413555#0;795026.285;5825430.05;2
-28340568;792873.625;5826510.955;3
-513152006#0;798473.355;5829833.835;2
1101117429#0;793938.39;5826199.975;1
-66071387#2;798263.78;5826629.545;2
-607986258;792392.6000000001;5827726.41;11
-362325193;794614.16;5824693.484999999;1
-151571083#1;797112.835;5823624.815;3
827455212;797201.49;5823468.965;1
318658545#3;797789.89;5823382.15;12
318658545#0;797799.63;5823167.175000001;6
318658545#6;797781.8;5823572.779999999;6
-1096709555;800379.55;5829130.925000001;2
-447082548#1;795741.755;5825204.425000001;6
4436974#1;791117.645;5826047.455;1
-1096709536;800786.265;5829163.125;6
-1121008013;798242.505;5828515.35;2
-169659241#2;793944.7150000001;5827806.6850000005;2
-163209068#2;793220.255;5826417.91;3
-1039422507;793197.485;5824804.595000001;3
-157669323;796017.72;5828780.925;2
-57128181;793847.68;5827009.324999999;1
424323348;797155.6799999999;5827486.77;2
-28413555#1;795139.785;5825471.695;1
-1110388547#2;796101.885;5825995.595000001;7
-1096709540;800292.8400000001;5829036.355;3
-1096709541;800423.855;5829070.16;1
-785350791#2;801590.905;5823686.105;2
309600209;795397.79;5826302.385;1
309600206;795514.9199999999;5826230.795;1
-1079046936;797212.3799999999;5823557.79;1
-25151919#2;796055.405;5823175.325;5
309600204;795299.87;5826399.16;2
1057632488;801140.91;5828076.715;5
309600202;795278.425;5826413.045;1
-32938436#1;798202.3049999999;5826374.654999999;3
4492368#0;794017.44;5824944.16;1
-657255429#2;800999.98;5824048.45;1
-27093182#0;792810.13;5826606.47;1
-118315143;801862.41;5823197.59;1
-27093182#1;792934.3;5826627.95;1
-12307802#2;796108.2050000001;5824327.475;1
-23755720;798065.715;5826796.92;1
-48907690;795626.155;5825930.205;3
71282500#0;795881.795;5824324.800000001;3
-4471965#2;792398.5;5827972.495;2
-4597404#1;795105.385;5825377.789999999;1
9475895;794583.48;5823729.58;1
-4597404#0;795088.41;5825534.635;1
-1101189749;791439.5900000001;5826468.975;1
-23755718;798231.5149999999;5826823.33;5
-1082303474;801617.4450000001;5826012.8149999995;1
-23755710;798233.895;5826179.8149999995;2
-4396910;796301.79;5829532.43;5
-272972064#0;800831.04;5826982.71;1
4619355#0;797721.1699999999;5824025.125;1
-256922648;802688.5449999999;5828328.935;4
421557818#0;802326.775;5826039.6850000005;3
-265856695;801848.8200000001;5826878.385;1
4437134;792508.22;5825178.125;2
544399004;795803.595;5827254.845000001;33
-155594990#0;801344.99;5822537.895;1
-1064555041;792655.87;5827515.8100000005;1
-328235723;801126.71;5822664.63;3
-192616927;796277.78;5824553.475;2
-4610472#3;797693.75;5828142.66;1
-4619354;796790.15;5823979.8100000005;1
30220744;794533.89;5829153.54;1
-1089726114;797061.485;5825538.79;15
-4531417#1;791781.98;5824646.5649999995;1
-4471965#1;792273.3899999999;5827967.48;1
326546435;799118.38;5830575.945;1
16096289#0;796408.85;5826450.85;2
-458953719;799199.48;5827162.84;2
28528177#0;791178.205;5826120.905;6
-240438953;796374.1799999999;5825789.175000001;3
36337926#0;793560.75;5826900.87;7
147686215;795300.045;5826232.9350000005;1
-41413736#0;793087.745;5827483.035;2
-465376254#3;797657.26;5828080.845;2
4782524#0;800689.3500000001;5830030.395;1
-131333251;800879.53;5824376.404999999;3
-905831845#0;793890.49;5827716.49;1
-905831845#1;793837.5700000001;5827628.32;2
31609650;799959.265;5827442.555;4
168903526;793283.56;5826045.41;1
-4446721#4;791685.94;5828327.595000001;1
-4446721#5;791657.0;5828189.32;1
-4446721#6;791624.145;5828050.96;4
1101185238#0;791670.065;5827623.4;1
-1082327477;801972.085;5826297.28;1
-989197855;793529.845;5824044.645;1
-1082712003;795452.7849999999;5828458.865;2
-4449361#1;792817.17;5823531.385;2
78298214#0;795847.44;5827287.1850000005;10
-4474890#1;792071.905;5824805.6850000005;1
4693555;794493.875;5824126.645;1
1119962276;792535.315;5827139.43;2
-4611862#1;797230.95;5826052.32;3
-4615066#2;800634.765;5829311.865;1
-4615066#3;800549.3200000001;5829191.87;1
714695295#0;800384.055;5824316.595;2
-241886108#1;797332.965;5828991.15;4
-32517164#1;794289.655;5827894.015000001;1
-24813141#0;795402.935;5825042.565;1
1100784733#0;792472.975;5826109.5649999995;1
1098856587#0;799228.0700000001;5829356.9;1
-53542195;796647.87;5829778.255;1
-4686110;801127.14;5825796.735;5
4525750#2;794725.54;5823872.365;1
188386313#0;797703.85;5827611.145;1
327805906#2;791624.435;5826095.355;1
378949094;794617.265;5825765.135;1
-875619208;799075.76;5830976.355;2
1101180376#0;792836.57;5827007.515000001;2
-875619205;799064.65;5830719.72;3
-1102323803;791118.415;5826898.775;4
-1102323802;791521.73;5826642.295;1
-1102323801;791341.0449999999;5826932.970000001;5
-1096709563;799757.015;5829006.24;11
-28016312;798579.37;5828097.225;2
-1100718206;801217.065;5827561.54;2
-375958863;795198.62;5829312.21;2
-375958862;795343.9099999999;5829448.5600000005;2
-729397316;796508.335;5828626.12;2
-64781937;799045.52;5825286.0600000005;3
-4612753;799350.905;5825823.645;5
415280722;798962.29;5828149.115;1
-814265560;801797.905;5823062.26;1
-38279334#0;792874.6699999999;5828597.705;1
-4612431#1;799670.5149999999;5827129.055;1
-1116876562;796911.52;5825774.07;1
-48954018;802421.06;5827356.885;1
-1101062858#1;793571.25;5828714.62;2
-310773558;794853.29;5823583.49;1
-789027137#2;800795.85;5824414.465;2
-988870538;799705.8400000001;5826591.859999999;1
-4480560;791343.64;5825756.915;2
-165415464#2;797966.25;5828535.109999999;1
-179019725;798456.4450000001;5824553.595;1
-150512436#6;794270.595;5825623.505;1
-150512436#9;794149.645;5825692.6850000005;1
-25360639;799940.58;5826828.965;2
-23430154#2;802688.935;5826906.465;3
-139712152;799037.4299999999;5829806.01;9
-23430154#1;802733.555;5827048.33;1
-447083144;795533.8300000001;5825311.395;2
-1056608587;791507.75;5826046.43;1
11845184#1;797100.315;5826500.45;1
-182604673#2;793577.39;5828146.93;1
-4403571;794989.1000000001;5826624.34;3
-25219762#0;793087.4550000001;5828279.895;6
62276481;799565.785;5825617.79;3
-196850606#5;797830.895;5827010.779999999;2
-4619374;799351.23;5826300.375;1
-4887784;798375.73;5826054.7;3
-1115413698;801904.04;5826846.835000001;2
381816958#0;798865.52;5825093.9399999995;1
-1083617993;800182.865;5828803.029999999;1
593051116#0;796277.5349999999;5828981.8100000005;3
-25219762#3;793403.245;5828217.5;5
-1010060782;801248.85;5822634.125;2
-1091713473#0;802481.585;5828150.52;1
-764002315#0;802220.765;5823799.795;1
-8008608;798488.025;5827516.99;1
-1091804556;797648.825;5823778.529999999;3
-1091697620;801793.755;5828153.75;1
-114097468;800521.19;5824342.415;4
-26969521#2;792803.2849999999;5826396.91;4
1025851956;799342.33;5827989.925;1
-849528487#2;801194.35;5824839.744999999;2
-297465352#0;792331.255;5824196.165;1
-631144129;792567.915;5828763.515000001;1
-65040958#2;797718.2250000001;5826790.605;1
-297465352#2;792318.8300000001;5824508.745;4
-282760689#5;797422.495;5829240.17;2
-4413173#2;792327.99;5828184.88;1
-4894083;795799.6599999999;5826512.8100000005;2
-4413173#4;792335.8899999999;5828008.265000001;1
-4413173#3;792332.495;5828084.295;1
-1096319242;797594.865;5829102.734999999;2
-593476355#2;792643.37;5825123.035;1
-102544401#2;799199.875;5830360.125;1
-4615497#0;799882.385;5828368.234999999;1
-4615497#3;800130.7;5828262.925000001;1
-182689596;798860.4550000001;5830374.82;1
-4583375#1;794851.4299999999;5824512.135;1
368209183#0;792462.435;5824066.51;2
593851959#7;795393.835;5823711.01;4
259213623#0;793124.235;5826907.615;1
-740635748;802222.575;5823727.800000001;1
-24916008;793470.915;5828521.175;1
997788461#0;800073.63;5824688.96;1
-46096956#1;798427.94;5825844.015000001;2
142629258;793525.74;5826383.915;1
-11342758#4;797487.275;5824649.109999999;1
24326506#1;799181.2350000001;5829238.52;1
-206718346#0;798984.52;5826787.975;5
-4613286#0;798920.11;5828801.525;1
-206718346#3;799139.85;5826923.475;2
-4396016;794036.88;5826062.75;1
-751353892;799554.55;5825366.635;3
-64455507#2;792849.7250000001;5824024.42;4
671403223;794485.13;5828449.53;1
1105526112#0;799311.115;5828534.985;1
-844076875;797329.05;5828319.45;1
-1096319248;797572.04;5829026.32;1
1057190073#0;797199.62;5824802.029999999;1
342418612#0;801523.315;5828800.390000001;1
-1096319264;797670.4550000001;5829070.895;1
840977575#0;799640.66;5825134.615;2
-19064221;801728.1950000001;5825923.890000001;4
-4472003#1;792096.4199999999;5827222.13;2
431664602#0;795937.77;5829479.21;1
-11405744#0;795457.065;5825657.49;1
-4613299#0;799276.59;5828749.255;1
-4613299#1;799339.0149999999;5828784.5649999995;1
-84575572;798733.3500000001;5828817.404999999;1
4612961#0;799446.1799999999;5827567.404999999;2
-168942727;798818.95;5828364.38;1
-1116876533;796978.0;5825667.675;3
-38279334#1;792710.6599999999;5828652.005;3
53356541#0;797676.145;5824935.505;1
1101083664#2;793471.4650000001;5826081.545;1
-694745015;796361.36;5826625.6;1
1101061464#0;795423.115;5828223.16;2
-1092645062;801274.215;5828758.645;1
-1092645063;801236.9299999999;5828808.91;6
194962398#0;799637.5900000001;5827793.71;1
-1040630269;800377.945;5828628.745;3
-1040630268;800047.035;5828796.5649999995;1
-4611696#4;798448.52;5827498.155;1
-4611696#3;798392.835;5827472.905;2
-209264196#4;801116.19;5824049.695;2
-24889785;798700.69;5825213.609999999;2
-880121416;800571.125;5822994.675000001;1
-173210316#0;795097.79;5825291.095;1
-173210316#1;795156.325;5825326.875;3
-26185150;793013.9199999999;5824335.07;2
238682696;798443.0249999999;5828905.465;1
-1090603292;801428.38;5825649.57;3
-173210316#2;795300.37;5825415.25;3
1101180375;792727.1;5827051.45;1
1119424987;790701.4450000001;5826145.640000001;1
-136571494;798862.28;5827746.4399999995;5
-4495193#1;791575.59;5828005.455;1
-32975880#0;797549.105;5825082.265000001;5
-127538497#2;802591.405;5826712.105;1
182618037#2;801234.56;5829538.88;1
-172843719#0;795085.5700000001;5824466.545;2
-1113398428#3;801951.425;5828822.225;2
-1113398428#0;801896.1599999999;5828936.0649999995;1
-4495203#2;791794.48;5827256.975;1
-714067249#0;801175.665;5823075.71;2
893550999;802414.8049999999;5827715.475;2
-62240975#2;796426.835;5825517.095;1
865069694#1;802273.51;5823305.335;1
163197026#0;799925.8300000001;5830228.22;1
-8003894;799974.2849999999;5830520.16;1
-140149258;802152.615;5828223.825;1
-18908132;800609.5;5823460.77;1
-1083525648#0;801471.755;5828073.93;8
-1105894357#3;792464.2849999999;5824520.42;1
-1024040654;794192.22;5823623.215;2
-978191735;796808.97;5823980.8100000005;2
-978191734;796578.6950000001;5823968.015;2
-860667828;800200.53;5822509.475;10
461900067#0;800531.115;5827045.495;1
30253522#0;799413.075;5824539.23;6
-62240975#0;796174.96;5825558.16;1
-4539461#0;793788.0449999999;5823811.845000001;3
-1057183597#2;798562.795;5826490.82;3
314433169#1;795274.99;5826377.46;1
-593921230#2;797656.81;5830660.0;1
-419527312#0;801136.675;5827278.525;1
-4490163#2;792042.0549999999;5826244.67;6
-27717047#2;791761.99;5828602.615;1
-22773266;798451.065;5829442.075;4
-891977297;802611.6;5828247.505000001;2
-4446702;791674.665;5827733.09;1
-1057185107#2;798807.29;5826398.645;4
26474539#1;792375.07;5825119.605;1
823947561;792113.54;5826120.02;1
-53357058;800789.135;5826497.885;1
42884365#3;797869.82;5823883.715;1
490351845;793816.845;5825842.355;1
-53357056;800393.775;5826048.42;4
-53357055;800365.28;5826322.58;2
24243052#0;797532.34;5827889.145;2
-849540330;800683.38;5825160.53;1
-989737334;800420.73;5824961.8100000005;1
24243052#2;797647.48;5827907.699999999;1
24243052#1;797600.23;5827901.49;2
335479077#0;800652.715;5829888.265000001;1
-989737330;800303.365;5825000.785;3
25205072#0;794091.0800000001;5824086.695;2
-312176585;799374.945;5828078.7;5
-849565610;801374.765;5825110.26;2
-1102323792#0;791085.0;5827087.925;2
-4403876#1;791613.12;5828260.855;1
37696483#0;792060.1799999999;5825750.9399999995;1
62170955;802129.3500000001;5826120.8149999995;2
-30136504;794252.06;5829008.3149999995;5
816324752#0;800328.72;5824559.1850000005;1
-30136500;794260.0549999999;5828647.95;1
823947568;793380.5449999999;5826084.475;1
-593851926#3;801570.8200000001;5829394.86;2
-593851926#0;801499.01;5829490.140000001;3
-975295048;801210.0900000001;5825766.359999999;3
-1064521714;794229.83;5828754.34;1
-4686464#0;800386.69;5824754.050000001;1
110032714;797083.475;5826734.425;2
-4566442;799308.435;5827298.805;3
-513152007;798557.715;5829879.445;2
154041909;796951.845;5827407.92;2
-4615783#0;801669.065;5828344.9;3
68462528#3;798357.985;5824794.91;2
-65425836;799883.84;5825910.325;3
-37426244;791045.375;5827423.655;1
-1083523410#2;801435.01;5828691.095000001;1
4615058#0;800396.1699999999;5829213.915;1
-390614076#2;798811.0900000001;5829727.075;1
-28497527;796120.22;5823416.62;2
1108304587;796701.29;5827421.97;7
-994863624;793680.9299999999;5826195.505000001;5
-4377162#0;794834.7;5827788.02;1
-4377162#1;794710.085;5827795.245;3
156132845#0;796588.36;5826257.555;2
-36689634#2;798282.615;5829022.885;1
-531180926#4;795670.735;5824099.9399999995;1
68462528#8;798108.95;5824859.3149999995;2
151523084#4;794414.79;5825879.79;2
-305801706#1;796156.955;5828239.715;1
-305801706#0;796150.13;5828314.335;1
-4685718;802239.575;5828001.545;4
-4685719;802799.6299999999;5827985.93;2
-24455729;791760.22;5827814.63;2
-1105809986;796867.895;5829531.675000001;1
-410242419;800705.77;5822900.01;2
-9536456#1;794901.345;5826208.805;1
-9536456#0;794951.53;5826159.02;1
153698387#1;797095.6950000001;5828063.495;1
1017378709;800847.47;5822534.4;1
-713114410;794408.6499999999;5828361.18;2
4782586#0;801053.8300000001;5829674.265000001;1
-4773029;798191.875;5827480.32;1
-208089047#3;793449.935;5824256.965;4
-1101060885#1;795086.3;5828085.08;7
4705480#0;793534.54;5829160.615;1
-1081679472;795167.105;5827782.135;1
31621010#2;791688.045;5826585.9350000005;1
-4710462#1;797022.62;5823221.37;1
-35146269;793596.23;5827495.205;1
-1125019581;799908.715;5826744.67;1
-4710462#3;797046.3300000001;5823405.945;2
-195344063;800080.2749999999;5826039.9350000005;4
-979668824;798996.3300000001;5828364.885;1
-195344062;799830.235;5826124.765000001;1
175671149;795627.41;5826281.41;2
-11483007#2;797711.4550000001;5827751.0600000005;1
53356537#0;797403.0800000001;5824920.545;3
175671145;795837.03;5826250.395;1
-4490390#4;793291.895;5825534.525;5
-4613296;799089.595;5828927.029999999;1
-4570580;797247.605;5828125.795;3
-94133659#2;798915.265;5829918.52;6
-4613298;799136.04;5828699.24;1
1116986769;791447.7;5827433.640000001;1
-4475785#2;791938.505;5826451.36;1
-1125019570;800111.75;5826537.52;2
-11635731;795514.2450000001;5825402.9350000005;1
-24803495;799377.12;5826698.92;4
-1072662717;801927.515;5827096.775;1
-461905068;796294.075;5826777.475;6
-1083744840#2;802255.49;5827503.085;5
-4597351#0;796365.095;5826493.555;1
-43114621#2;798717.915;5830034.17;4
-43114621#1;798777.41;5829877.365;2
11405488#0;795449.9450000001;5825805.27;2
151571113#0;797248.815;5823136.0600000005;1
-1102937734;792345.6950000001;5826515.550000001;1
-4594026#3;791999.4299999999;5827433.77;3
-4531818#1;795091.315;5826018.93;1
-104652096#4;796114.4199999999;5825633.725;3
-4531818#0;795149.745;5826165.475;1
-490361981#2;796271.8400000001;5825981.279999999;1
-4592725;797182.625;5828323.965;5
-1092047884#0;797569.535;5822855.92;1
-1107180852#1;795163.47;5823957.74;2
-1092047884#1;797653.81;5822885.08;1
-4612756#1;799510.2;5826054.175;1
-4611785#2;798454.795;5826560.195;1
72157174#0;798956.98;5828133.555;6
-944009364#2;800859.995;5822778.465;3
-4437183#2;792199.435;5824481.895;5
-240200873;800882.83;5827141.96;1
-437684188;798226.745;5830969.5;1
-814842407#0;794171.685;5824449.305;1
690575145;797750.47;5824413.6;1
-28992603;798993.425;5830502.855;7
-147657138;799561.5800000001;5829728.1;1
379506035#1;797815.245;5825878.01;4
-4615028;800063.88;5829912.815;6
-110450334#2;796854.1399999999;5823983.195;1
-176213808#4;795760.6;5823868.85;4
-137720672#0;801825.905;5823112.42;1
-8008692;799459.985;5826309.005;2
-73153489#2;796287.885;5823197.71;1
-785350756;801609.5800000001;5823213.88;2
-785350758;801512.6699999999;5823185.525;1
-150514947#4;794953.245;5826060.73;1
-4616575#1;801388.855;5827523.205;1
-28214974;798311.355;5830926.71;1
-150512829;794699.95;5825925.87;2
383776476#1;802491.99;5825970.61;3
-4498149#2;791574.27;5828363.99;1
-4407114;793149.855;5823778.52;3
-53356539#2;797104.605;5824362.635;5
-53356539#4;797113.52;5824164.550000001;4
-4613300#1;799288.81;5828849.395;1
-4498149#0;791614.08;5828583.12;1
1116986776;791295.365;5827469.234999999;4
-26071043#1;792661.9450000001;5824832.675;2
-26071043#2;792776.24;5824804.365;1
-4500193#2;793997.23;5823384.3149999995;1
-38523780;792079.02;5828417.835;4
-150512735#0;794647.64;5825431.875;1
-26071043#0;792513.275;5824855.795;1
-4685799;802254.435;5826198.029999999;2
1097313358#0;797867.835;5830377.484999999;3
-28241306#2;793522.975;5827493.625;1
-42724851;794701.235;5829477.215;10
-4615005;799867.1599999999;5829400.775;4
-35578576#1;797822.5800000001;5827876.255;3
-4395599#2;796227.395;5828028.91;4
-150512735#1;794830.17;5825415.95;2
-35557161#1;798058.95;5827247.42;1
-35557161#2;798074.705;5827149.525;2
1103847179;794258.1950000001;5827859.515000001;2
-23017852#0;798241.385;5827215.085;1
-105802525#0;797976.54;5830334.6850000005;2
-209086884;801170.77;5829647.025;1
335393887#0;793955.615;5826177.975;1
-861068544;801367.9299999999;5822623.865;1
-6182767#2;796858.445;5829718.26;4
-861068543;801498.24;5823000.640000001;1
-861068542;801076.2849999999;5822714.375;2
-400740387#0;800112.55;5823360.18;3
-127538488;802872.8049999999;5826627.26;1
-687428747;794504.62;5825579.07;1
-25205078#4;794103.2;5823927.32;1
698150951;799467.515;5824524.869999999;4
-4615075;800326.5;5830170.0;3
-25205078#8;794368.69;5823921.295;2
-4581765#0;794915.47;5828925.895;2
-665241888;797738.185;5826945.26;1
68647306;798100.815;5827515.195;2
728299830;796430.765;5826594.635;1
-1097989450;792784.665;5828107.83;3
-645054947;801628.5;5823321.115;1
71282501#0;795753.29;5824071.645;1
-794782644;800601.81;5822896.165;4
-28281159;799342.075;5830197.38;2
-128636794;801915.725;5827912.109999999;1
-1101200769;791040.095;5827350.535;4
-153372178;795007.06;5826510.82;2
-36844646#2;792459.22;5828011.715;1
-36844646#1;792458.81;5828087.57;1
-36844646#0;792458.265;5828192.17;2
151571118#1;797629.54;5823488.71;1
-23899000;796490.13;5829923.73;2
32489388#0;800446.815;5822492.13;3
32489388#1;800448.115;5822486.935;1
177372522;799618.5549999999;5828713.62;1
-4686253;801752.835;5824710.12;1
-1082327521;802081.63;5826286.25;1
-4639037;797368.7849999999;5825028.425000001;1
-168935757#2;797615.3049999999;5827075.630000001;1
-168935757#3;797630.5;5826977.355;1
-927044480#2;799262.365;5826085.38;2
-1101405554#1;794715.11;5828650.46;5
24677767#0;795645.2;5828206.005;1
-111812579#4;794149.64;5825856.725;4
-4615030#1;800406.815;5829911.875;2
24214090#1;797258.81;5826319.195;5
527714921#0;796940.835;5827592.1;1
1015444370#0;795005.35;5823517.305;1
155605337;800242.1599999999;5823415.984999999;1
-4615030#0;800118.75;5830051.925000001;2
1101062263#0;793979.0449999999;5828472.470000001;2
155605339;800276.995;5823194.6899999995;1
-42852292;800446.6950000001;5823347.455;2
-975440489;802011.12;5825741.67;6
172425903#0;800025.965;5825734.335;2
-975440485;801868.4299999999;5825719.045;1
-60333317#0;797023.4199999999;5828271.105;2
-60333317#1;796967.47;5828253.44;1
-1040930907;799110.51;5827865.529999999;2
-1083729262;802615.365;5828119.18;1
-4606230#0;798840.9450000001;5829426.1;1
-28935244;801209.29;5828361.0649999995;5
188491275#0;795018.905;5825943.39;1
-881155244#1;802191.1;5823584.415;4
-365020880#0;801127.415;5822516.66;1
-4615068;800704.105;5829718.43;5
335487071#0;796712.355;5826101.785;1
-610848017;792749.26;5826901.595000001;1
-840875333#0;799784.6699999999;5824861.555;1
681299268;797490.565;5827251.385;1
60333313;799066.525;5827604.244999999;1
-4540284#0;793709.28;5828408.43;4
30720544;797629.43;5828258.205;1
-4540284#1;793694.965;5828246.95;1
562077314#0;799199.185;5825623.455;1
-1105631679#1;794337.935;5825046.49;1
458998067#0;801683.3;5828856.800000001;1
-1105631679#3;794564.88;5825044.234999999;1
-4790825#2;799167.13;5828292.3100000005;4
-1105631679#0;794249.0449999999;5825046.84;1
37499145#6;793256.5;5823968.385;2
-278014798#3;797642.16;5829229.665;1
-849599089#2;800600.45;5823178.84;1
37499145#4;793097.915;5824104.01;1
-316749677#2;802931.55;5826904.615;1
37774389#0;800564.45;5825791.779999999;1
-176043805;796941.96;5826587.725;1
4442082#0;793930.4650000001;5823381.645;1
-814842898#0;794389.79;5824391.875;1
823635957#0;800364.7;5830043.734999999;2
-417687019#3;795261.745;5828784.54;1
-814842898#1;794403.005;5824262.71;1
-277851613;800792.725;5827239.335;1
865069698;802244.3200000001;5823322.41;1
-4603721#5;791795.495;5827968.6850000005;2
832017302#0;793411.75;5826077.415;1
-52104495;796282.7949999999;5823057.27;1
4592285#1;794554.745;5829104.075;1
-46138135;798408.915;5829209.325;5
-1027369591#0;802247.135;5823489.675;1
-4686109#0;801289.095;5825725.4399999995;3
-4686109#1;801381.9099999999;5825913.98;2
-1108260165#2;801718.715;5828641.15;1
1057528473#0;797418.565;5826138.154999999;1
1108039821;800919.745;5828280.875;1
-4410412#0;792678.185;5828806.785;2
-4410412#1;792832.775;5828864.18;5
19183061#0;792044.605;5828228.495;1
-679018417#0;791177.065;5825124.404999999;1
150928418#0;792434.105;5825400.74;1
-4540297#1;793315.245;5828703.029999999;3
-975447074;801029.675;5826349.5;3
-4492011#2;793800.6599999999;5825174.4399999995;1
-856043392;800338.65;5825645.805;4
-22701544;799691.3999999999;5825377.765;1
-4540297#0;793297.88;5828951.96;4
-100832885#4;801438.04;5825515.365;2
-100832885#3;801300.395;5825577.805;2
-100832885#2;801187.645;5825629.18;1
940056668#3;799896.175;5829891.36;3
-100832885#1;801107.4750000001;5825665.655;3
940056668#0;799836.94;5829688.905;1
67523899#1;799609.535;5825020.21;1
-100832885#5;801596.3300000001;5825440.615;5
-100832885#0;800928.0549999999;5825753.695;3
166260138#0;796562.1950000001;5826934.5600000005;2
-4397269#0;795139.105;5828601.8100000005;2
-184941003#1;800483.635;5830208.6;1
116432821;797206.195;5823631.915;2
-4612871;799307.8200000001;5826887.885;1
-195439132#0;801444.08;5826670.205;1
-848132796;802096.675;5824249.285;3
-4612875;800038.235;5827089.785;6
860374114#0;793278.615;5826716.435;1
-1101200910#1;791728.28;5828238.15;1
-35557143#4;797840.705;5827362.895;1
-4611869#0;797013.78;5826413.665;1
-4611869#1;796944.8400000001;5826182.775;2
-1051639963;803201.1;5827528.3100000005;1
-1057635874#0;800869.275;5828061.85;1
490372447#0;794551.1799999999;5825815.915;1
-53257010;797525.83;5829138.195;2
-963165523;797456.365;5829514.93;3
-1124597627;795240.1499999999;5826203.27;1
-110450332;796007.855;5824756.075;4
-32531892#1;792263.765;5824326.325;1
-23752644#2;797593.3049999999;5824572.529999999;7
-4083461;794630.395;5828021.865;2
23852053;798416.85;5828313.58;5
-1106648813;795127.9099999999;5829387.75;2
-1035033626;798859.22;5825669.37;1
-1083532798#2;801675.925;5828222.625;1
-1076055688#1;799898.76;5827871.89;3
-1076055688#0;799943.755;5827976.55;1
173219934;794091.135;5826439.165;1
-1105574288;798247.8400000001;5826726.595;3
122006112;794547.635;5828262.734999999;1
-1105574289;798090.5149999999;5827051.265;1
-1101407426#1;795014.4750000001;5829027.05;2
-722137842;796155.505;5829884.135;12
-803210484;797827.0800000001;5829359.82;2
-10098785#5;793758.49;5824462.21;1
345817373;801241.13;5828658.505;2
-612732744;800281.735;5823498.12;2
-758683447#2;802885.4750000001;5827173.6850000005;1
13707384;795869.4450000001;5823862.42;2
-10098785#8;793908.3200000001;5824453.165;2
34832961;797082.81;5826739.59;1
335480512#0;800585.29;5829873.4399999995;1
-172425895#2;800103.62;5825694.8;1
-120948266;800026.065;5829222.66;1
-874528353#2;797659.6000000001;5827433.109999999;3
-15092892;794201.4199999999;5823443.395;6
-120948267;800334.81;5829781.1;4
-80715076#0;798285.21;5828801.5;1
-80715076#1;798253.46;5828878.54;1
-795574341;801327.8049999999;5822427.47;2
-156132842;796598.405;5826096.609999999;7
-4490375#6;791857.98;5826237.055;1
-1054376581;797976.01;5831012.38;1
-13637220;794993.99;5823674.395;1
4618781#0;796113.27;5825568.41;1
-851552629;798944.215;5824803.0649999995;6
-32879634#2;794484.1950000001;5823917.095000001;2
-373389574#1;799469.75;5829093.984999999;7
-106368290;792940.27;5823461.895;3
-4083446;800012.275;5827814.18;1
-1113678933#0;803009.9850000001;5827028.550000001;1
-367277636#1;796193.925;5825445.255;1
4424794#0;794406.115;5828448.33;1
-1082080800#1;792845.42;5828286.109999999;2
455958129;798999.675;5826585.115;1
335462896;794078.975;5826972.824999999;1
-268561900;802481.9550000001;5826419.609999999;3
-19064220#4;801417.08;5825797.205;1
-421494932;798793.23;5830980.365;1
-19064220#3;801311.54;5825862.619999999;1
-849565607;801534.485;5825249.33;2
461526150;796377.5549999999;5828578.43;1
-1119479734;801725.7949999999;5827038.595000001;1
-9188880#1;801488.42;5824413.27;2
-126815807;793136.5449999999;5825677.515000001;1
9475950;794646.875;5823699.41;2
-4686299;799789.53;5825664.76;1
-881927662#0;802729.315;5827890.65;2
-43156537;798748.915;5827208.295;1
-1101403588#1;801807.55;5829078.0600000005;4
-1056610313;791570.9650000001;5825931.78;1
-335462874#2;797351.7;5827380.21;2
312654701#1;798917.54;5829020.39;1
-593476356#2;792667.23;5825060.345;1
4685881;802802.38;5827030.4;1
-13232333;801346.1599999999;5825333.8149999995;2
-4588079#0;798394.47;5824233.505;3
-4588079#1;798627.3;5824234.54;8
-196961376#7;793483.71;5825013.555;1
-1046077064#2;797080.49;5825921.45;1
37995742#0;796293.04;5828787.695;3
360541595#0;801776.87;5826785.5600000005;2
-4492445;793850.005;5824231.275;3
-720197826;796383.075;5826732.52;1
-80366517#2;796186.59;5825795.625;5
546299610;801721.29;5822949.58;4
-239874165#4;800197.73;5822795.425000001;1
-239874165#2;800344.5;5822831.609999999;1
-239874165#1;800416.355;5822849.295;1
152264786#0;795940.0149999999;5823112.035;4
-25388818#2;796761.73;5830226.404999999;3
-54781811;798397.6499999999;5827565.82;3
-159081777#0;796893.95;5826854.8100000005;1
-23735660;796513.6599999999;5829230.744999999;8
310145077;801006.96;5828200.23;1
345816100;801439.725;5828765.550000001;1
-168940071#0;797835.47;5828332.34;1
-168940071#1;797689.625;5828314.755;4
-240959630;796447.48;5823479.925;6
893550405;801138.72;5829419.21;2
893550403;801117.62;5829566.12;1
893550407;801235.11;5829445.26;2
865069705#0;801684.02;5823721.48;1
-1053026513;798497.52;5826860.155;3
-7913573;799148.27;5826725.880000001;4
-1089751335#0;797266.98;5824941.23;4
-1089751335#1;797265.2849999999;5825055.390000001;1
893550401;801265.3;5829569.05;3
28658326#0;792045.28;5825868.38;1
-1088804295;802213.0449999999;5826873.625;3
-34487458#2;794332.105;5828993.155;2
-34487458#1;794343.725;5828743.94;1
-4383266;796692.905;5829079.64;1
981051249;800079.0800000001;5825228.175000001;1
-1081624466;802147.96;5826493.59;4
445075259;801261.145;5827913.145;1
-4710470#0;797047.365;5823300.385;1
-142161213;795676.395;5823603.42;3
-901165861;794629.405;5827575.425000001;6
-142161214;796276.7849999999;5823141.54;2
-1024040656#2;794162.285;5824016.055;1
-150513169;794811.92;5826111.05;2
-155071540;796999.85;5824137.275;4
4442101;793993.79;5824197.535;1
-4613306;799613.575;5828517.115;1
-4611901#4;798032.52;5824766.88;1
-4685872;802411.0800000001;5826919.4;1
1061707868#0;798765.58;5825112.285;2
-4611901#0;798016.365;5824625.984999999;1
1100790852#0;798883.86;5824659.550000001;3
-1101061556#1;795498.64;5828020.725;5
607803347#0;792129.91;5825717.52;1
-1081624462;801931.69;5826486.03;1
-195337819;800332.085;5825943.775;1
-1083507345;802001.19;5828002.555;1
-1108161978;793808.815;5827707.275;2
-4685868;802799.345;5827253.535;1
-4685869;802931.36;5827172.015000001;1
-32977012;799898.0249999999;5826107.87;3
-32977014;800197.315;5825950.154999999;1
-152343393#1;795394.9299999999;5824905.635;2
-152343393#0;795370.59;5824748.865;1
104590139#0;797203.1399999999;5829057.32;2
-25179835#4;791808.5549999999;5825397.15;1
140336721#0;794882.355;5828462.09;4
-1105894358#5;792257.24;5824607.675;1
-168978745;801786.0800000001;5823770.49;1
-69992975#0;801474.385;5824709.645;1
-1092194681;792844.4299999999;5825635.835;1
-478649995#2;797074.64;5824478.195;1
-1105894358#2;792164.8999999999;5824650.225;1
1102369967#1;799026.26;5827076.755;5
-1067296925;797816.915;5829573.125;4
823635961#0;800942.6100000001;5829693.045;1
-142571958#0;792727.56;5824771.68;1
-182668537;791145.54;5826737.76;1
157658305;793949.155;5826357.18;3
-520485515;795393.79;5826041.785;2
-4396528;797360.8999999999;5826485.76;9
-1009125109;802008.36;5823373.395;1
335543103;798256.5800000001;5823960.87;1
4410417#0;792092.66;5827842.795;4
-188240629#1;796774.355;5828036.904999999;3
-1101063584#1;793569.0449999999;5829127.574999999;2
4401920#0;797746.9550000001;5825539.859999999;1
-1095165529#0;798359.24;5829700.715;1
-25376552#2;802176.235;5827134.52;2
-1095165529#1;798407.33;5829776.49;1
-237716438#1;796006.665;5829463.8149999995;5
169753568#0;797231.725;5823352.425;2
-1054785298#4;800245.25;5829619.640000001;4
-60825556;799612.22;5823740.11;75
-60825557;796407.56;5824786.75;2
-569997526;794871.0800000001;5826684.465;5
102773668#0;802020.385;5827090.945;1
84793979;792502.615;5824746.71;1
-1054783030;801258.65;5827181.484999999;2
-4763450#2;792321.8049999999;5828336.555;4
1079495669;798002.395;5827637.27;1
-34487458#0;794353.0449999999;5828543.890000001;1
-4600068;795201.815;5825043.62;1
-169459736#2;796880.44;5830262.885;1
764024738#0;797778.2;5823736.0649999995;2
-19002363#1;799014.735;5828497.96;1
-4437136#0;793436.3500000001;5825206.58;2
-1112137515;793301.72;5825876.065;3
4720648;794507.9299999999;5827906.6850000005;1
-65040946;797935.7749999999;5826776.355;1
163385719;794077.7649999999;5826379.8149999995;5
42103021;797610.33;5828389.665;1
1123184403;798234.885;5826948.775;1
-1006839432#1;800610.785;5822304.0649999995;5
67713451;796628.94;5827955.165;1
-11103963;799057.01;5830175.635;4
8097774#0;793230.56;5824543.609999999;1
-962654822#1;798250.03;5824521.654999999;1
-975295127;801555.2250000001;5825584.785;4
-1101961737;798265.095;5827786.3149999995;7
-975295126;801654.495;5825774.109999999;2
-975295124;801835.49;5825585.085;2
459346122#6;791837.975;5826725.97;1
-42732333;797621.05;5830146.045;1
4740762#0;798007.74;5830129.465;1
-172274268#3;800606.115;5825424.295;2
-172274268#0;800406.66;5825506.045;5
-1095165510;798578.71;5829940.539999999;2
-1095165528;798371.51;5829922.095000001;2
-1101405291;798038.355;5829676.22;1
-1052756577;798998.105;5829464.529999999;1
-1082327495;802159.005;5826239.955;1
-11923627#2;801989.8300000001;5827380.59;2
-27607436;792456.085;5825504.2;3
4475632#4;791483.7949999999;5827006.265000001;2
-32977013#2;800101.875;5826159.2;4
-488951837;796260.71;5823536.135;1
4475632#3;791463.15;5827138.71;1
1081891178#0;791745.13;5827285.35;1
-1092645064#2;801303.855;5828717.635;1
-1095407474;799002.185;5828865.125;2
1081349077;802850.665;5826098.859999999;1
-4436877#4;793210.355;5825074.390000001;5
-4436877#0;793222.1;5825295.365;2
-767466073#4;791878.39;5824785.51;1
-919305045;800934.405;5829912.235;5
-33491648;792576.085;5828055.63;3
152696631#0;799153.115;5830300.075;1
317878311;800659.69;5827007.85;1
168934832;796282.2050000001;5828444.365;1
4396321#0;791486.19;5826084.495;1
-4376904;795098.2949999999;5827858.34;3
-274754088;796819.2350000001;5829011.025;1
-980542375;798257.5449999999;5828764.415;1
109612315#0;792822.79;5826772.86;1
109612315#4;792563.845;5826724.5600000005;3
65040950#0;801284.985;5825969.324999999;1
-4611860#1;797157.5549999999;5826323.415;2
-4611860#3;797099.23;5826134.715;1
593851998#3;797808.31;5822981.115;15
375991059#0;795020.5549999999;5829144.485;1
111648287#3;800316.72;5824705.890000001;1
-496503270#0;802678.535;5826668.484999999;1
-496503270#1;802746.895;5826634.82;1
-4892696;799748.21;5825938.305;4
-386592868#3;796655.94;5824829.67;2
1105626010;791692.4650000001;5824960.535;3
-320462163#2;797115.11;5827323.46;6
24806725;801921.9099999999;5826669.33;3
66514435;794771.405;5827093.495;5
-612748458#1;800235.15;5823122.345000001;3
30185207;800421.61;5826600.9399999995;2
-237704729#1;796190.005;5829213.475;1
-172959776;798246.645;5830157.15;1
-58536064;795500.985;5828378.26;2
-488351331;801760.2749999999;5823201.02;2
-488351330;801510.8;5823413.135;5
-4525865;796591.095;5824462.49;4
-4525869;796788.235;5824301.445;3
-4685892;802209.415;5827000.095000001;1
318888125#0;794562.37;5825484.34;1
-1056642833;802212.4550000001;5828535.73;2
-25359021;796267.81;5828904.32;1
-845476767;800648.45;5825105.335;2
-4437118#4;792951.085;5825312.77;1
-182693863#1;801721.04;5823869.0649999995;2
-591713659#0;792915.05;5823923.975;1
-137720664;801684.47;5823043.745;2
-59582702#0;800367.525;5823423.655;3
-305732881;796927.69;5830120.325;1
-24241762#2;798902.755;5828631.075;1
-137720668;801883.645;5822967.05;3
-24241762#3;798954.075;5828750.305;1
-1018891534;802149.155;5823503.970000001;3
-1115537604#0;792411.05;5826449.17;1
-231883017#2;793284.23;5824967.705;1
606078065;799036.04;5827758.785;1
-231883017#5;793420.56;5824931.245;1
-32976592;800607.65;5826609.77;7
-109902441;797557.51;5827068.96;1
31621011#3;791981.315;5826626.15;2
-195332171;800519.0700000001;5826330.17;5
-42689935#2;797237.8049999999;5830259.995;8
-400740388#0;800086.4550000001;5823500.75;5
-25418070;796106.49;5824732.585;2
-1124139057#0;802914.755;5827462.105;2
1101407068;794771.375;5827373.485;5
-806822590;798610.0800000001;5825961.355;2
-710342473;799455.0800000001;5826959.015000001;2
246136582#3;799826.105;5824475.17;21
-4710477;797092.31;5823384.515000001;1
-187939154;795974.5800000001;5823441.5;2
417687079;795412.5700000001;5828525.105;3
168515533#0;798463.35;5826985.66;2
-4615546#0;799653.605;5828048.300000001;1
-4615546#1;799721.175;5827975.01;1
-37116780;792473.19;5826262.465;2
-1009152567#3;801532.495;5822708.24;1
-1009152567#0;801336.53;5822657.04;1
-1009152567#1;801396.99;5822672.859999999;1
4609242;793823.0449999999;5826941.45;1
968257754#2;793570.095;5823941.029999999;2
-187939148;795975.28;5823850.79;4
-155595021;801471.675;5822758.805;1
-4597032#2;797068.87;5830275.965;6
1061889508#0;799857.72;5825756.62;1
823947555#0;790767.71;5826009.52;1
-1107180842#0;795222.765;5824526.029999999;1
-107178761;794053.565;5825680.365;1
-195332157;800888.855;5826436.54;5
-993354978;801298.8899999999;5823404.83;1
-23343819;801339.23;5826980.6850000005;2
-4492376;794207.4099999999;5825164.755;2
-15920080;791196.525;5827379.49;1
-41828679;798831.8300000001;5830170.96;2
-4492375;794276.72;5825322.975;3
-1110416087;792597.035;5826642.53;3
-1102154084;797205.395;5827794.505;2
-26109166;796559.285;5828256.605;2
-168967374;796915.03;5823296.955;3
490356850;794018.38;5825944.96;1
4410148#2;795881.7649999999;5828653.615;3
-821100848#0;792070.0349999999;5826467.12;2
176621934;793434.375;5823752.74;1
-814842404;794225.8999999999;5824295.359999999;1
-4606275#1;799363.03;5830826.890000001;1
-4606225;798569.165;5830160.545;1
-4409873#0;795264.39;5827838.88;1
-172219133#0;801210.6699999999;5825398.8100000005;3
-26055976#2;798515.465;5825283.925;2
-4606224;798218.51;5829972.34;3
-172219133#1;801057.395;5825472.445;1
-131650081#1;798014.4450000001;5829239.715;1
-172219133#4;800890.6950000001;5825552.35;5
-131650081#0;798082.6799999999;5829065.03;4
-195397561;797775.63;5828047.76;4
431356095#0;800880.12;5826860.6899999995;1
25205079#2;794975.095;5824016.970000001;1
-465418100#0;798056.2150000001;5829327.890000001;2
-930343901;797438.2849999999;5827745.3;2
-4606214;798480.56;5829693.775;1
-1097313406#2;798544.56;5830240.62;3
232070355#0;799605.52;5828766.609999999;1
61737905#0;802036.655;5827040.48;3
-34122859#3;795762.6950000001;5826077.640000001;2
369401521;796099.8;5828138.925000001;4
-311557432;796384.4650000001;5825019.055;2
-34122859#0;795602.6950000001;5826116.34;3
-1101407177#1;795138.175;5828377.65;6
-1105631678#1;793755.585;5824588.11;3
-826108091;794583.86;5823844.35;1
-1095165492;798600.51;5830089.915;2
-155073133;796973.715;5823887.38;4
-4492363;794185.29;5824670.265;2
-1095371161;800183.775;5828927.725;1
-27190701;800984.2749999999;5826832.095;1
-4402228#1;797669.6799999999;5828006.02;1
-1100824590;797509.4199999999;5828326.075;1
4540509#0;794005.4450000001;5828223.275;1
155605344#0;801901.5549999999;5823566.975;3
-4436793#2;793091.47;5825062.365;2
-4436793#5;793049.44;5824666.359999999;1
25121296#0;795938.1000000001;5825398.6899999995;3
-4436793#4;793065.49;5824815.005;3
-4385197;793382.65;5824119.4;1
-4385196;793125.4;5824163.865;1
319492885#0;792781.395;5824298.755;1
-1054376499;798267.6799999999;5830585.105;3
319492885#2;792665.71;5824228.51;1
319492885#3;792566.915;5824174.18;1
-775069623;793218.735;5825748.68;1
-27116221#1;792366.13;5824417.0;2
341354240#0;801163.885;5829518.33;1
-23859711;801927.1799999999;5824683.9350000005;2
-4436793#1;793102.935;5825170.69;1
25121296#3;795789.745;5825433.625;1
-4436793#0;793107.8400000001;5825302.355;1
138000505#0;791505.0;5827077.075;1
-1056594666;791043.3;5825636.28;3
138000505#1;791475.845;5827254.18;1
-4612968;799194.69;5827670.395;3
328064921#5;797758.875;5825734.885;1
-340606518#1;800628.1950000001;5829122.6850000005;7
22972195;797690.29;5827881.8100000005;2
328064921#2;797529.535;5826011.48;3
328064921#1;797466.365;5826083.72;1
4444427#2;792159.72;5825033.01;1
-1080200475;797199.05;5829823.625;2
-31621015;792511.01;5826992.51;4
-175913914#2;801535.23;5827314.425000001;1
-4437186#2;792305.6599999999;5824915.545;4
4444427#0;792270.47;5825183.275;1
-4490369#2;793975.8200000001;5828033.47;3
-4540285#2;793913.9199999999;5828580.6;4
-1102606775;795626.13;5824422.045;1
-4540285#1;793932.075;5828782.1850000005;4
-593851942#1;802276.29;5828555.535;1
-4540285#0;793952.41;5829022.055;2
-1102606774;795711.035;5824729.42;4
-23108814#3;794752.65;5823539.965;1
-4686363;798818.345;5825258.59;2
-4410459;791923.54;5828575.24;1
-4581766#0;795017.395;5828788.8149999995;2
-4540511;793822.96;5828050.925000001;3
-4581766#1;795026.155;5828629.18;4
887310123;799892.0149999999;5825666.275;1
42989675#0;796378.815;5830031.08;1
-520627761#2;792606.365;5824465.17;3
-4410424#1;792124.935;5827566.52;2
-152952354;795372.655;5824335.865;1
-4686357;798984.06;5825392.35;1
-24214232;798941.2749999999;5826536.57;1
-4410424#0;792112.305;5827669.335;2
153150625#0;794980.3899999999;5823881.15;1
-51755232;799519.2;5826467.76;5
1096709571#0;799630.95;5829116.125;4
310172799#0;803061.395;5827642.1;1
-4389510;791440.87;5824992.24;1
-4583373#0;794874.7949999999;5824232.945;2
-689406334#2;793467.99;5827880.515000001;2
-376720447;793907.27;5829282.415;12
-400740403;800410.13;5823252.015000001;1
-376720441;795202.2749999999;5829640.065;2
-4583373#1;794886.5800000001;5824113.105;2
-376720443;793799.815;5829253.075;1
-1057538106;798386.2;5826383.785;2
-1057538105;798417.335;5826462.72;1
-4387782#2;791841.6499999999;5825015.8100000005;3
-1057548387;798123.6799999999;5825840.43;3
964321902#0;800082.635;5824433.630000001;2
-713576590;798152.085;5828890.79;2
-4596990;796697.515;5830010.24;1
1116876557;796856.5449999999;5825721.415;1
-4579851#2;798506.925;5823950.71;33
-4581910;791365.31;5826796.08;1
-43376477;798660.885;5827198.985;5
-376720439;794426.39;5829405.325;1
-145934343;792470.625;5825929.119999999;1
342968607#0;797636.3200000001;5827566.65;1
-376720436;795352.605;5829626.695;1
-376720435;795066.21;5829586.43;1
-151974158;802125.4099999999;5828704.98;1
460206975;794360.77;5827508.305;2
-159081776;796745.27;5826829.08;3
-4436882#3;793582.4199999999;5825087.234999999;5
-4436882#0;793773.71;5825041.324999999;3
1120993114;798492.135;5828387.775;1
-1059672153;798694.8999999999;5824518.275;5
169739103;799379.615;5825638.46;1
171423001;797766.45;5827410.725;1
-25042581;794689.0900000001;5824366.99;1
-25042583;794787.8;5824563.275;1
11406344;795329.53;5826241.0;1
4068078#0;801978.0;5826831.67;2
-1107180837#0;795303.755;5825177.470000001;1
865069701;802128.47;5823405.095;1
-1101189114;791451.395;5825292.1850000005;3
-4409901#0;795156.09;5827873.215;1
-4612973;799376.685;5827733.025;1
-4887461#2;799306.865;5825954.625;2
-4887461#3;799472.57;5825886.84;2
309156926;799271.365;5827926.97;3
-4490374#2;791419.485;5826260.325;1
-1018926819;797018.665;5830066.725;1
984020534;795578.085;5825506.9350000005;2
-8008613#3;797070.485;5823801.255;3
-38168755#2;793028.0;5825243.01;6
-28251222;798171.315;5827604.67;1
44619069#0;801254.8;5827913.775;1
-23859720;799562.63;5826296.795;2
-269636104;793997.5049999999;5826790.545;13
295445243;799680.6950000001;5828681.255;1
381816947#0;797904.27;5825356.414999999;1
-4396235#2;794173.185;5824864.26;1
303240827#0;793910.78;5825365.205;1
-593851968#1;796824.75;5823061.035;1
980109815#4;797749.105;5825485.32;2
-11923625;801696.2749999999;5827406.255000001;1
-593851968#0;796832.355;5822907.470000001;6
-4442075;793712.8049999999;5823483.73;1
-140432615#2;796097.3;5823917.53;2
-593851968#2;796817.1799999999;5823204.98;2
1101586101;792771.78;5824283.445;1
-1014041202#0;793545.665;5823417.630000001;2
-11543648#1;791589.97;5827369.295;1
-4494993;801362.47;5825218.46;3
984020552;796146.73;5825345.685;1
-4494995;801087.76;5825340.945;1
-4494996;800926.8300000001;5825412.415;5
4764121;791623.62;5827927.345;1
-4446798#4;791848.135;5825291.3;1
419727926;795531.55;5828214.845;1
-4387785;792595.3049999999;5824328.305;4
-155605322#0;800961.8;5823242.175000001;3
984895271#0;796128.3200000001;5824017.965;1
-62745347;799737.74;5827205.215;1
-387205281;796698.8049999999;5824303.955;2
-155605322#1;800813.485;5823202.11;2
-172921853;797586.615;5829927.795;1
-4597403;795100.6699999999;5825202.225;1
-560370523;798048.4650000001;5828473.119999999;2
-82652816;799441.315;5827491.83;5
-24911800;798169.725;5830130.869999999;2
900528643#0;795871.885;5828177.25;4
-4610356;798204.675;5828763.375;1
194421315;795741.585;5827927.17;1
4525717#2;794762.3999999999;5824264.26;1
945223689#0;792513.08;5824466.640000001;1
375311156#0;798070.47;5826910.895;2
-163209201;793143.7849999999;5826667.145;5
1096203482#0;795578.715;5825114.425;2
-206807723#1;801642.0700000001;5825904.825;2
886179536;800303.475;5823200.975;1
-386592861#2;797097.6499999999;5824565.92;2
-32878639#2;791644.35;5824857.65;1
-1120853672;801147.9750000001;5824421.705;1
-174144168;799852.315;5830126.2;1
-1102154067;797761.47;5828804.845000001;2
945775969;801607.295;5823021.12;1
-4597421;795188.49;5824825.385;3
-5096650;801253.0700000001;5826734.5649999995;2
-4531630;796206.2350000001;5824336.09;1
-154261294#1;800817.475;5829333.595;2
160130967#2;799163.555;5830921.425;1
23218352#0;794725.665;5825708.355;2
959902758;800084.345;5825236.225;1
-1083614733;801078.62;5828354.505;5
-856152388#2;800748.7849999999;5825491.115;1
-344680962#0;798426.1699999999;5825369.85;2
-30705211;799037.5;5827208.5649999995;2
4389607;793995.0700000001;5824367.75;2
-344680962#1;798637.3300000001;5825308.38;2
23851917#0;798960.3999999999;5827422.18;7
-816236488#0;800989.845;5823108.845000001;4
-437360302;792864.5549999999;5827485.115;6
-35630823;796185.0800000001;5828376.72;1
4497872#0;792294.1499999999;5825475.855;2
-520485512#2;795484.0549999999;5826145.035;1
-989741622;800449.49;5824836.035;1
-979807156;800792.6799999999;5822349.050000001;2
-1054756408#2;800568.59;5827588.245;1
-1094234009;801071.71;5829817.645;1
25219757#0;794567.745;5828688.43;1
-181468992;796498.8300000001;5830189.43;1
-1083614721;802001.3600000001;5827851.92;1
-493504242;801496.985;5823623.96;2
-996986682;801675.455;5825648.529999999;2
-1101072592#1;793152.5449999999;5826173.89;1
-1117926298;801762.495;5825808.645;1
-1039463851#2;793002.955;5825015.09;1
-5368513;801355.505;5826194.515000001;3
-30705210;799184.335;5827218.99;6
-840875344;800015.1000000001;5825103.765000001;1
-840875346;799863.1;5825068.045;1
-717177007#1;798976.6799999999;5828945.35;2
-1057180955#2;798312.94;5826520.609999999;1
-478649996#2;797101.075;5824457.18;1
460217100#0;800758.3049999999;5829811.255;1
-111531489;801360.265;5827403.245;4
-717177007#0;798844.925;5828962.9;1
-1102370004;799826.605;5826393.115;2
-4442071#0;793205.58;5823432.865;2
26973375;802819.44;5828068.99;3
-28241308#5;793722.4750000001;5827106.824999999;2
-154262444#0;802183.415;5828751.98;1
-1110746456;797072.14;5827147.48;1
-24594602#2;793516.2749999999;5823994.244999999;1
-37736292;798999.14;5824174.380000001;11
-1022425095;801267.64;5823701.83;1
29177662#0;799766.595;5828187.68;2
-707100745#2;797507.58;5826809.210000001;1
-279549312#4;795986.905;5826703.09;5
-4402087;798136.1799999999;5829890.255000001;1
-840875326;799933.23;5824952.28;2
-182690326;799290.28;5829235.734999999;1
-106277831#2;802415.4450000001;5826171.785;2
-1101405387#1;797848.9450000001;5829968.47;3
-279549312#0;795679.77;5826678.015000001;2
-1097482023#2;802663.295;5826989.83;1
-1097482023#3;802743.325;5826964.425000001;1
-339201177;798365.22;5827942.295;3
-28196824#0;801768.925;5824327.53;2
-83510030;799564.685;5827142.385;2
-154483994#3;796293.835;5824786.855;2
-4592581;796326.79;5829421.8100000005;4
-612748461#0;800418.27;5822957.51;2
-4424773#0;794971.7949999999;5829401.68;1
-4424773#1;795006.135;5829271.9;2
-1057194828#0;798520.375;5824632.495;1
-37287195;801822.26;5827414.745;2
4615777#0;801654.605;5827785.699999999;1
-1120408015;802148.74;5824953.9;1
1083449382#0;801067.0800000001;5827842.369999999;2
4612981#0;799127.87;5828240.605;1
-814837888;794266.385;5824783.14;1
78065411;796771.57;5827808.585;4
-24993933#2;799142.01;5828572.21;2
-169704581#0;795294.15;5828728.84;1
-4693548;794467.145;5824571.51;1
-268524821;800997.8200000001;5827488.575;2
-169704581#1;795335.62;5828658.645;4
1090255584#1;794182.99;5827735.845000001;3
176031323#0;801900.8400000001;5826202.5649999995;3
195337821#0;800023.425;5825746.24;2
-4685954;802735.135;5826080.164999999;1
335479897#0;800640.565;5829984.855;1
-4693533#1;794528.595;5824358.8100000005;1
-180952487;801959.895;5825193.494999999;10
-180952489;801761.6399999999;5825285.25;2
304162878;799921.425;5828859.470000001;3
-12678107#2;797662.075;5825697.595000001;3
34057952#0;797037.845;5825739.52;2
34057952#3;797206.55;5825563.975;2
34057952#2;797114.995;5825618.37;1
-1042721232;792934.095;5824255.23;4
34057952#6;797345.755;5825533.48;1
-4606213#0;798676.17;5829620.619999999;1
940016786#0;799829.09;5829693.125;1
-4383367;797019.8799999999;5829679.21;3
9475290#0;794537.89;5823659.205;1
-46886607;795559.31;5826533.005;4
-1110381402;793088.885;5827318.65;1
-4383365;796993.455;5829535.855;3
-8084121;801429.98;5829581.275;2
28426841#4;791902.56;5825225.51;1
4686103;801689.315;5826142.805;1
4686104;801695.915;5826138.195;2
-1120380858;799632.72;5827382.66;1
-8084126;801585.29;5829194.26;1
-8084124;801411.05;5829352.71;1
-4615989#2;796336.235;5825933.8149999995;2
-975447064;800776.54;5826340.6;4
1057528474#0;797778.03;5825726.615;1
-176501670;797105.975;5825988.3100000005;2
-150513369#1;795054.0900000001;5826118.275;2
-141128941;792097.6200000001;5825123.605;2
6227656;797509.5900000001;5828776.98;1
-4849535#1;802110.8049999999;5823163.800000001;1
-1083747792;802877.915;5827561.64;4
168913091#0;796324.0;5825158.32;1
-975447070;800774.875;5826101.5649999995;2
-64455478;792970.71;5824014.84;1
-40646288;803350.625;5827684.77;3
108296073;791619.685;5826838.49;1
157658302#0;793792.41;5826299.07;1
-778348345;797509.71;5828928.279999999;2
-4616570;801731.835;5827288.145;2
-1055413927;800043.55;5828672.3;3
-176031297#1;802294.34;5825493.675;1
-31525765;793654.415;5827432.48;1
1101404342#0;799012.51;5829009.67;1
-1057188363#0;799175.86;5826356.52;2
980178507#0;796082.615;5825354.385;1
-51196439#1;795516.87;5824909.405;2
-51196439#5;795499.54;5824554.905;2
-4615209;800753.075;5829897.67;1
-64455489;792905.385;5824115.285;1
-1126178286;794973.095;5826414.175000001;2
-950222545;799038.61;5827877.449999999;2
980178510;796378.135;5825229.98;1
-365020881;801022.005;5822531.484999999;1
-312926086;798633.88;5829483.28;2
109762287#0;802429.9750000001;5825993.54;5
136814968#0;791502.2;5827506.41;3
-365020878;801040.935;5822454.665;1
-108457516;796672.69;5828571.715;5
-948841895;801086.8400000001;5823276.095000001;1
-312926085;798461.8500000001;5829584.205;4
-1089432666;802596.895;5827257.2;1
-1089432665;802460.3400000001;5827283.79;2
490351849#0;793579.45;5825747.295;1
-1029435691;798020.025;5824145.92;1
-751595928#1;798947.78;5827813.555;1
-975759018;796491.46;5829490.29;6
-4615007#5;799993.935;5829741.300000001;2
-98399629#0;793669.22;5825160.34;1
1062070609#0;799029.405;5825057.46;1
-1055409898;800291.655;5828782.81;2
692480564#0;793886.6799999999;5828475.865;3
-1101405165#1;798170.79;5829604.27;1
-231887171#2;793053.995;5826417.5;2
-814837809;794021.575;5824714.285;2
-1083745465#0;802753.81;5827323.435;1
-169755120#0;797268.02;5823519.12;1
153373879#1;795146.36;5826544.625;1
31621012#0;792181.835;5826655.79;1
318889283#0;794655.365;5825517.73;1
-1113112206#2;793672.4550000001;5825929.975;2
-840875318;799530.7949999999;5825234.715;6
-1083745465#1;802624.4850000001;5827376.5649999995;2
-1101911314;801371.75;5827343.050000001;6
-172780076#2;797834.8300000001;5826199.66;4
-169659243#1;793747.985;5827708.59;1
39839437#0;796958.915;5825933.02;3
176621905;791327.87;5826506.71;2
195439137#0;801700.535;5826282.0600000005;1
-816236480;800890.02;5823177.905;2
823947556#0;790923.44;5826024.985;4
362719487#0;794547.935;5825724.9;2
-392739719;794042.425;5826461.595000001;2
-4616576;801738.9450000001;5827627.470000001;1
-621489760;799484.935;5829897.98;1
-106820463;798394.53;5824326.25;1
-182693864#2;801898.8300000001;5823740.36;1
-1117261269;793214.535;5825402.484999999;1
-182693864#0;801846.6950000001;5823667.665;1
-1120556205;802338.19;5825598.5600000005;4
-889490609;801426.2849999999;5822488.255;2
-24992424#2;799284.01;5827577.0649999995;2
-794782645#2;800243.785;5822860.51;1
-4525754;794504.065;5824739.665;2
-794782645#1;800217.985;5822960.755;1
32935987#0;794988.865;5824950.665;1
-8170379#2;801650.255;5829382.35;2
-1081624520;802340.835;5826379.23;4
-1081624522;802532.4650000001;5826637.9399999995;1
-1102323798#1;791220.685;5826678.325;3
541763975;798681.635;5827892.795;3
-1116986781;791308.065;5827119.285;1
-1116986782;791346.77;5826721.385;1
-87687993#2;792381.145;5826793.115;3
24912850;795204.85;5826863.85;7
-4616595;800182.3300000001;5826728.35;2
-1116986785;791396.51;5826639.775;3
-807140901;794145.635;5825559.36;1
-814842405#0;794210.54;5824550.8149999995;1
-152953710;795632.5900000001;5824349.985;1
-1040750487#1;792876.65;5824562.05;5
-195439151;801256.835;5826672.9;1
-450358149;798209.06;5825609.075;2
-814840749#0;794123.125;5824572.63;3
-36830368#0;794682.725;5829181.0649999995;2
-36830368#1;794756.475;5829246.5649999995;2
-36830368#2;794892.235;5829317.995;1
309644163;796538.52;5826615.2;1
-24320477;791979.4550000001;5826535.405;2
-4611708;798178.435;5827317.09;3
-630384597;801099.645;5823558.074999999;1
823635959#0;800820.02;5829777.05;1
-4611711;798305.8300000001;5827180.0649999995;1
-4611712;798292.69;5827084.055;2
-1101061001;795300.265;5828077.43;1
-4686493;800224.345;5826087.425;1
-4597325;797302.525;5827027.475;2
-4396421#3;791705.38;5825641.4;3
4592283#0;794535.31;5828142.595000001;1
-839025969;801956.6;5823822.165;1
-1108289467#2;796967.99;5829268.825;7
-62276473;799748.29;5826433.055;2
4395530#0;793164.71;5823505.075;3
85129352#3;793098.0449999999;5823449.12;1
-24654535;793655.265;5827982.025;1
1057192512#1;797930.075;5824874.475;3
-1123150361#2;798645.72;5828136.5;2
-436413565#1;797643.965;5829567.545;2
-576916616;796859.22;5822696.225;1
-1124764665#2;797451.355;5824548.865;1
-25152249;796218.655;5823534.01;1
-1052757284;799029.53;5829324.54;1
335487060#0;798465.195;5825562.82;3
32880567#0;793887.25;5825877.140000001;1
-444656563;801109.04;5823443.075;3
-455097481;799417.355;5826464.77;2
23026124;800217.335;5824395.995;3
-4400157#4;793220.405;5827504.220000001;5
51661483;799294.935;5826198.65;1
-1100786084;791237.4199999999;5825934.46;1
153151441;795331.24;5825858.1899999995;2
-195439129;801211.23;5826651.46;1
-1125636592;801783.455;5825683.0649999995;1
431356094#0;801419.4450000001;5826413.32;3
-1039463196;792960.53;5824628.595;3
825937638#1;797269.435;5822878.59;1
-53357053#2;799126.53;5826028.225;2
4444428#6;792255.38;5825153.050000001;2
-662898872#0;802081.97;5823552.13;1
-839025948;802024.8600000001;5824014.615;1
-662898872#1;801965.915;5823637.705;4
126760892;791460.345;5827350.18;1
529244460#0;794761.9099999999;5826019.42;1
-25043972;802495.085;5825556.5600000005;10
825937638#2;797254.4099999999;5822935.699999999;1
825937638#3;797232.685;5823014.175;1
318031557;800965.26;5829210.855;1
37294340;796526.285;5826236.465;1
-4686469;800700.87;5824725.119999999;1
-1123020840#2;798817.97;5824986.665;1
-4597356;795727.45;5826524.135;3
-4686461;800161.255;5825200.734999999;1
421557828#0;801779.64;5826289.62;1
4531469#0;794846.585;5825682.175;2
-1052669153#3;799759.96;5830165.1899999995;1
-168908245;794286.7050000001;5825780.0;5
1057209130#0;797875.665;5825099.855;2
24677765#0;793792.815;5828150.26;2
-4685732#2;803023.725;5828317.845000001;1
889152982#0;791727.385;5827499.87;1
-110008909;793528.275;5825921.904999999;4
-4597361;794646.6499999999;5829260.65;1
-4597360;794916.435;5829195.140000001;4
-4686458;800044.44;5824892.505000001;1
-4612403#1;798802.4450000001;5826838.095;3
1113400180#0;793637.1000000001;5826398.255;2
-4612403#2;798886.24;5826735.695;1
-1032929972;798074.745;5824260.1899999995;1
-4399488;795909.085;5827512.98;24
-1032929971;797894.97;5824278.484999999;3
-1044406927#0;797667.385;5825316.225;2
-717741321#1;798479.1950000001;5828977.33;1
-195387449;802700.605;5826003.74;3
-4686489;801049.465;5826176.145;4
-1083747763;802832.405;5827377.744999999;1
-4686487;799649.365;5826329.42;1
-4449444;794107.7949999999;5825032.605;2
28426838#0;794071.5449999999;5825939.905;1
-1119933622;797724.755;5827664.4350000005;1
-142161211#5;795430.655;5824054.915;1
-4686490;800872.495;5826283.07;6
172425901#0;800260.3200000001;5825757.9;5
-1057131743;799384.31;5826177.15;3
-31525750;793725.45;5827358.625;1
-142161211#2;795277.1499999999;5823967.265000001;7
-103844052;795555.73;5824676.205;1
-4686474;801162.38;5824503.305;2
-4686477;801435.28;5824017.07;2
-238933341;800482.3500000001;5826860.0649999995;1
-42509311;794774.925;5823950.74;1
-268002748#0;799300.925;5828624.645;1
-4686470;800845.495;5824694.5;1
-195411605;797911.99;5828065.145;3
-195387461;802789.7949999999;5825836.445;1
-29548009;800533.2749999999;5826903.9;1
-155605278#0;801949.52;5824190.95;1
168943639#1;799675.61;5828094.835;1
-155605278#2;802100.2050000001;5824404.074999999;5
-405100404#1;796726.78;5827623.865;4
-32555844;801168.47;5827357.029999999;1
-4540286#2;794070.3049999999;5828769.619999999;1
-4588220#4;797567.385;5827367.27;3
-4540286#1;794089.995;5829021.785;3
-1057563421;798593.845;5825020.79;3
66528047;802246.31;5824230.574999999;1
1072680805;801670.78;5827556.359999999;3
-4556844;792459.3400000001;5827282.904999999;1
-4556841;792357.1;5827411.09;1
183415643;798587.925;5828395.04;1
-4611782;798061.14;5825965.985;1
32878714#1;791292.725;5825017.91;3
-197160273#2;797327.1950000001;5826933.494999999;2
4782514#1;800420.7050000001;5827124.035;1
-24803471#0;799421.2949999999;5826658.36;1
-1089751377#2;797268.265;5825457.895;2
-25041360;796447.355;5826830.29;1
-4490168#0;792595.935;5825891.725;3
-4490168#1;792428.3300000001;5825888.63;1
-1037693685#0;803016.3049999999;5827824.545;3
-4583385#4;794759.755;5824347.95;1
-152343390#0;795301.3899999999;5824670.84;1
610853051#0;791184.66;5826469.3;1
-24619225#2;792870.875;5827313.055;3
-103844041#4;795960.2050000001;5824042.46;1
-475533030;796863.255;5826422.154999999;1
-4583385#0;794709.29;5824772.49;2
317922820;794058.725;5826318.17;1
-4619652#2;795424.97;5826121.12;1
-24162107#2;801936.365;5824367.75;2
-697874454;794700.2350000001;5825395.03;1
-4685763#0;801022.9199999999;5826797.23;1
-351509721;801554.5700000001;5827919.545;5
-722013169#5;797512.855;5823704.465;2
-722013169#1;797414.035;5823765.0649999995;1
-66861332;800654.1599999999;5825749.16;2
-909291874#0;792141.245;5827436.53;1
-856945414;801921.7749999999;5824532.93;3
-4611779;797931.06;5825806.555;1
-1052940882;800480.215;5827717.865;2
-4492013#2;793663.64;5825635.47;4
-236000457#2;799737.54;5824741.795;6
-4611774;797740.02;5826546.835000001;2
-245187317;798858.775;5829125.955;2
-24180030;802603.565;5827520.585;3
-26692483;792393.1499999999;5825612.32;1
-110785555#2;797740.3400000001;5826846.87;1
-182513811;794971.385;5827875.3149999995;2
-72984394;800373.52;5827255.005;1
-391678055;800810.14;5822277.8100000005;1
-317350507#2;800852.02;5823855.275;1
1113400586;793541.07;5826872.625;5
-137630045;797995.22;5828119.93;4
-739122979;794395.6699999999;5828639.65;1
-342078861;794844.34;5828301.37;6
-4887456;800156.4450000001;5824832.085;1
-1100647005;798253.005;5829908.86;4
4611726#1;799144.665;5827753.5600000005;1
327805903#3;791899.435;5826342.52;3
335398606#0;794619.7;5826073.575;1
-111833185;797636.44;5827699.960000001;2
-153698410;796637.13;5828254.245;1
-153698415;797117.99;5827936.58;1
1101189110#0;791518.04;5825085.175;2
-4357822#2;796242.8600000001;5823869.035;2
-4357822#3;796248.9650000001;5823664.295;5
-223139860;799479.655;5829820.904999999;2
-36738528#0;800889.655;5824465.55;1
-36738528#1;800972.4950000001;5824424.85;4
10996272#1;797851.27;5824006.215;2
1100792093#0;800718.3799999999;5824099.195;1
-1110381404#0;792968.65;5827374.725;1
28552785#0;801471.135;5829122.265;4
-109612320#2;792905.55;5826881.18;2
40371327#0;790537.61;5826299.54;1
-153698402;797367.37;5827870.92;2
656241856#0;801624.605;5828947.71;1
-24495448;794044.055;5825371.52;2
1061889515;799927.455;5825564.17;1
284729550#0;800363.675;5827974.21;1
25086766;799724.23;5827411.675;2
-1101072355#1;792978.15;5826178.955;1
376720445;793714.325;5829210.38;1
-21844064;796185.6699999999;5824200.195;2
-21844067;796308.365;5824204.585;2
-176031295;799703.6;5827271.875;1
-4638867;797584.86;5823378.925;1
-4581768;795242.63;5828609.5649999995;2
-4597354#2;796060.4650000001;5826390.68;2
-989199012;793567.365;5824617.615;6
-1091804127;797675.605;5823569.65;1
-42732325#2;798202.99;5830785.04;4
-327481193;796775.4299999999;5828280.125;3
41954398#0;800142.5549999999;5830129.245;2
152953712#0;795726.135;5824354.155;1
-182620303;800490.375;5828600.745;1
-260589819;794861.285;5827724.76;4
4437121#0;792894.2849999999;5825365.529999999;1
-465382944#1;797201.765;5829144.45;1
-203910783#0;793824.65;5828690.71;3
129104626#0;796671.1499999999;5829615.95;2
30705170#0;798436.5;5825535.76;1
-168890013#2;792144.44;5826866.585;3
-4515856#1;791249.9099999999;5826799.645;2
-11406684;795380.6699999999;5825746.005000001;1
1057592357;799501.365;5825765.59;2
-991635257#0;800093.5049999999;5829987.45;2
-418130003#1;793536.4450000001;5829330.53;4
-1101083333#1;793539.075;5826225.67;3
-33685647#2;803079.605;5827051.475;3
4615786;801862.96;5828314.525;2
-203910783#2;794143.215;5828659.395;1
4615785;801744.2150000001;5828485.9350000005;1
-1052675177#0;799416.4;5829267.6;1
1116542013#0;796274.245;5826301.02;2
4436880#3;794794.425;5825555.98;1
4436880#0;794922.0700000001;5825615.275;1
-4491980#1;794406.255;5825736.43;2
-25184342#2;793572.975;5827154.73;6
980109812;797539.005;5825532.83;1
36920052#0;801988.8049999999;5826173.54;1
980109813;797439.6000000001;5825535.645;1
36920052#2;801887.27;5826214.245;1
-4437138#4;792506.685;5825283.495;3
4412932;796771.0;5827818.015;3
-169753576#0;797136.0049999999;5823157.245;1
-42675095;790534.24;5826207.96;1
52158841#5;798355.48;5824762.75;1
4685638#0;801765.0;5828941.25;1
-1092052417#0;797059.835;5822942.515000001;1
-1055112019;800365.15;5828174.005000001;2
-31619761;799214.995;5828755.1;2
-176621935;791225.9750000001;5826417.355;3
52158841#0;798105.45;5824828.435;2
-15977422;797941.89;5827901.08;1
-168894615#1;792267.435;5828120.095;4
763409032#4;794586.89;5824882.185;1
-168894615#0;792138.625;5828115.035;1
-969888436#3;793830.105;5823426.175;2
28496021#0;800463.935;5823630.54;1
-26071040#2;791577.315;5824825.79;1
-23720975#6;792515.37;5828261.6;1
-4531462;794555.55;5824960.325;2
-23720975#7;792580.2749999999;5828265.535;1
-1119470747;801536.47;5827476.91;2
-4375670#1;791388.425;5825473.7;1
-4375670#0;791257.87;5825376.765000001;8
-4618782#0;796695.97;5825913.785;1
4686032#0;802291.755;5825348.484999999;1
-4618782#1;796638.9750000001;5825731.715;3
1101060969;795269.025;5828236.02;1
708296762;799940.53;5827465.695;3
10996312#4;798189.17;5823961.84;1
-63013586;800450.78;5826192.484999999;3
708296766;799814.885;5827526.845;1
-55495482#0;796746.0700000001;5826930.505;2
-55495482#1;796896.615;5827001.220000001;2
-4517177;792676.0700000001;5827668.52;1
-27116161#2;793511.05;5825561.555;5
4782523#13;800187.5249999999;5829266.375;1
-4517175;792664.9550000001;5827854.4350000005;2
-959671528;797846.065;5824136.76;3
-23720975#2;792224.235;5828240.38;3
1101406088#0;794577.965;5828552.505;1
-168829866;802483.595;5827112.859999999;2
-4686498#2;799825.73;5826010.470000001;3
-346861805#2;792955.6699999999;5825454.055;6
-4611693#3;798353.97;5827509.355;3
-612748460#0;800148.44;5822996.48;1
-1110381758;793284.535;5827135.665;4
-11406674;795395.605;5825659.8;1
-1110381757;792803.505;5827148.859999999;3
-1055301407;800462.46;5828697.955;1
-48524869#0;794114.6599999999;5828015.365;3
737714165;800328.0;5823683.994999999;1
1126178778;795091.3999999999;5826436.3149999995;2
-1037693686#0;803250.565;5827771.955;2
340498976#1;798002.005;5827857.785;1
-4611693#0;798333.0549999999;5827597.175;1
340498976#2;798133.9450000001;5827899.29;2
-4495200#1;792062.27;5827501.890000001;1
490337222;791928.4299999999;5825230.385;1
335487065;796491.405;5826306.26;1
-152343391#0;795351.0549999999;5824822.93;3
-5174236#1;791038.815;5826408.7;2
-152343391#1;795446.75;5824831.28;1
386822749;794845.765;5825135.955;1
4539503;793570.6;5823808.115;3
318889288#0;794112.74;5825474.845;2
1101061468#0;795619.7150000001;5828186.475;2
959902764#1;800178.3200000001;5825023.2;1
-29545778;794276.015;5827767.1;1
-874517257#2;792619.905;5825013.1;1
-8149653;798561.975;5829770.795;1
-136814133;793075.37;5827676.52;3
-151571097;797191.235;5822706.855;1
1061889499;799909.61;5825577.175;1
1101138845#0;794383.785;5826083.300000001;4
160971198#0;796595.165;5826826.46;1
-8149663;799321.74;5829851.04;3
-751595929#2;798985.665;5827842.995;1
-24837129;791687.3200000001;5827774.26;1
-1102323795#0;791209.55;5827032.1;4
-4611907#3;798467.0349999999;5825093.72;3
-4410445;794336.12;5829292.01;2
-24837127;791975.23;5827666.609999999;3
30806886#0;795188.95;5827169.975;2
-240438957#0;796238.63;5825681.45;1
152343392#0;795514.19;5825127.1850000005;2
-112442378#2;792717.62;5825809.345;1
-1061707859#2;798729.905;5824996.77;1
-28658328#2;791823.2849999999;5825796.779999999;1
-28497262#2;796029.3200000001;5825263.73;1
-257244833;801885.665;5828198.845000001;1
-683513744#0;799824.13;5825306.234999999;3
-4410415;792299.7250000001;5828660.6850000005;12
404402497#0;800688.7250000001;5822943.87;1
-42998616#0;797361.25;5825798.765000001;2
-1083739216;803061.11;5826595.965;2
147684946;795174.9299999999;5826307.41;2
317871682#2;797609.915;5830841.9;5
-152264795;796532.995;5823718.93;6
-107747046;799739.865;5826784.645;3
-335462916;797274.8200000001;5827302.664999999;1
4686029;802384.78;5825585.85;4
-1102153967;797459.035;5828845.195;1
-4492396#1;794380.11;5824990.26;3
-172421119#0;798768.855;5826707.505;2
-137954786;799960.635;5828690.09;2
-30189015#0;793857.6499999999;5829137.0600000005;3
-151571090#0;796846.5549999999;5823399.965;2
152952349#7;795322.62;5824399.699999999;1
288767319;802089.075;5827999.215;1
-4492396#0;794393.0900000001;5825149.65;4
91569856;801335.755;5828823.05;2
-31586812#1;798277.9199999999;5830691.025;2
-24162142#0;802314.52;5823932.245;2
-831860725#2;798379.745;5827424.54;1
-4525863#1;796559.895;5824736.779999999;1
-147604951;799897.545;5826711.7;1
155069312#5;797401.425;5824891.220000001;3
4937325;791718.6399999999;5824717.5;2
1009799542#1;791482.71;5828221.68;4
1009799542#0;791522.1799999999;5828100.805;9
-127538487#0;803063.175;5827236.3100000005;2
-26808870;794632.8049999999;5824557.145;3
-4615063#5;800844.3049999999;5829257.609999999;2
-4615063#6;800906.87;5829219.005;1
-4615063#2;800459.64;5829499.66;1
-153150679#1;795474.175;5824133.585;2
-159555818;796789.435;5826283.305;1
-32977011#2;800025.875;5825934.545;1
1092055351#0;797292.7649999999;5823197.555;1
1092055351#2;797284.87;5823292.79;1
-785360431;800780.48;5825844.02;3
-8169170#1;799295.415;5830783.335000001;1
4597353#0;796129.73;5826515.025;1
146008738#0;798311.1799999999;5825420.71;1
146008738#1;798305.3999999999;5825351.75;1
386592869#0;797103.0549999999;5824739.98;1
-980371139#1;798750.635;5828783.295;1
-127538487#1;803133.7849999999;5827372.835;1
-1096664770;800517.715;5828005.8100000005;2
-392759408;801539.615;5826446.185;1
-1096664771;800667.0249999999;5827970.5600000005;1
-155397367;797677.0700000001;5824457.33;3
-4406361;796977.24;5824385.994999999;3
4597353#1;796245.23;5826489.970000001;2
-13222746#0;795053.565;5824830.71;2
-1105631676#0;792733.035;5824085.275;1
-13222746#1;795141.1699999999;5824736.225;4
-567604389;802900.46;5826564.5649999995;2
-338130658;802239.77;5826323.25;1
823947544#0;793206.065;5826087.029999999;2
-1081727207;801617.9299999999;5826606.195;1
-76212441;797011.29;5828086.76;2
-38587211#1;792922.495;5826265.525;1
82639450;799585.26;5828019.805;1
-38587211#0;792798.675;5826269.635;2
-851293902;801836.455;5824030.66;1
-1088469603;800549.3300000001;5825990.535;2
-375991056#1;794981.0900000001;5829110.975;1
-1055105774;800252.5800000001;5828097.0649999995;1
-840593692;800285.605;5825227.22;2
4446331;794103.13;5824093.92;1
65425835;799688.115;5826036.415;1
-1083745084;802405.0700000001;5827435.64;1
-593851965;795949.605;5823641.15;4
-747453201;792745.005;5826652.14;2
41954400#0;800043.0700000001;5830190.13;1
-881132960#2;800846.615;5823833.484999999;1
318889281#0;793554.575;5825459.815;1
299132392#0;800355.8;5828450.785;2
764644562#1;800826.935;5823446.01;6
4685762#0;801843.8049999999;5826457.605;5
-187651222#2;794516.7;5825140.64;1
-187651222#3;794490.9199999999;5824980.8100000005;1
-186220566;799447.8300000001;5825664.41;1
32880568#1;792774.015;5825489.04;2
-8084128#0;801860.1950000001;5829182.5600000005;4
-4597200;797260.9550000001;5829205.85;3
-4583366#1;795118.645;5824160.57;1
188308881#0;798233.7;5826032.705;1
-144129102;796538.615;5824859.915;1
-4597426#2;794990.51;5824767.074999999;2
-816324751;800758.595;5823897.02;2
-4597426#0;795039.605;5824706.535;1
1083487488#0;801783.225;5827779.98;3
-36844648;791958.89;5828446.96;3
25041940;796434.745;5826609.045;3
-4597206;797767.785;5828928.015000001;2
-4597202;797459.075;5829015.9350000005;2
-371927739#4;798668.155;5828720.845;1
-4583366#0;795092.935;5824278.895;2
988868964#0;800388.745;5826628.43;1
-217878977#0;793782.98;5827599.3149999995;1
-637452565;794334.54;5823584.95;3
76402288#0;794615.125;5828335.51;1
-461905067#2;796157.745;5826730.6;4
-16113660#2;799076.735;5825136.654999999;8
-1101405292#0;798018.615;5829532.85;1
-163379148#0;801196.4450000001;5822869.25;2
-1033701644;792202.975;5827400.985;2
-5110896#0;796882.87;5823122.21;2
-753558432;800819.25;5824179.98;3
-163379148#1;801046.89;5822828.925;6
-814842628;794307.6;5824309.16;3
-183982273#1;799551.765;5830186.390000001;3
-1105576713;796868.89;5830349.279999999;1
-183982273#0;799537.7;5829999.970000001;2
-4436884;792180.125;5825870.01;1
-1105576712;796671.275;5830254.745;2
-4389571#2;792017.03;5825578.855;1
169658772#0;794460.965;5827736.5600000005;2
-151571111;796879.6;5823450.85;1
205795121;794235.6699999999;5827007.75;5
-1107180844#2;795924.475;5825154.425000001;3
-168910685;795713.5349999999;5825661.324999999;1
-648467511;800919.755;5823547.91;1
-1057557985#3;798750.79;5824819.725;1
-4396420#2;791854.815;5825635.8149999995;1
-23809670;798511.5349999999;5828145.595000001;2
-4396420#5;791852.23;5825471.859999999;2
376269501#1;794519.1599999999;5829070.6;1
-218388490;801694.165;5823643.02;1
849540404;800106.39;5825409.795;1
169195795#1;798094.31;5827659.779999999;1
374734389#0;797597.105;5828421.505000001;1
-168935756#2;797583.935;5827268.970000001;2
-558470687;801869.29;5823986.715;1
-4389571#0;791713.04;5825552.609999999;4
991644834;795098.315;5825632.92;1
-4495208;792016.62;5826796.105;2
-4631474;798841.7749999999;5830902.99;8
-4631475;798681.84;5830929.6899999995;2
-593851922;802731.115;5827231.02;1
-4597231;797835.165;5829815.725;1
-4631473;798961.13;5831004.32;2
-1108161481;793829.8500000001;5827810.53;1
-689406332#2;793287.895;5827816.93;2
-845476765#1;800312.02;5825099.52;3
-845476765#0;800459.335;5825136.234999999;1
-632065761;797933.58;5826377.96;3
-25759600#0;792930.585;5828459.655;7
-593851923;802275.175;5827321.505;5
997788465#0;800223.28;5824618.33;1
-503096340;793864.5700000001;5827138.654999999;2
-1105626008#2;792516.8500000001;5825772.535;6
25558788#2;799223.4099999999;5829625.92;6
1080228840;794530.625;5828141.225;1
-605022051;792472.655;5827610.58;4
-517871369#2;797092.87;5829270.6850000005;1
203884042#0;801907.375;5828371.404999999;1
-4484085#0;791809.56;5828722.225;1
-4484085#1;791742.615;5828703.655;1
823947550#0;792147.2949999999;5826108.51;2
-1079440909#2;800027.84;5826308.745;2
-1120360217;801918.665;5824812.365;1
8097777#0;793198.485;5824591.08;2
-278354657#1;798329.39;5824087.215;2
-690429978;798762.77;5829628.49;3
4413752#0;792456.3500000001;5824196.155;1
-4597252;798063.235;5829818.015000001;3
-4611907#0;798436.53;5824873.225;2
1123020832;798931.155;5825306.48;1
-875860588#0;799224.24;5830739.99;2
-1123729634;799276.2250000001;5830561.24;2
-4495273#2;791585.74;5825301.05;5
58262658;794722.38;5823465.4;1
-23075530;796959.635;5830461.725;3
823947563#1;792826.025;5826102.550000001;1
-4789055;802037.22;5828398.074999999;1
-867018817;799803.395;5825380.1899999995;2
-151526149#1;794520.335;5825937.575;3
446902669;792536.0700000001;5825433.13;1
-4583113#3;794714.26;5823694.720000001;1
-62170954#2;802644.03;5825899.995;2
-80706109#2;798278.7350000001;5824516.715;1
-4583113#2;794601.285;5823629.035;2
-4396816#2;795564.375;5829439.525;5
-25968134;801276.155;5823175.904999999;5
-4396816#5;795776.7150000001;5829083.38;17
-4396816#6;795918.4299999999;5828843.385;7
-4396816#7;795980.57;5828738.12;1
-4631449;799384.345;5830497.52;5
-151128634;802301.0900000001;5828226.475;1
-23453218;795979.1799999999;5824303.095;1
-1116978112;792558.645;5826470.08;2
-4531424;794432.21;5825332.54;1
-41894247#2;800745.63;5823749.055;1
-967690964;801948.96;5823310.32;2
881902285;802458.7949999999;5827700.23;2
-4377781#2;793313.425;5826282.0;1
169738739#0;799201.6950000001;5825620.57;5
29239824;800918.9450000001;5828516.58;4
-66071383#6;798805.825;5826077.37;2
-4543406;793431.63;5828372.98;4
-4517116;791773.31;5827613.59;1
-66071383#2;798615.725;5825633.86;1
-66071383#3;798707.06;5825853.045;8
-1001886268#2;796588.4650000001;5823913.699999999;3
-628750424;797282.6699999999;5823586.244999999;1
-1102675941;794137.365;5824949.9350000005;3
154043349;796520.885;5827963.005;2
-1102675943;793552.7849999999;5824887.045;1
-24666391#2;795720.55;5824254.35;2
-156314744;797812.63;5824441.125;2
-4597324#1;797226.6000000001;5827032.675;1
-1055085509;801576.485;5827245.035;7
-1119477171#2;797577.005;5824167.925;5
-4410537#1;794150.1100000001;5827560.79;1
296599839;799985.6799999999;5828518.185;1
-1101189360;791616.4450000001;5825764.74;6
-4490367;793984.01;5827719.235;2
328426251;799271.705;5827204.800000001;1
375311154#0;798345.215;5826952.640000001;1
4525719#0;794954.755;5824851.96;2
102773708#0;802077.165;5827232.9;2
127231792#0;795449.8300000001;5825556.15;1
-875619207#3;798727.4199999999;5831015.25;1
-4741943;800605.82;5827132.32;1
-176031315;799843.755;5827200.66;2
-367256836#2;794005.8500000001;5825771.515000001;1
-493008121;798493.45;5828622.825;1
-4611885;797411.13;5825177.13;2
-4611886;796897.12;5826322.82;2
-176031319;795420.395;5827491.02;1
-4377141#3;794327.395;5827180.085;3
-4377141#2;794414.565;5827316.445;2
-4377141#1;794516.72;5827451.12;1
112442433#1;792712.27;5825641.54;1
4525719#9;794945.9450000001;5824412.635;1
-4611898;797974.0900000001;5825074.6;2
-1100903092;797366.8999999999;5828719.705;3
-991635258;800393.01;5829841.805;1
4540653#0;794455.5700000001;5827704.675;1
-4611891;797781.695;5825363.43;1
4399567#0;794438.7;5827580.08;1
155070193#0;797682.6100000001;5824963.86;6
-374621842#2;796712.26;5829712.225;1
1113112107#0;793796.985;5825843.075;1
-1117691909;793110.2050000001;5823920.17;4
-4611895;798090.985;5825329.085000001;2
362325194;794602.7350000001;5824768.945;1
40641234;800638.53;5828551.02;1
-900014245#3;798635.765;5826398.995;3
-25219763;792697.5;5828274.855;1
-34956511#0;796691.9750000001;5829860.055;2
1101189111#1;791389.6799999999;5825048.654999999;1
-34956511#1;796811.525;5829992.02;4
27943548#2;800555.9550000001;5824440.050000001;1
-746642315;799010.935;5826594.72;2
-184429424#2;799552.0449999999;5829477.109999999;1
206170868#0;795181.905;5826878.355;8
1083226637#1;800337.6000000001;5827689.485;2
-1039414460;792121.19;5825588.33;2
282181784;800565.4450000001;5827894.755;1
421557801#0;801717.49;5826268.59;1
-666317537#1;798306.71;5823955.265000001;1
316092515;799432.575;5828069.3149999995;1
-1083536965#2;801981.005;5828498.525;1
-176031304;799819.1;5826987.72;2
-4597039#0;797387.145;5830188.654999999;2
-29054704;800046.53;5828394.98;1
-334696689#0;796602.64;5824843.13;1
188283090#0;800048.36;5829029.970000001;1
8005347#0;798842.215;5825067.745;1
-1076056354;799813.16;5827886.26;4
-4597039#2;797722.97;5830392.495;5
-4597039#1;797539.29;5830282.13;1
-1107180839#1;795213.3200000001;5825205.640000001;2
-42346818;794083.3999999999;5824356.375;1
-1083722301;802795.1;5827772.3;2
-4892704;799774.4450000001;5825180.3100000005;2
1102154076;797580.36;5828503.265000001;1
-203910777#0;793352.51;5829058.4350000005;3
-183930096#1;802364.84;5827144.7;1
-203910777#1;793444.605;5829092.945;1
374621844#0;796357.25;5830055.55;1
-103258836;792083.555;5825440.04;4
-970227076#0;802286.78;5823107.27;1
-9188883;801957.225;5823921.8;1
-15388188;796391.78;5825310.705;3
-1101407425#0;795107.065;5828777.075;1
154381207;800210.84;5826500.275;2
-9188886;801824.89;5824558.9;1
-272870881#2;795693.865;5828106.675;1
-1101405300;798134.94;5829525.43;1
-881927663#2;802566.55;5827927.5;4
-4490389;793130.51;5825498.48;3
-1101405167#1;798275.835;5829503.59;3
1101406285#2;795290.9550000001;5824385.22;1
-172920331;797661.92;5830261.1899999995;3
-24684997;798689.295;5829218.83;4
-28402260#1;797599.435;5826467.8100000005;2
-1081624486#2;802366.735;5826282.54;2
442222166#0;799161.395;5830324.035;1
-106652862;791682.815;5826919.279999999;2
4618713#0;795647.02;5825460.96;2
-146911396;802499.165;5828431.525;1
37426338;791956.27;5828165.85;1
-172219122;800986.8300000001;5825146.33;1
-23386522#0;799854.46;5828060.545;5
-12307239;796270.075;5824100.08;2
-856982229;801591.44;5824809.83;1
-24514939;795313.275;5825075.300000001;1
-508410319;798373.7849999999;5826846.92;1
-1056122499#2;791878.39;5824733.51;3
-8084132#8;802110.1699999999;5828497.755;1
-508410318;798340.53;5826791.595;2
148709865#2;799167.895;5830795.9399999995;1
148709865#0;799156.9550000001;5830509.63;2
-8084132#2;802004.5349999999;5828714.1;3
-4693531#2;794771.675;5824078.640000001;1
1119962237#0;792203.2549999999;5826951.165;2
-172408621#2;793358.2749999999;5827898.99;1
-1113111988;793921.4650000001;5825678.09;3
-73310499#0;798340.515;5828640.0649999995;1
-1110415989#1;795898.855;5825580.25;1
-1110415989#0;795884.495;5825472.42;2
61423390;794012.26;5824230.405;2
-41926994;799110.775;5829128.23;1
-35040375;798478.9450000001;5830025.295;1
541295978#0;797623.06;5828283.970000001;1
4618713#4;795931.025;5825374.140000001;3
23026127#0;800460.37;5824494.255000001;1
-1083722299;802896.52;5827774.695;2
-28497108#4;793542.615;5828248.9;4
-856982248;801747.9550000001;5824890.465;2
-4603408;797771.32;5830871.16;3
-180331460#1;798987.2;5829161.415;1
-180331460#0;798878.165;5829205.24;1
26506567#0;799829.03;5828594.925;1
-4410956#0;794341.95;5827996.835;1
156341117;795317.0449999999;5827383.635;8
-1101071971;792533.46;5826186.09;2
-4583371#1;795319.1799999999;5824258.475;2
-4613294#1;799001.63;5828784.635;1
-4583371#2;795417.925;5824279.665;1
32909782#0;792493.775;5826708.35;2
-355333454#1;801753.63;5825092.085;1
32909782#4;792677.1100000001;5826739.19;1
-4583371#3;795496.6;5824297.735;1
-175567664;796902.7;5829192.77;3
-860151161#0;801664.4099999999;5824347.005;1
-860151161#3;801426.48;5824625.095000001;3
-172425896#2;800187.8400000001;5825595.4399999995;2
-27717037;791665.62;5828617.63;1
-1055187502;797892.53;5830646.165;3
-1055187501;798001.39;5830446.6850000005;1
47016365#0;799453.94;5828364.545;3
-1055187506;797751.2050000001;5830119.16;1
148565635#0;793994.015;5823555.72;1
1002151924;800813.06;5824040.33;1
-1055187505;797712.385;5829998.4350000005;2
-1055187503;797892.3;5830098.205;3
-5096649#1;801315.215;5826644.705;1
-5096649#0;801377.1599999999;5826613.805;1
1101404246#0;799539.56;5828764.3100000005;1
-1101403629;801999.915;5828965.39;1
-28251488;799942.3500000001;5825246.775;2
-1054785327;799775.1399999999;5829942.07;2
310172803#0;802622.145;5827694.205;1
-4396419;791958.62;5825450.98;4
-824496040;801537.585;5822654.08;1
151527798#0;793925.495;5825834.225;1
-1054785328;799763.935;5830059.045;2
-28536387;801843.81;5828836.095000001;1
-4540288;794270.815;5829216.055;1
-79426218#2;801205.87;5824176.275;2
-153698391;796751.01;5828199.95;3
-182669262#0;791548.875;5827218.6;1
-4607069#4;796002.2849999999;5826114.66;4
-4540281;792775.19;5828725.83;3
-4588222;797707.34;5827141.16;5
-182669262#3;791682.935;5827239.6899999995;1
-848060090;802192.3200000001;5823957.109999999;3
1072598895#0;800715.97;5826943.640000001;3
-848060086;802296.5800000001;5824104.404999999;3
-848060089;801833.22;5824222.565;3
-403736236;791991.64;5826996.675000001;1
-403736238;792064.62;5826932.54;1
-4588215;797103.88;5826880.555;2
-370361653#1;798318.9299999999;5830120.34;1
-370361653#0;798369.61;5830147.62;1
-370361653#2;798242.175;5830079.21;1
-4588219;797692.3400000001;5827236.665;2
-4372494;791326.71;5825230.17;5
1101405488#0;795329.3200000001;5828533.32;2
-38208961;798768.25;5827672.845000001;1
-32909625;792856.02;5825994.390000001;1
-38168757#2;792940.4099999999;5825199.965;1
-4371002#2;793498.9650000001;5825330.955;7
1008899214;802481.9299999999;5827874.645;2
184941003#2;800464.46;5830217.73;1
-38168757#9;792898.38;5824842.295;1
-1123151415;799072.5549999999;5828390.46;1
-38168757#8;792913.54;5824970.699999999;1
-137499661;792923.495;5823697.895;3
-195337820#1;800296.6499999999;5825831.6;4
-1036530810#1;798507.4299999999;5826144.075;2
-211795080;799659.37;5829992.39;4
160971191#0;796623.46;5826718.5600000005;2
490326855#0;791687.3500000001;5825140.3149999995;1
-4612395;798524.9199999999;5825735.705;2
-1101405389#1;797955.53;5829922.585;1
318665540#0;797773.635;5823750.465;3
4410427#3;792235.395;5826778.45;2
-25418285#3;793338.3049999999;5825422.4;1
-25418285#0;793444.065;5825437.905;1
281095764;800474.98;5828315.665;2
-462346349;800927.825;5829322.24;1
-4611906#2;798501.485;5824962.545;2
-297373653#2;798180.2;5829179.805;1
-4611906#1;798378.45;5824977.779999999;3
-1107927492;802910.665;5826864.744999999;1
-356359316#1;797284.27;5826771.395;5
-4615467;801146.325;5829258.5;13
-32911678#4;795583.5349999999;5829263.425;1
-297059850;801265.965;5823336.6850000005;1
-32911678#3;795378.1799999999;5829143.699999999;5
-32911678#2;795185.1799999999;5829031.119999999;3
-851436061;798764.105;5824005.645;2
-851436055;799197.895;5824385.7;5
-1105626007#5;792906.455;5825759.26;1
4442085;794024.67;5823760.65;1
-648467510#2;801348.785;5823786.71;2
1077209078#0;795857.0900000001;5828280.225;2
-42507101#0;794433.23;5823853.895;3
-4495207#2;791883.335;5826850.035;1
-380451748#4;795568.85;5823785.97;2
-380451748#7;795657.885;5823686.47;1
-851436048;799166.4450000001;5824049.36;11
-203912354#2;793100.61;5828963.995;15
-1101064736#1;792048.395;5828745.82;10
85127875;793933.19;5825201.975;1
-563341822;801173.31;5823615.925;1
1116542249#1;795718.74;5826350.835;1
465376252;797571.205;5828558.59;1
-157717100;798212.48;5824155.220000001;2
-283919155;801227.8400000001;5827651.17;1
-1104991648;800190.875;5830237.775;4
-4525864#2;796640.38;5824593.245;1
-69992969;802260.1799999999;5824839.84;1
-176213810;795600.0800000001;5823617.675000001;1
-4525864#0;796504.4199999999;5824636.029999999;4
459346123#0;791758.625;5827194.365;1
-4400974;793161.48;5827762.975;1
-4583401;794869.255;5825059.585;1
-27095671#1;801020.165;5828095.05;1
-260589818#3;794919.935;5827845.619999999;6
68084763#3;799817.665;5825699.484999999;1
-27095671#0;800980.79;5827947.4;1
-12770231;797003.36;5825855.8100000005;1
85127864;794036.9099999999;5823802.435;1
-4790879;798894.605;5828881.75;2
48859719;796330.055;5828490.390000001;8
-8149654#7;798984.655;5829572.04;1
48859717;796586.5549999999;5826731.17;9
48859716;796451.3500000001;5827686.54;2
929582490#0;794436.625;5827042.47;1
-291696979#1;796973.135;5828925.73;1
-8149654#4;799082.78;5829516.385;1
-1057179327#2;797984.345;5826473.359999999;1
-1107965741;800724.865;5827959.965;1
-84793968#3;792021.915;5824726.6;1
48859721;796411.94;5827690.855;9
-84793968#4;792103.51;5824684.135;1
-195104960;797299.73;5827949.355;2
-69992971;801703.645;5825204.755000001;2
138618795#0;792972.505;5824409.875;1
-4540291#0;794422.11;5828972.52;2
-4540291#2;794447.0;5828570.805;2
-4540291#1;794436.485;5828739.165;1
-851506423#0;798569.165;5824513.8;1
-563341815;798636.775;5826773.74;1
-563341816;797427.845;5825962.3100000005;1
-4611900;798265.575;5825119.51;3
-1125508320;800945.97;5827204.075;1
-66071366#1;798243.5900000001;5827428.99;1
151571094#0;797329.7549999999;5823078.220000001;3
-4827498#2;800894.23;5822668.58;2
-66071366#0;798118.435;5827408.215;4
151571094#7;797698.48;5822682.845000001;1
-7917219;797539.645;5828464.42;2
-62241003#2;795838.095;5825670.359999999;1
-4611908;798544.3200000001;5824851.470000001;2
25418074#0;796461.28;5824876.995;1
-174172052;796670.315;5830612.745;3
4475559#4;797763.475;5824664.125;1
-367355785;796228.855;5825020.305;1
4475559#0;797794.78;5824818.005;2
281095736;800447.96;5828136.715;2
785350818;801646.95;5822809.3149999995;1
-25258502;799286.54;5827249.359999999;1
-437325047#0;798215.04;5828415.28;6
-4699695#1;796919.835;5822679.545;1
-4699695#3;797096.4299999999;5822607.25;1
-72667401;791751.28;5827720.53;3
-279465695;801380.71;5823603.175;1
-184077630#0;799361.1200000001;5829489.295;4
-184077630#1;799463.2450000001;5829660.41;3
100405009#0;799371.055;5828399.665;3
-375459782;798033.7949999999;5826991.105;2
-331595238;795443.73;5827649.275;3
329869879#0;798154.2749999999;5825288.640000001;5
-603897822#0;795107.53;5823878.425;2
-184873899;801720.48;5825434.805;1
283283195#0;800326.5249999999;5827974.9;1
-1102685350;793243.125;5826202.215;1
-60333314;797009.97;5828228.885;2
-4615496;800101.49;5828209.29;2
1083226575;800320.635;5827717.5;1
-1024494624;801691.19;5828596.46;1
25185007#0;793244.345;5826781.525;1
-176621902#2;795581.5700000001;5823700.725;2
-183497785#2;799844.1000000001;5825775.545;1
-980461490#0;801597.825;5824086.9350000005;2
32909627#1;792595.45;5826102.32;1
4442098;793999.355;5824184.12;1
-1101010199;794306.6399999999;5828154.865;1
-4615062#2;800660.06;5829221.904999999;3
-4615062#0;800387.7;5829383.515;1
111325188;797176.99;5823745.245;3
-4615062#1;800528.325;5829299.57;2
289966845;799406.2150000001;5828006.25;1
-8590558;793644.3;5823682.52;12
-36739045#0;802012.4450000001;5824090.140000001;2
188865518#0;800543.08;5825798.25;2
-24214516;802142.31;5825484.29;8
-1101010197;794265.53;5828044.975;1
150542057#0;794958.5900000001;5824252.2;1
-1101010198;794200.675;5828119.32;1
4442095;794011.925;5824187.075;1
150542057#2;794967.395;5824128.515000001;1
1101407865#0;794553.815;5828896.88;3
-4492371#1;794244.155;5825276.415;1
4442092;794023.8999999999;5824002.38;1
