link;x;y;drtVehicles
-4685952#2;802529.3400000001;5826195.335000001;1
840977574#1;799633.73;5825183.390000001;1
-6182767#2;796858.445;5829718.26;2
-310177222#2;799500.71;5827888.0600000005;1
-4446720#0;791570.7350000001;5828146.3100000005;1
-120853583#3;799826.46;5830304.155;2
-861068542;801076.2849999999;5822714.375;2
-98850969;800628.115;5826040.51;1
-400740387#0;800112.55;5823360.18;3
-127538488;802872.8049999999;5826627.26;1
-687428747;794504.62;5825579.07;1
-66514471#2;800144.98;5825798.904999999;1
698150951;799467.515;5824524.869999999;2
-4449362#2;792993.19;5824213.32;1
-4615075;800326.5;5830170.0;1
-4583380;794607.8049999999;5824446.615;1
-4581765#0;794915.47;5828925.895;5
-25205078#7;794239.045;5823924.0649999995;1
627460043#0;793320.575;5826869.625;1
172425925#0;800595.375;5825707.18;1
-37776178;801351.605;5824758.529999999;1
-690322561;797534.24;5827683.465;1
-665241888;797738.185;5826945.26;1
728299830;796430.765;5826594.635;1
-1097989450;792784.665;5828107.83;3
-645054947;801628.5;5823321.115;1
1108013699;800661.37;5828296.0;4
823947560#0;791895.0700000001;5826110.11;1
-188866873#2;801373.0249999999;5826107.255;1
-66514425;800680.685;5826399.27;1
-27989797#0;801512.24;5824937.9399999995;1
-4410152;795886.55;5828390.720000001;5
-28281159;799342.075;5830197.38;1
-4631543;799651.74;5830404.140000001;1
-128636794;801915.725;5827912.109999999;1
-4615065#1;800557.29;5829497.52;2
-153372178;795007.06;5826510.82;1
-4615065#2;800495.12;5829397.1;1
154041918#0;796974.665;5827197.335;5
-4615065#0;800611.29;5829583.545;1
4591809;797881.865;5823868.125;2
-180442271;801452.425;5825282.58;1
-73310501#3;798183.7949999999;5828989.2;2
32489388#0;800446.815;5822492.13;1
-671026861#1;800173.56;5829004.279999999;1
-73310501#0;798059.745;5828931.28;2
819028431#0;800412.01;5829994.34;1
-1056629317;792632.65;5826268.07;1
1101819502;799497.15;5825498.890000001;3
1100784730#0;792329.6;5826116.895;1
-4383283#0;796902.3;5828795.720000001;4
1113400543#3;793310.74;5826704.34;1
-1101009908;794338.335;5828257.470000001;2
-1101405554#1;794715.11;5828650.46;3
-927044480#2;799262.365;5826085.38;2
-43115509#1;802304.4850000001;5828423.5;1
24677767#0;795645.2;5828206.005;1
-51069314;802393.3999999999;5827679.640000001;1
-1124627670#0;796726.6799999999;5826515.035;1
-4494959#2;793705.97;5824884.300000001;1
4612868;799736.0;5826211.824999999;1
-4615030#1;800406.815;5829911.875;3
-4535206#0;794114.9299999999;5823690.744999999;1
24214090#1;797258.81;5826319.195;1
-81113584#2;797856.71;5826851.050000001;1
527714921#0;796940.835;5827592.1;1
-106277650#5;802451.825;5826289.37;1
-4615030#0;800118.75;5830051.925000001;1
520627744#0;793278.405;5824604.92;2
155605339;800276.995;5823194.6899999995;1
508614988#1;795623.06;5823930.595;2
-42156202;799071.47;5830048.449999999;1
-975440489;802011.12;5825741.67;6
-4583363;794742.645;5824024.220000001;1
151571095#0;797689.465;5823936.52;1
-25121300;796288.8;5826019.24;2
172425903#0;800025.965;5825734.335;1
329869880#0;798416.37;5825256.465;1
-60333317#0;797023.4199999999;5828271.105;1
-1083729262;802615.365;5828119.18;1
-814840409#0;794057.0900000001;5824451.25;3
431664597#0;795888.205;5829550.755000001;1
270699937;800838.21;5827827.05;1
-172920329#2;798045.62;5829973.475;1
-370648471;799536.265;5826119.59;2
-28935244;801209.29;5828361.0649999995;2
-4612752#0;799040.69;5825825.35;1
754366713#0;794909.14;5824915.68;1
188491275#0;795018.905;5825943.39;1
-881155244#0;802016.235;5823708.84;2
-531912129;793809.04;5827282.3;1
-881155244#1;802191.1;5823584.415;1
-365020880#0;801127.415;5822516.66;1
-1024034686#0;799005.515;5828645.5600000005;1
-30829918;801143.245;5824951.4;1
-4615068;800704.105;5829718.43;2
335487071#0;796712.355;5826101.785;1
-4615067;800984.46;5829581.6850000005;1
-4610608;798640.8200000001;5827367.055;4
-1110388548#4;795917.0349999999;5826040.285;3
4615457#0;801566.19;5828837.615;1
-840875333#0;799784.6699999999;5824861.555;1
-610848017;792749.26;5826901.595000001;3
60333313;799066.525;5827604.244999999;1
-4540284#0;793709.28;5828408.43;1
-1107180834#1;795232.555;5825002.405;1
562077314#0;799199.185;5825623.455;1
-4540284#1;793694.965;5828246.95;2
-728132451;797301.51;5830466.635;7
-25042806;797524.395;5826662.585000001;1
-32674177;794725.505;5825084.42;1
-1105631679#3;794564.88;5825044.234999999;2
-4790825#2;799167.13;5828292.3100000005;1
-849599089#3;800617.515;5823129.34;1
52578335#0;793075.2050000001;5826936.005;1
-278014798#3;797642.16;5829229.665;1
-316749677#2;802931.55;5826904.615;1
-312645512#2;798488.75;5829079.57;1
-257430450;794761.4550000001;5827652.390000001;1
-176043804;797207.9099999999;5828705.705;2
37774389#0;800564.45;5825791.779999999;2
-66071383#11;798885.785;5826248.42;1
34059286#0;797976.185;5825495.984999999;2
-417687019#3;795261.745;5828784.54;1
-814842898#1;794403.005;5824262.71;2
865069698;802244.3200000001;5823322.41;1
-4603721#5;791795.495;5827968.6850000005;5
-71282503;795854.8300000001;5824088.92;1
-32880449#2;792510.22;5825064.515000001;3
172536702#0;793534.3300000001;5828513.415;1
-1094233981;800781.095;5830017.380000001;2
-52104495;796282.7949999999;5823057.27;3
139350149#0;800566.435;5825707.665;2
-169205656;802319.79;5824333.025;1
-1097482025;802342.26;5826834.955;1
-46138135;798408.915;5829209.325;2
777325761;801353.185;5823306.16;1
-1027369591#1;802195.675;5823416.17;1
310172798#0;802553.53;5827694.205;1
-919741394;793931.5249999999;5827291.895;1
-4686109#0;801289.095;5825725.4399999995;1
-4686109#1;801381.9099999999;5825913.98;1
-1101009910;794447.155;5828185.115;4
-1103300964#0;798672.9199999999;5828610.46;2
28658321#0;791122.6950000001;5827439.055;4
-25999940#0;795411.245;5826441.17;1
4526202#0;797754.19;5824078.625;1
1057528473#0;797418.565;5826138.154999999;1
-183216297;795651.25;5825269.515000001;1
-257432924#0;795646.7150000001;5827829.09;8
-4389452;791107.5249999999;5825219.24;1
-4410412#0;792678.185;5828806.785;2
-4410412#1;792832.775;5828864.18;2
-4436890#2;792254.38;5825774.575;2
19183061#0;792044.605;5828228.495;1
-679018417#0;791177.065;5825124.404999999;1
-4588075#1;798475.31;5824371.225;1
-4588075#2;798480.165;5824462.98;3
312651884#5;798638.625;5829063.335;1
131336286;800656.085;5822538.965;5
146008695#0;797862.9099999999;5825568.88;1
-4603414#2;798363.46;5830340.41;4
-4540297#1;793315.245;5828703.029999999;4
-975447074;801029.675;5826349.5;1
-856043392;800338.65;5825645.805;2
-4492011#2;793800.6599999999;5825174.4399999995;1
-22701544;799691.3999999999;5825377.765;1
-1056617371;792335.97;5826256.6899999995;1
940056668#3;799896.175;5829891.36;1
-100832885#2;801187.645;5825629.18;1
-100832885#1;801107.4750000001;5825665.655;2
-100832885#5;801596.3300000001;5825440.615;1
940056668#0;799836.94;5829688.905;1
901165869;794370.735;5827535.17;1
-1108013693;800528.79;5828194.74;1
840300461;798323.5449999999;5825438.95;1
-517871368#2;797177.275;5829172.79;1
-856142942#2;800646.3899999999;5825295.025;1
-100832885#0;800928.0549999999;5825753.695;1
333526814#0;800476.2949999999;5828427.895;1
-4397269#0;795139.105;5828601.8100000005;1
-184941003#1;800483.635;5830208.6;2
-184941003#0;800444.025;5830219.58;1
116432821;797206.195;5823631.915;1
-4611714#2;798539.095;5827092.555;1
-186359816#0;797396.255;5823193.5600000005;2
532727925#0;796702.68;5827428.55;2
490351862#0;793360.3400000001;5825671.16;1
-155605308;801583.655;5823275.785;1
-270731299;800952.695;5827613.505;1
-155605312#0;802045.635;5824828.390000001;1
-4612871;799307.8200000001;5826887.885;3
-155605312#1;801917.755;5824943.725;1
-25036025#5;797516.31;5824856.35;1
-848132796;802096.675;5824249.285;2
-4612875;800038.235;5827089.785;2
-4612876;799626.18;5826690.49;2
-1051639965;803043.27;5827397.365;1
-4611869#4;796903.755;5826039.15;1
-4381554#1;793815.3899999999;5826708.359999999;2
-378331294;796581.8600000001;5830352.6899999995;2
-1051639963;803201.1;5827528.3100000005;3
-1057635874#0;800869.275;5828061.85;6
-1000835689;801224.725;5822751.6;1
-145933306#9;792328.5249999999;5825550.71;2
-4490375#2;791588.5349999999;5826229.005000001;1
-53257010;797525.83;5829138.195;2
-374734384#0;797396.745;5828917.895;1
-963165523;797456.365;5829514.93;5
153151592#0;795411.835;5825851.665;1
-1124597627;795240.1499999999;5826203.27;1
-714512465;796263.4099999999;5823356.625;4
287764737#0;799988.0249999999;5828104.8100000005;1
-1100787596;792837.075;5825440.17;1
-110450332;796007.855;5824756.075;6
-23752644#2;797593.3049999999;5824572.529999999;3
-4782581;800380.04;5826456.66;1
-4083461;794630.395;5828021.865;3
-764003855;800942.89;5823956.515000001;1
150928841#0;794025.145;5825486.23;1
-1092669588;792409.33;5824744.345;1
-240959635#2;796350.435;5823292.359999999;1
-1100787594;792210.865;5825226.645;1
-26299675#0;800657.81;5829495.119999999;2
-38912785#1;797195.1699999999;5827508.779999999;1
23852053;798416.85;5828313.58;2
-1106648813;795127.9099999999;5829387.75;1
108488061#1;798597.175;5826894.1899999995;1
-1083532798#2;801675.925;5828222.625;4
-1076055688#1;799898.76;5827871.89;1
-1076055688#0;799943.755;5827976.55;2
-1105574288;798247.8400000001;5826726.595;2
816324772#2;800184.015;5824407.3100000005;2
-1124991843#1;798933.78;5826106.67;2
-1028143971#0;797498.4199999999;5830166.984999999;2
-722137842;796155.505;5829884.135;6
27149060;793382.285;5823830.199999999;1
-803210484;797827.0800000001;5829359.82;1
-10098785#2;793626.8200000001;5824478.48;1
-612748462#1;800292.8;5822926.43;2
13707384;795869.4450000001;5823862.42;1
-180541162;798140.3200000001;5830349.65;1
-10098785#8;793908.3200000001;5824453.165;1
70665909;803104.6200000001;5828008.4399999995;1
1126170612#0;797454.6200000001;5825587.4350000005;1
-1052758514#0;798937.41;5829128.109999999;2
-155605327;800157.135;5823189.36;2
-4471283#2;792011.865;5827334.0600000005;1
-182052618#2;802580.0900000001;5826038.355;4
-155605334;801023.195;5823575.73;1
-63124377#2;798978.0700000001;5826387.15;1
-172425895#2;800103.62;5825694.8;2
-155605333;802686.525;5826125.52;2
-120948266;800026.065;5829222.66;2
-874528353#2;797659.6000000001;5827433.109999999;3
-4540279;792810.21;5828358.715;1
-30137421#2;792127.66;5825988.26;1
-39839079;801137.515;5825081.515000001;3
-161754093#4;799420.7350000001;5830680.245;2
23809678#0;798772.005;5828534.925000001;3
-120948267;800334.81;5829781.1;3
-27168531;797859.7649999999;5823859.8149999995;1
-161754093#0;799643.6000000001;5830547.335;2
-795574342;801266.7949999999;5822825.01;1
-156132842;796598.405;5826096.609999999;4
-1101907785;802823.105;5826597.87;2
997185166#3;795283.425;5825560.98;1
-4471968;792587.675;5828507.235;6
188044903#0;799561.55;5828233.805;1
23507539#2;797423.345;5823701.18;2
23507539#1;797373.345;5823621.43;1
428661761;791768.54;5827487.16;1
344668624;798647.21;5825071.825;1
4618781#0;796113.27;5825568.41;1
23507539#7;797586.62;5823870.005;1
-851552629;798944.215;5824803.0649999995;5
-75066614;800574.355;5825568.32;1
490337223#0;791871.98;5825209.715;1
-106368290;792940.27;5823461.895;2
-1111982484;797875.6499999999;5827537.245;2
-32879634#8;794625.03;5823914.205;1
-32139375#1;800876.845;5823134.84;1
-1110415991;796479.8600000001;5825648.985;2
-1056615867#1;791661.675;5826322.95;1
-879059806;793972.175;5828317.890000001;1
-367277636#1;796193.925;5825445.255;1
-32139375#0;800800.31;5823159.045;1
-1056615867#0;791602.535;5826466.535;1
455958129;798999.675;5826585.115;1
4710474;797308.095;5822962.875;1
-1102675580#0;795322.2150000001;5824969.67;1
-53542202#0;796589.745;5830122.890000001;2
4741948#0;800475.71;5827108.845000001;2
-53542202#1;796457.875;5830102.955;1
-19064220#4;801417.08;5825797.205;1
-268561900;802481.9550000001;5826419.609999999;7
-4612410#0;798923.5349999999;5826948.97;2
-19064220#3;801311.54;5825862.619999999;1
-849565607;801534.485;5825249.33;2
461526150;796377.5549999999;5828578.43;1
187111590#0;799589.115;5828314.055;1
-1119479734;801725.7949999999;5827038.595000001;1
-9188880#1;801488.42;5824413.27;1
-403736227#1;791903.865;5827136.125;1
-840566796;801339.785;5823725.675;1
416859130;800423.375;5824300.4;1
-74868383;796300.09;5829077.6899999995;2
291696980#0;796886.49;5828877.720000001;1
-203910789#6;794288.605;5828852.380000001;1
-203910789#3;793853.12;5828893.09;1
-203910789#7;794384.54;5828843.455;1
-881927662#0;802729.315;5827890.65;2
-1101403588#1;801807.55;5829078.0600000005;2
-50481674#3;793436.705;5827460.015000001;2
-335462874#2;797351.7;5827380.21;2
312654701#1;798917.54;5829020.39;1
4615466;800277.185;5828430.93;1
-50481674#0;793538.905;5827708.695;2
-4491645#2;792957.01;5826704.86;1
-4612416;799297.69;5826994.175;1
-879462302;798071.9;5826348.109999999;2
-13232333;801346.1599999999;5825333.8149999995;1
186216342#3;801008.3200000001;5823766.135;1
186216342#2;800834.69;5823716.195;2
-84960597;798646.745;5828485.390000001;1
186216342#1;800737.03;5823687.535;1
-4588079#0;798394.47;5824233.505;3
-4588079#1;798627.3;5824234.54;8
-816236485#0;800750.385;5823101.365;1
-4612412;798831.3999999999;5826889.145;1
-1112121581;792558.855;5825529.015;2
-730191117;795471.0700000001;5826650.65;4
1101406282#1;795016.85;5824327.945;1
351704742#0;800957.075;5828538.325;4
-1107180847;796124.245;5825117.24;2
-465740608;795993.375;5825609.805;1
-31416317;796993.0700000001;5826057.885;1
166260139;796523.89;5827068.77;2
-448298620;793751.9450000001;5829231.23;2
37995742#0;796293.04;5828787.695;1
-1107180849;796219.01;5824452.07;4
-155594986;801816.115;5822811.82;1
360541595#0;801776.87;5826785.5600000005;1
-169660686#0;797509.9550000001;5828072.85;1
-4492445;793850.005;5824231.275;5
-4492015#2;793783.12;5825664.1;6
337540124;794793.1;5827111.995;1
-4612427;799563.86;5827305.415;2
-4612429;798805.86;5827029.32;1
-1072645816;801378.37;5826762.77;4
-720197826;796383.075;5826732.52;1
-495949632#0;800604.56;5823834.654999999;1
-42732336#3;797309.02;5829690.295;2
539116564#0;797813.76;5824873.23;1
1119936840#0;797468.01;5827571.92;1
67718316#0;796929.03;5826716.3149999995;1
764644570#1;800738.905;5823432.205;2
-80366517#2;796186.59;5825795.625;4
-4494994#2;801238.24;5825274.155;1
-65707578#2;801652.065;5823513.84;2
31621016;792178.165;5827130.225;1
-168917748#1;795658.735;5824974.085;1
-4583392;794729.8300000001;5825019.4350000005;1
-23813206;799049.355;5828304.855;1
-155605364;801834.125;5823413.425000001;2
-155594979;801376.81;5822873.925;1
-1101407448#1;794760.875;5828905.55;3
-4686033#0;801976.91;5825625.855;3
-4436795;793032.375;5824519.15;1
102486222;796751.565;5826145.5;1
152264786#0;795940.0149999999;5823112.035;1
-25388818#2;796761.73;5830226.404999999;2
251884680;798298.49;5827690.9399999995;1
23851927;799039.89;5827576.74;1
-54781811;798397.6499999999;5827565.82;1
-23735660;796513.6599999999;5829230.744999999;8
-75909822#0;800487.0449999999;5824668.325;1
-172922876;797365.76;5829972.58;1
-168940071#0;797835.47;5828332.34;1
-240959630;796447.48;5823479.925;6
4402689#0;794160.655;5825980.855;1
-856970580;801688.6950000001;5825009.11;1
-245189240;794407.9650000001;5829358.23;1
-155605270;800504.59;5823870.15;1
-7913573;799148.27;5826725.880000001;7
-30130057;797576.315;5823579.8100000005;1
-1088804295;802213.0449999999;5826873.625;3
-192136417;793950.855;5823812.76;1
-4615004#1;799992.8300000001;5829415.925;1
-35556350#2;802563.405;5826772.82;1
-4484082;791853.54;5828657.915;2
-34487458#2;794332.105;5828993.155;2
-34487458#1;794343.725;5828743.94;1
4615547;799725.445;5828059.015000001;3
-4710470#0;797047.365;5823300.385;3
-32359106;793332.565;5826535.234999999;5
4446503#0;791102.3300000001;5826475.35;1
-901165861;794629.405;5827575.425000001;1
-142161213;795676.395;5823603.42;3
-796244040#0;796818.7150000001;5829165.75;1
-1100726698;793962.28;5827487.96;6
-4385195#0;793186.1799999999;5824391.82;1
-155605265;800540.595;5823090.62;2
-1024040656#2;794162.285;5824016.055;1
-4615004#7;800161.64;5829762.755000001;2
-645343613#0;795812.36;5829545.73;3
-150513169;794811.92;5826111.05;2
-645343613#1;795859.53;5829412.390000001;3
-155071540;796999.85;5824137.275;3
-981295183#0;798898.3;5829542.79;1
-439025652;802752.5449999999;5828229.59;1
1083449372#0;801108.1950000001;5827850.109999999;2
-4615004#4;800071.3400000001;5829576.265000001;4
4442101;793993.79;5824197.535;1
36259509#0;796791.69;5826695.47;1
-305422037#0;792972.095;5825990.25;2
-4685875;803015.3049999999;5827106.335;1
-305422037#3;792966.3049999999;5825821.51;1
-1089672834#2;799485.51;5825138.390000001;2
-4611901#4;798032.52;5824766.88;2
-4685872;802411.0800000001;5826919.4;3
1100790852#0;798883.86;5824659.550000001;1
-4611901#0;798016.365;5824625.984999999;3
-1101061556#1;795498.64;5828020.725;2
-1056473039;791360.6950000001;5827283.76;2
-328426227#1;800175.4450000001;5826856.734999999;1
-195337819;800332.085;5825943.775;2
-153692984;797641.315;5828871.3100000005;2
-155605298;800383.235;5824070.6899999995;2
-645183213;798278.5549999999;5830981.800000001;1
-1083507345;802001.19;5828002.555;2
-23859719#2;799876.655;5826245.35;1
-1107953483;800263.7549999999;5828554.555;1
-1108161978;793808.815;5827707.275;2
-4615782#1;801453.415;5828508.16;1
60825553#0;797762.29;5823890.4350000005;1
-16571799#0;798543.0900000001;5829181.955;1
-4685868;802799.345;5827253.535;1
-435715670;797684.625;5823377.16;1
-32977014;800197.315;5825950.154999999;1
1100788309#2;792898.46;5825528.695;1
168889126#7;791767.415;5827156.01;1
-152343393#0;795370.59;5824748.865;1
-16571799#1;798629.0800000001;5829362.66;2
-4618816#1;796084.225;5824529.915;1
-4618816#0;796198.415;5824558.57;1
333966516#0;799642.0;5830267.4399999995;2
-25179835#4;791808.5549999999;5825397.15;1
-153692996;797328.49;5829122.385;3
-1107953491;800376.88;5828781.98;3
-25152250#2;796049.14;5823320.67;1
140336721#0;794882.355;5828462.09;1
-155605284;800586.085;5824502.075;1
433870251;795004.6100000001;5827121.85;1
-25179835#0;791634.185;5825476.0600000005;1
-1083614744#2;801158.06;5828529.465;1
-155605280;801599.155;5823895.67;1
-168978745;801786.0800000001;5823770.49;2
-155594998#1;800628.93;5822229.795;2
-69992975#0;801474.385;5824709.645;2
-168978747;802056.175;5823849.205;1
-1092194681;792844.4299999999;5825635.835;4
1102369967#1;799026.26;5827076.755;1
-1120678942;796987.69;5830833.885;12
-1067296925;797816.915;5829573.125;3
195344060;800168.865;5826431.46;2
782128179;800655.125;5823399.395;1
1102407839#0;793763.18;5826310.71;1
157658305;793949.155;5826357.18;3
-4396528;797360.8999999999;5826485.76;5
1020548406;799464.245;5828768.5600000005;1
-684019402;794746.32;5825576.045;1
-169658770;794244.645;5827115.76;1
85129346#2;793634.015;5823953.615;1
-1009125109;802008.36;5823373.395;1
-43974606;792956.48;5823758.67;1
335543103;798256.5800000001;5823960.87;1
4410417#0;792092.66;5827842.795;3
-649959246#3;796579.7949999999;5827881.835;1
-508467373;791894.5149999999;5826776.38;2
-4437114#1;792831.845;5824926.095;2
-188240629#1;796774.355;5828036.904999999;1
-8084122#1;801426.49;5829440.76;1
-1101063584#1;793569.0449999999;5829127.574999999;1
4401920#0;797746.9550000001;5825539.859999999;1
-32555845#2;801064.8200000001;5827100.5;1
-4583383#0;794697.73;5824974.415;1
4045243#0;802286.865;5827721.18;5
-25376552#2;802176.235;5827134.52;2
-1101200868#2;791732.69;5827980.065;1
59636543;803232.4;5827636.109999999;1
-237716438#1;796006.665;5829463.8149999995;1
30184955#0;799963.565;5825476.96;1
-153692976;797793.2250000001;5828698.34;2
-21844063#3;796318.795;5824010.654999999;2
-1054785298#4;800245.25;5829619.640000001;4
1081624481;802366.735;5826282.54;1
-93628057#1;801441.875;5828826.79;1
-60825556;799612.22;5823740.11;57
-25008068;800508.8300000001;5827323.029999999;1
-60825557;796407.56;5824786.75;1
-569997526;794871.0800000001;5826684.465;3
-4372491#5;791503.155;5824898.305;1
4446500;790617.6799999999;5825988.27;1
-1054783030;801258.65;5827181.484999999;6
-209264199#0;800584.6;5824042.859999999;4
-142572168#2;794598.94;5825469.48;2
-4613295#0;799069.335;5828600.62;1
-1108260145;801559.875;5828563.335;1
-4613295#1;799091.825;5828737.465;1
-142572168#5;794561.83;5825337.119999999;1
-4763450#2;792321.8049999999;5828336.555;2
-31970737#1;796254.775;5828329.449999999;1
-19002363#4;798924.415;5828534.475;1
764024738#0;797778.2;5823736.0649999995;4
-4600069;794824.62;5824966.21;2
-1112137515;793301.72;5825876.065;3
-548612558#2;795582.09;5824244.16;1
4685636#0;801755.165;5828724.715;2
318886186#0;794324.975;5825426.07;1
61816617#0;795759.825;5828192.92;1
53357388#0;798875.28;5824623.39;1
4525724#0;795050.065;5824921.725;1
-905940428;800142.995;5822761.925000001;5
23851930;798974.585;5827469.869999999;1
-1081624489;802375.325;5826055.165;2
163385719;794077.7649999999;5826379.8149999995;5
42103021;797610.33;5828389.665;1
-4490384#1;792600.345;5825616.55;2
-1017969550;796977.735;5830535.475;1
24916011;793539.81;5829092.01;1
67713452;796542.625;5827813.8149999995;1
-4597033;797506.63;5830576.73;2
-1006839432#1;800610.785;5822304.0649999995;3
-24594558;793331.365;5824342.6850000005;3
-67553868#3;796006.0349999999;5825048.155;1
-1107180851#6;795452.5349999999;5823930.915;1
-39487910;796036.05;5828546.55;3
-4611775#1;798159.41;5826227.529999999;2
-25278674#4;796780.02;5830381.475;1
-1093597996;802519.84;5828500.26;1
-1101961737;798265.095;5827786.3149999995;2
-975295127;801555.2250000001;5825584.785;4
-4611775#0;798030.0800000001;5826197.62;1
1126345563;800259.02;5827263.355;1
-39487917;795989.695;5828674.41;1
-35578557;798199.015;5827952.984999999;1
-975295126;801654.495;5825774.109999999;1
-1093597997;802429.9550000001;5828393.905;1
-4395631;793571.89;5824268.11;2
-23707866#1;795808.125;5829633.824999999;2
-42732333;797621.05;5830146.045;1
-42732334;797284.1950000001;5829963.324999999;1
4740762#0;798007.74;5830129.465;2
-4395630;793673.81;5824646.6850000005;1
-23707866#0;795745.825;5829667.369999999;1
-1107180851#1;795328.77;5824080.715;2
823947564#0;793096.735;5826094.654999999;1
1020077809;797621.65;5828620.845;1
-172274268#0;800406.66;5825506.045;3
-1101405291;798038.355;5829676.22;1
24619227#0;792755.395;5827021.385;1
-1052758758;798746.54;5829413.775;1
-35433912;794150.3500000001;5827414.41;1
-297058655;801513.37;5823077.925;1
-715711017;801547.38;5825724.91;1
4389552;796232.845;5828686.225;2
1100552764#1;795923.525;5824421.585;1
-1052756577;798998.105;5829464.529999999;1
-1082327495;802159.005;5826239.955;1
-36830353#2;795031.8600000001;5829179.470000001;1
-722013115;797416.085;5823850.645;2
-625928996#2;801588.375;5828267.195;1
-24320623;792307.05;5826392.4;1
-4412868;797780.4;5827723.705;1
-36739044#0;801937.81;5824079.36;1
-32977013#2;800101.875;5826159.2;4
4475632#0;791424.01;5827391.18;2
312533961#0;799713.105;5827800.91;1
-485472400;802053.72;5828855.225;1
4449438#0;794066.05;5825162.119999999;2
-202817674#2;798708.325;5827627.0600000005;1
-437325045;792620.655;5828268.74;1
1081349077;802850.665;5826098.859999999;2
-95926536#2;799027.37;5826315.1850000005;2
-1041197919#0;802867.27;5827858.375;1
-4611905#1;798317.595;5825057.96;1
-37826586;792982.3;5823835.795;1
-919305045;800934.405;5829912.235;1
-33491648;792576.085;5828055.63;2
-106655154;791734.71;5827093.955;1
-274754088;796819.2350000001;5829011.025;5
-980542375;798257.5449999999;5828764.415;1
-195430953;799392.625;5827138.225;1
109612315#0;792822.79;5826772.86;1
-25008074;800377.52;5827509.77;1
109612315#4;792563.845;5826724.5600000005;4
-4500151;793339.365;5824056.13;1
-195430959;799634.6599999999;5827210.7;1
-4611860#1;797157.5549999999;5826323.415;1
593851998#3;797808.31;5822981.115;14
111648287#3;800316.72;5824705.890000001;1
-1120409881;802350.7;5825321.8149999995;1
-4500153;793381.45;5825313.53;3
-496503270#0;802678.535;5826668.484999999;2
-496503270#1;802746.895;5826634.82;1
-194069450#2;797743.44;5827546.734999999;1
4782467#0;801530.385;5829084.285;1
-4892696;799748.21;5825938.305;2
-625647965#2;799173.25;5827050.029999999;1
318888121#0;794454.9450000001;5825451.465;1
-109612314#0;793067.87;5826261.055;1
33280304#0;793184.905;5824545.1;1
-320462163#2;797115.11;5827323.46;5
114667396#0;797972.3300000001;5827753.79;1
33280304#2;793121.025;5824504.53;1
66514435;794771.405;5827093.495;5
182624147;800561.895;5823637.875;1
30185207;800421.61;5826600.9399999995;1
-237704729#1;796190.005;5829213.475;1
-172959776;798246.645;5830157.15;1
-612748458#0;800123.7150000001;5823094.74;1
-488351330;801510.8;5823413.135;1
30806885;795094.1000000001;5827107.905;1
-69409262;798454.495;5826303.42;1
-4525865;796591.095;5824462.49;3
-4525869;796788.235;5824301.445;2
-55502709;797376.6599999999;5825740.6;1
318888125#0;794562.37;5825484.34;1
-25359021;796267.81;5828904.32;2
314432301#0;795225.7949999999;5825891.46;1
-182693863#3;801811.685;5823996.1;1
-845476767;800648.45;5825105.335;1
-209264200#2;800710.73;5823876.025;1
-1083746142;802514.47;5827556.414999999;3
4782481;802111.375;5827868.925000001;2
-209264200#1;800684.865;5824027.05;2
-1110515752;802394.245;5828456.105;2
-4686238#0;801883.925;5825081.13;1
153150963#0;795309.24;5825576.18;2
-4685885;802513.26;5826554.734999999;1
-4685887;802724.645;5826718.635;1
-59582702#0;800367.525;5823423.655;2
-305732881;796927.69;5830120.325;2
-1055082836;801537.755;5826848.33;7
-4401967#2;797260.565;5827339.32;2
-249453223#0;800816.63;5825029.64;1
28426844#0;792348.9550000001;5825156.125;2
-24241762#3;798954.075;5828750.305;1
-1018891534;802149.155;5823503.970000001;1
4615031#0;800510.27;5829966.25;1
-231883017#2;793284.23;5824967.705;3
866402520;800491.415;5825744.32;1
-276457310;801729.515;5827147.29;1
-4376921#0;795221.51;5827755.775;1
475274767;795432.7549999999;5827588.525;3
-138861604#4;797599.335;5825428.08;3
-37535144#2;794764.82;5825640.3100000005;1
475274765;795436.51;5827586.83;3
-32976592;800607.65;5826609.77;7
-4376921#2;795356.1599999999;5827758.0649999995;1
245198490#0;799168.395;5824559.324999999;1
-195332174;800668.09;5826241.984999999;2
31621011#3;791981.315;5826626.15;2
-1117241331;802521.79;5828038.125;1
-459346126;792053.6;5827297.390000001;2
-694626562;799487.2150000001;5828451.795;1
-195332171;800519.0700000001;5826330.17;2
-4410149#0;795627.8999999999;5828333.365;1
-4410149#1;795776.34;5828419.725;1
-42689935#2;797237.8049999999;5830259.995;4
-400740388#0;800086.4550000001;5823500.75;1
-327756257#0;798138.825;5826758.33;1
-24215974;799294.58;5826476.48;1
-39841056#2;801254.55;5825158.800000001;1
-875929570#2;797688.335;5826237.38;1
-189037368#2;800138.0700000001;5827319.515000001;1
1101407068;794771.375;5827373.485;4
-4840859;798891.03;5827205.325;1
-1056611594#1;791741.0549999999;5825841.415;1
-806822590;798610.0800000001;5825961.355;3
-104511823;800725.4199999999;5823385.21;1
831659093;798484.87;5828231.615;1
-4480558#2;791135.965;5825885.465;2
172664316;800298.8999999999;5822499.15;3
246136582#3;799826.105;5824475.17;15
4413665;795060.095;5827223.78;1
-187939154;795974.5800000001;5823441.5;1
-6075138#0;795222.485;5824605.529999999;1
417687079;795412.5700000001;5828525.105;1
1125773128;796481.615;5826507.8;1
-23248778#1;802573.875;5827157.345;2
-69409257;798699.0549999999;5826203.22;1
-4500114;792794.035;5824118.154999999;1
-23248778#2;802703.585;5827131.615;1
168515533#0;798463.35;5826985.66;2
-1101062305#1;794059.11;5828565.395;1
-1024043830;801120.385;5824677.64;3
-37116780;792473.19;5826262.465;1
-1009152567#3;801532.495;5822708.24;1
-1009152567#0;801336.53;5822657.04;1
-4500116;793101.865;5824358.29;3
-1009152567#1;801396.99;5822672.859999999;1
-850240180;799039.235;5828954.79;1
-1056639653;793655.225;5823422.515000001;1
-155595024;802021.435;5823022.215;1
-315214529#0;797021.735;5828509.06;10
-155595021;801471.675;5822758.805;1
-4597032#2;797068.87;5830275.965;4
-107178761;794053.565;5825680.365;1
52158843#0;797936.065;5824902.91;1
-23343819;801339.23;5826980.6850000005;2
-4492376;794207.4099999999;5825164.755;4
-15920080;791196.525;5827379.49;1
-41828679;798831.8300000001;5830170.96;1
-1110416087;792597.035;5826642.53;1
-1108164794;794116.8200000001;5827639.82;1
-26109166;796559.285;5828256.605;1
-1098856682;799073.855;5829234.154999999;2
-168967374;796915.03;5823296.955;1
-169755107;797296.87;5823667.1;1
153653006;795308.9450000001;5826385.640000001;1
4410148#2;795881.7649999999;5828653.615;1
-155605331#5;800948.685;5824713.965;1
-155605331#8;800999.22;5824812.234999999;1
-4495000#1;800667.385;5824958.71;1
153653007;795520.485;5826350.23;1
-36738527#0;801333.89;5824194.965;2
-4495000#0;800709.565;5825023.994999999;1
-821100848#0;792070.0349999999;5826467.12;3
176621934;793434.375;5823752.74;1
-851610759;799314.105;5824821.035;5
-4387786#0;792626.815;5823981.41;1
-851610758;799308.3;5824690.8;3
1119934869;797646.72;5827601.640000001;1
-4606225;798569.165;5830160.545;1
339201250;798878.46;5827028.875;1
-4387786#2;792779.15;5823950.865;2
-4606227;798677.365;5829918.914999999;1
4497869;791433.0549999999;5825874.98;1
-4409873#0;795264.39;5827838.88;1
-4606224;798218.51;5829972.34;3
-172219133#0;801210.6699999999;5825398.8100000005;3
-131650081#1;798014.4450000001;5829239.715;1
-172219133#1;801057.395;5825472.445;1
-1102154070;797721.925;5828581.765000001;2
-4685757#0;801644.9199999999;5827039.98;4
-172219133#4;800890.6950000001;5825552.35;5
-131650081#0;798082.6799999999;5829065.03;2
431356095#0;800880.12;5826860.6899999995;2
9188888;801645.27;5824472.3100000005;1
288762496#0;801718.95;5828922.465;2
-4543405#0;793316.0;5828475.4399999995;3
-851610745;799451.2150000001;5824830.455;1
-4543405#1;793292.26;5828341.58;4
-465418100#0;798056.2150000001;5829327.890000001;3
-930343901;797438.2849999999;5827745.3;2
-851610741;799580.51;5824687.35;2
-26995580;795358.76;5824587.04;2
489480666#0;798610.875;5824696.0600000005;1
-94133643#5;798739.755;5830328.779999999;2
-4606214;798480.56;5829693.775;1
-195418554;799568.9199999999;5826839.095000001;1
61737905#0;802036.655;5827040.48;4
-195418556;800240.85;5826581.245;2
-195418557;799943.89;5826693.93;1
-573013098;793720.5449999999;5823321.66;2
-964589591;801060.8300000001;5823510.324999999;1
-311557432;796384.4650000001;5825019.055;1
-875860586#2;799395.7150000001;5830767.08;2
-34122859#0;795602.6950000001;5826116.34;1
-152263212#0;801800.81;5824076.5600000005;1
-1101407177#1;795138.175;5828377.65;1
-1105631678#1;793755.585;5824588.11;1
-195105328#0;797569.515;5828037.72;3
25185005#0;793251.72;5826894.705;1
32640199#0;799184.38;5824748.02;2
32640199#1;799174.455;5824752.97;1
-1101404244;799757.5;5828757.85;2
-826108091;794583.86;5823844.35;1
-1052675176;799299.0449999999;5829074.21;2
52578336#0;793015.385;5826810.18;1
-867850613#2;800169.2050000001;5823739.285;4
-155073133;796973.715;5823887.38;2
1068936253#2;792076.3400000001;5828036.35;2
-4490378#0;791749.5700000001;5826502.98;2
-291691899;795996.54;5828361.825;2
-4490378#1;791781.3;5826333.1899999995;2
-126215416#1;802914.26;5828384.975;1
-169755110;797115.1699999999;5822862.35;4
4540509#2;794076.73;5828253.9;1
-4615064#0;800567.7;5829673.035;1
-4615064#1;800712.515;5829577.65;1
-73310502#2;797930.79;5828873.609999999;1
-863913425;801114.7949999999;5823717.415;1
1116574439;792319.53;5826678.835;1
-4515893#1;791183.515;5827175.109999999;1
-27190701;800984.2749999999;5826832.095;1
-856982235#0;801660.2150000001;5824829.845;1
-30770226;797700.975;5824291.025;3
28497255#0;794984.015;5825649.57;1
33231767;801282.35;5825981.855;1
-24242838#1;798081.9650000001;5826700.164999999;1
1096709530;801067.49;5829579.675000001;1
-1101189578;791331.6799999999;5825865.550000001;1
-4436793#2;793091.47;5825062.365;1
-1091806069;797434.04;5823255.0600000005;2
25121296#0;795938.1000000001;5825398.6899999995;1
-4615745#0;801567.8049999999;5828431.195;2
-4615745#1;801486.64;5828589.68;1
-677809119#0;801711.47;5823667.275;1
-4606273;799954.04;5830439.255000001;1
-116793954#3;796711.985;5828931.765;4
-1052675227#4;798876.81;5829678.49;1
76212438;796628.325;5827964.67;1
-1054376499;798267.6799999999;5830585.105;1
-68455992;801270.845;5824431.855;1
339201217;798392.595;5827702.6850000005;1
-27116221#0;792449.81;5824383.765;1
1122600949;800981.415;5825883.6850000005;1
-29400740#0;793755.745;5828997.855;1
-29400740#1;793737.06;5828803.395;1
-824921529#3;798056.62;5824980.845;1
1096709561;799985.905;5829004.055;2
-4436793#1;793102.935;5825170.69;1
-23859712;801828.28;5824703.6850000005;1
-4436793#0;793107.8400000001;5825302.355;2
138000505#0;791505.0;5827077.075;3
-1056594666;791043.3;5825636.28;5
-4612968;799194.69;5827670.395;1
155605281;800505.4450000001;5823746.215;1
-340606518#1;800628.1950000001;5829122.6850000005;1
22972195;797690.29;5827881.8100000005;1
328064921#3;797627.175;5825900.445;1
-142018578;799020.78;5825484.37;1
-49677300#2;802069.835;5826906.055;2
-203910786;793764.38;5828996.074999999;2
150540946#0;794987.33;5823875.494999999;1
-1080200475;797199.05;5829823.625;1
-31621015;792511.01;5826992.51;1
-466318949;801748.49;5824607.79;1
35557588#0;800476.895;5826734.71;2
-175913914#2;801535.23;5827314.425000001;1
-4437186#2;792305.6599999999;5824915.545;1
42104389#2;796600.0349999999;5828706.595;1
4444427#0;792270.47;5825183.275;1
-819029012#2;801055.55;5826756.47;1
-4480580#1;791328.1599999999;5825662.995;4
-744938428#0;800119.31;5827696.835;3
-4490369#2;793975.8200000001;5828033.47;1
-4540285#2;793913.9199999999;5828580.6;3
318888123;794873.39;5825530.970000001;1
-4540285#1;793932.075;5828782.1850000005;1
-82652406;799798.7050000001;5827786.54;1
-4540285#0;793952.41;5829022.055;3
-238119551;800293.015;5824120.51;5
-1102606774;795711.035;5824729.42;6
-755551646#0;798824.52;5827427.6850000005;2
-24320722#0;792263.745;5826364.125;1
1113401735;799183.61;5828357.84;1
-346234392#2;797634.9450000001;5824738.85;3
-4410459;791923.54;5828575.24;3
-4581766#0;795017.395;5828788.8149999995;2
-4540511;793822.96;5828050.925000001;2
-4581766#1;795026.155;5828629.18;1
42989675#0;796378.815;5830031.08;1
-945954405;800176.24;5823280.615;2
-4471967#1;792632.87;5828134.955;1
-520627761#2;792606.365;5824465.17;2
-945954402;800350.66;5823323.055;1
-48802137;802238.355;5823110.745;1
-4618777#2;796038.925;5825738.859999999;2
-119914238#0;797471.135;5829962.09;1
-814842897#0;794387.6950000001;5824478.99;1
-24214232;798941.2749999999;5826536.57;3
-4597029;797120.0700000001;5830079.789999999;3
-4370500;791677.16;5825302.18;2
302429360;791618.705;5827515.12;2
-23108814#1;794653.75;5823475.63;1
-51755232;799519.2;5826467.76;1
-141128588;791960.315;5825028.369999999;3
1096709571#0;799630.95;5829116.125;3
-160971199#2;796605.145;5826882.085;1
284736594;800417.075;5828020.605;1
-1027272080#1;802553.9199999999;5826929.41;1
-4597335#1;796740.505;5826565.779999999;1
-4606218#0;798747.87;5829770.88;1
-376720444;794009.385;5829309.56;1
-4583373#0;794874.7949999999;5824232.945;1
-689406334#2;793467.99;5827880.515000001;1
-376720447;793907.27;5829282.415;4
-400740403;800410.13;5823252.015000001;1
24240245#0;797148.325;5827516.525;1
1101062260;794026.975;5828463.35;1
-1057538106;798386.2;5826383.785;1
-1089751350;797263.935;5825136.055;1
203910322;800654.7849999999;5822544.16;1
-4387782#2;791841.6499999999;5825015.8100000005;2
-1057548387;798123.6799999999;5825840.43;2
4389663#3;793054.21;5824144.05;1
939461219#3;799888.335;5829895.665;1
-35556490#1;801250.155;5827437.27;1
1101404059;799774.51;5828584.18;1
-4437117;792798.245;5825172.18;1
-82658674#3;799336.0700000001;5827644.335;1
30705159#0;798341.6499999999;5825534.98;1
-25042577;794469.53;5824295.845000001;1
-51167934#1;798074.125;5828285.635;1
-492643593#2;795837.1950000001;5828042.625;2
-713576590;798152.085;5828890.79;3
-1002399795;801527.6950000001;5822544.665;1
-4596990;796697.515;5830010.24;3
1116876557;796856.5449999999;5825721.415;2
-4579851#2;798506.925;5823950.71;10
-145934343;792470.625;5825929.119999999;1
-4612695#0;799075.365;5826173.4350000005;3
-179307467;803153.075;5826727.27;1
4381160#2;793350.98;5826045.675;1
-376720436;795352.605;5829626.695;1
-187399686#0;802420.31;5827048.67;1
-376720435;795066.21;5829586.43;1
-151974158;802125.4099999999;5828704.98;3
-159081775;796930.095;5826849.915;1
-159081776;796745.27;5826829.08;2
-4436882#0;793773.71;5825041.324999999;1
1120993114;798492.135;5828387.775;1
-1059672153;798694.8999999999;5824518.275;1
-27600362;795123.845;5824568.324999999;2
1015444369#0;794997.52;5823516.725;2
-603999352;793821.9550000001;5824562.9;1
-8022425#3;799514.56;5830449.13;1
-71392596#2;801209.105;5823697.3100000005;1
-4612695#1;798985.1950000001;5825963.795;1
-4612695#2;798916.835;5825805.71;2
4068078#0;801978.0;5826831.67;1
1101190054#1;791105.5700000001;5826485.13;3
-335396339#0;795671.5;5825729.97;1
-1107180837#0;795303.755;5825177.470000001;2
-338412126;796732.395;5823976.8149999995;1
-1101189114;791451.395;5825292.1850000005;2
-4409901#0;795156.09;5827873.215;1
4556843#3;792550.785;5827371.475;1
-4612970;799299.2;5827712.015000001;1
783042668;799241.8500000001;5828435.630000001;1
-193959709;794699.895;5828927.215;1
-4887461#3;799472.57;5825886.84;1
-1083346203;801937.065;5827540.355;2
-30829977#0;800913.5;5825054.38;1
-36987811;802803.46;5826000.89;1
309156926;799271.365;5827926.97;1
-1083346207;801757.375;5827714.895;1
-391493946#2;797476.31;5824014.609999999;1
-4490374#2;791419.485;5826260.325;3
-1018926819;797018.665;5830066.725;1
-1120360094;801794.42;5824789.74;1
984020534;795578.085;5825506.9350000005;1
4597054;797273.91;5830072.029999999;1
-777345629;801374.29;5823032.585;1
-38168755#2;793028.0;5825243.01;3
-28251222;798171.315;5827604.67;2
-5785862#2;795192.87;5825540.83;1
-31969137;797368.46;5825044.875;1
-1101063188#1;793550.0800000001;5828991.21;1
-4592177;794197.25;5829242.66;3
-269636104;793997.5049999999;5826790.545;7
-4296467#0;798329.8;5828790.52;1
-448715094;800151.21;5826955.085;5
-25639769;791255.74;5825772.470000001;1
381816947#0;797904.27;5825356.414999999;1
-4396235#2;794173.185;5824864.26;1
295445243;799680.6950000001;5828681.255;2
303240827#0;793910.78;5825365.205;1
-386668188#2;800429.325;5825843.625;3
1054644312;800588.065;5827824.7;3
-45317032#1;798214.2050000001;5824664.09;1
-990194457;800722.485;5824637.475;1
-188866876;801452.26;5826198.675000001;1
-593851968#1;796824.75;5823061.035;2
-593851968#0;796832.355;5822907.470000001;1
-4442075;793712.8049999999;5823483.73;2
-4597379#2;794798.4450000001;5825866.59;1
-140432615#2;796097.3;5823917.53;2
-593851968#2;796817.1799999999;5823204.98;1
-105807937;801908.5700000001;5828084.83;1
-153150698;795390.48;5824464.635;1
-11543648#1;791589.97;5827369.295;1
-4494993;801362.47;5825218.46;1
37287190#0;802055.7849999999;5827265.23;1
-4494995;801087.76;5825340.945;2
-4494996;800926.8300000001;5825412.415;2
-909291873#1;792133.4750000001;5827500.515000001;1
-4446798#4;791848.135;5825291.3;1
-4789056#1;801984.01;5828637.27;1
4764121;791623.62;5827927.345;2
-4387785;792595.3049999999;5824328.305;1
-1083535999;802073.65;5828291.805;1
-4387784;792411.51;5824470.98;1
-155605322#0;800961.8;5823242.175000001;1
-4685797#0;802123.795;5826418.855;1
-551950267;794877.05;5826389.300000001;7
-172921853;797586.615;5829927.795;1
-155605322#1;800813.485;5823202.11;1
-181407580#2;798941.19;5823900.325;21
-560370523;798048.4650000001;5828473.119999999;3
-1094774004;799277.5249999999;5830059.865;1
48638393#5;793964.67;5824822.6850000005;2
1057545069#3;798274.1;5825740.785;1
188308863;798211.5700000001;5825945.005;1
1096948321#0;801020.4299999999;5825900.15;1
889203671;800252.77;5823346.675;1
-82652816;799441.315;5827491.83;2
-24911800;798169.725;5830130.869999999;2
48638393#0;793974.085;5824582.395;1
11405458;795472.16;5825613.0;1
-4610356;798204.675;5828763.375;1
154483993#2;796213.675;5824920.785;2
-4610353;798341.475;5828881.41;1
986957312#1;801442.275;5823270.67;1
-188865525;800944.4099999999;5826004.795;1
-4478051;792743.125;5824197.8;1
-163209201;793143.7849999999;5826667.145;1
-1121478205;796308.025;5828173.130000001;1
-4531490#1;795291.0449999999;5824490.675;2
153370345;794814.4750000001;5826248.98;8
1096203482#0;795578.715;5825114.425;2
886179533;800335.77;5822989.880000001;1
-386592861#2;797097.6499999999;5824565.92;1
-176031303#2;800330.2250000001;5826775.535;2
-32878639#2;791644.35;5824857.65;3
-1120853670;801065.545;5824378.68;1
390998963;798078.065;5831010.665;1
-1102154067;797761.47;5828804.845000001;3
-1082168181;792068.8300000001;5825658.035;1
688041804#0;793964.565;5826139.53;1
-1089751371;797261.355;5825291.05;5
440078644#0;801803.83;5828568.365;1
-4474915;796874.7949999999;5826918.8149999995;3
-4531630;796206.2350000001;5824336.09;1
959902741;800166.79;5825039.665;1
1083722318;802821.49;5828077.855;2
4402682#3;793595.075;5825758.32;1
-154261294#2;800757.025;5829237.805;1
327462539#0;791485.8400000001;5826089.0;1
-1110773561;797658.7;5829823.005000001;2
-845145780;797239.1599999999;5822814.105;1
879144133;800149.6000000001;5828018.595;2
-150512652#2;794627.7250000001;5825575.59;1
-1082280838;790794.1799999999;5826180.115;1
-172219124#3;800957.1950000001;5825280.915;1
23218352#0;794725.665;5825708.355;1
-172078325#2;797766.96;5829163.37;2
-1092194756#2;792960.485;5825652.12;1
-180987807#0;794276.375;5827300.405;1
30705168#2;798329.79;5825495.5600000005;1
-188866872;801220.54;5826220.115;1
-180987807#2;794233.56;5827218.355;1
30705168#0;798332.135;5825509.045;1
-172078325#4;797926.3300000001;5828981.785;1
-989227398;800188.8200000001;5825297.88;2
1123105979#0;797768.5900000001;5827803.66;2
959902758;800084.345;5825236.225;1
-1083614733;801078.62;5828354.505;3
-30705211;799037.5;5827208.5649999995;2
-344680962#0;798426.1699999999;5825369.85;1
23851917#0;798960.3999999999;5827422.18;1
298473729;800150.73;5828451.97;3
-344680962#1;798637.3300000001;5825308.38;2
-816236488#0;800989.845;5823108.845000001;1
-437360302;792864.5549999999;5827485.115;1
-62114953;795786.73;5824966.86;1
-18908134#0;801154.375;5822795.84;1
-816324773#2;799677.3;5824587.99;4
-4515626#0;791699.31;5826424.62;2
-1119962212#2;792298.235;5826883.42;3
-520485512#2;795484.0549999999;5826145.035;1
-979807156;800792.6799999999;5822349.050000001;1
-1054756408#2;800568.59;5827588.245;4
316869458#0;801333.5349999999;5827826.05;1
-4515626#3;791822.755;5826438.655;2
4484427#0;799535.115;5828915.345000001;1
-1094234009;801071.71;5829817.645;1
25219757#0;794567.745;5828688.43;1
-881391858;792932.255;5828736.055;3
37540949#0;793879.115;5826068.46;2
-1083614721;802001.3600000001;5827851.92;2
-34024122;790927.63;5827732.765000001;1
-996986682;801675.455;5825648.529999999;1
240195323;800755.335;5827143.9;1
-1101072592#1;793152.5449999999;5826173.89;1
-1117926298;801762.495;5825808.645;1
1109107939;794449.655;5824035.779999999;2
-1039463851#2;793002.955;5825015.09;1
61816619;796052.94;5828131.475;2
-1107180833;795234.0700000001;5824883.15;1
1101139243#0;794803.54;5826207.300000001;2
-1107180832;795226.9099999999;5824752.925000001;1
-1107180831;794792.0349999999;5825194.595000001;1
-5368513;801355.505;5826194.515000001;5
4370506#0;793305.19;5823862.395;2
329612224;800128.2649999999;5828476.41;1
-4615212#4;801251.05;5829693.26;1
-30705210;799184.335;5827218.99;2
-1012800873;801990.69;5823240.8149999995;1
96418261#0;794952.935;5825482.99;1
-717177007#1;798976.6799999999;5828945.35;1
-4437185;792316.94;5824803.08;1
-1057180955#2;798312.94;5826520.609999999;2
211052047#0;794974.13;5825146.5600000005;1
-11405307#2;795196.3200000001;5825680.1899999995;1
-111531489;801360.265;5827403.245;2
-1102370004;799826.605;5826393.115;3
-717177007#0;798844.925;5828962.9;1
-28241308#3;793543.685;5827286.755;1
-155069305#3;797085.02;5824684.109999999;1
-4615603;800011.0;5827543.359999999;4
1117606491;798270.175;5825611.75;1
-4442071#0;793205.58;5823432.865;1
-1078972931#2;791932.335;5825737.975;2
-28241308#5;793722.4750000001;5827106.824999999;1
-28241308#4;793597.255;5827220.865;1
-4490370#1;794026.065;5827636.48;1
-146693079;803364.475;5827493.779999999;1
-1110746456;797072.14;5827147.48;3
-338316875#2;796428.555;5823960.074999999;1
-37736292;798999.14;5824174.380000001;2
-182600854;801600.565;5825972.765000001;1
29177662#0;799766.595;5828187.68;4
-707100745#2;797507.58;5826809.210000001;1
-279549312#4;795986.905;5826703.09;5
26472938#0;798004.29;5825433.915;1
1056612571#0;791965.1950000001;5826040.390000001;1
-909979177#0;793222.27;5824148.6;1
-1052698780;799629.345;5830086.585;1
959902781;800385.74;5824566.355;1
-182690326;799290.28;5829235.734999999;2
46672235;800503.52;5823492.54;1
1091625739#0;799501.6599999999;5830299.9;2
-4396233;794297.3049999999;5824581.52;1
-4396234;794388.0449999999;5824734.3149999995;1
-279549312#1;795808.37;5826686.11;1
-279549312#0;795679.77;5826678.015000001;4
-1097482023#3;802743.325;5826964.425000001;1
179019680#0;797662.385;5824209.835;1
-339201177;798365.22;5827942.295;3
-202156991;798438.11;5827998.5600000005;1
-28196824#0;801768.925;5824327.53;1
-137941886#1;802832.55;5828296.324999999;1
-4383334;796435.765;5829977.050000001;1
-36944882#0;794675.49;5829380.75;1
-36944882#1;794875.8;5829430.109999999;2
-1044407954#2;797572.215;5825241.390000001;4
-612748461#0;800418.27;5822957.51;1
4686360#0;799284.435;5824986.26;5
-36944882#2;795186.215;5829508.220000001;2
-63013460;800827.0;5825996.645;4
-4424773#1;795006.135;5829271.9;1
4894106#0;799090.69;5824562.365;1
-1057194828#0;798520.375;5824632.495;1
112442381#0;792727.755;5826137.83;1
1083449382#0;801067.0800000001;5827842.369999999;1
-1120408015;802148.74;5824953.9;2
1101407071#0;794505.645;5827546.08;1
-814837888;794266.385;5824783.14;2
78065411;796771.57;5827808.585;3
-24993933#2;799142.01;5828572.21;2
-169704581#0;795294.15;5828728.84;3
24912614#6;794862.605;5825992.79;1
-4618708;795689.665;5825409.5600000005;1
-32880573#2;793145.58;5824995.62;1
-4618707;795724.2;5825511.075;4
-98996700;792273.9450000001;5826584.41;1
-813947554#0;793752.53;5825357.11;2
370648473;799662.185;5826072.279999999;1
1101185241#0;791617.6699999999;5827523.0600000005;1
-268524821;800997.8200000001;5827488.575;1
-4618705;795363.915;5825314.95;3
-131650082;798290.61;5828953.835;1
-466333680;795762.195;5825615.59;1
1090255584#1;794182.99;5827735.845000001;1
-169704581#1;795335.62;5828658.645;2
-1056888347;797322.1599999999;5824006.975;4
146739793#0;799319.545;5830329.15;1
548994094;797058.135;5823058.625;1
176031323#0;801900.8400000001;5826202.5649999995;2
195337821#0;800023.425;5825746.24;2
-148176599;801629.88;5825316.855;1
-1104596069;792396.87;5824302.43;1
-1110753055#2;797439.61;5826882.83;2
1101072353#0;793062.825;5826091.79;3
-4437141;792724.0549999999;5825182.295;2
840977556#0;799548.7050000001;5824994.345000001;3
-4437140;793296.7150000001;5825200.630000001;1
-335396339#2;795528.785;5825777.8100000005;1
-175152917#2;797080.925;5830445.48;3
-53190775;795588.3200000001;5829232.380000001;1
335479897#0;800640.565;5829984.855;4
-1124139097;802984.51;5827550.725;1
4790801;799525.085;5828244.35;3
-297060623;801304.7050000001;5822910.945;2
-180952487;801959.895;5825193.494999999;4
-180952489;801761.6399999999;5825285.25;1
304162878;799921.425;5828859.470000001;3
-49850635;797525.485;5825851.275;3
-12678107#2;797662.075;5825697.595000001;2
-73310497#2;798254.0449999999;5828982.609999999;1
34057952#3;797206.55;5825563.975;1
-12307403;796422.765;5824069.9350000005;4
-194421314#0;795537.925;5827753.59;1
-1037694028#0;803132.635;5827852.244999999;1
-4606213#3;798593.5;5829595.02;2
30711173;801914.995;5826670.105;2
4773465#0;798760.635;5828052.8149999995;1
-1100646881;797806.785;5830246.18;1
-1079386620#2;797237.51;5827209.515000001;2
940016786#0;799829.09;5829693.125;4
-4437135;793015.345;5825127.645;2
9475290#0;794537.89;5823659.205;1
-41505643;800838.395;5830093.38;1
-4763465;793140.86;5828558.5;4
9475290#2;794538.325;5823814.234999999;1
-1110381402;793088.885;5827318.65;1
-46886607;795559.31;5826533.005;3
-4383365;796993.455;5829535.855;1
-9188885#0;802261.87;5824441.75;3
-8084121;801429.98;5829581.275;3
-814007277;793579.78;5825237.775;1
28426841#4;791902.56;5825225.51;1
495949636#0;801629.725;5823759.405;1
-814007276;793660.78;5825394.67;1
4686104;801695.915;5826138.195;1
-1120380858;799632.72;5827382.66;1
-8084127;801656.61;5829098.485;2
-8084126;801585.29;5829194.26;1
-8084124;801411.05;5829352.71;1
-4615989#2;796336.235;5825933.8149999995;1
309644167#0;796444.46;5826380.145;1
-24772538#1;802341.675;5828522.73;1
-1024040653#0;794177.765;5823810.795;3
-4491995;794375.1499999999;5825511.025;2
-128276157;800255.79;5825461.95;2
-975447064;800776.54;5826340.6;1
4449439#0;794058.8300000001;5825194.1850000005;3
-128276155;800469.335;5825368.91;1
-751604617;796353.87;5826597.235;1
-141128941;792097.6200000001;5825123.605;1
-856982244#0;801729.7;5824905.85;1
95928366#0;797754.8049999999;5823998.01;1
-51175673#0;802330.8300000001;5825405.855;3
-4849535#1;802110.8049999999;5823163.800000001;1
-4515622#2;791757.6;5825992.88;5
169738742#0;798947.05;5825596.595000001;2
24986655#0;797887.5900000001;5825278.039999999;1
-4495002;800885.5249999999;5824956.664999999;1
32935480#0;794046.755;5826979.46;1
168913091#0;796324.0;5825158.32;1
-4495005;800343.74;5824881.63;3
-4495006;800779.825;5824961.6;2
-975447070;800774.875;5826101.5649999995;2
-316749679;802815.6;5826841.125;1
838658279;801799.3049999999;5826243.27;1
-1083506538;801325.475;5827942.96;1
-64455478;792970.71;5824014.84;3
-40646288;803350.625;5827684.77;1
108296073;791619.685;5826838.49;1
-4616569;801603.63;5827684.484999999;1
28426841#10;791628.7150000001;5825127.17;1
-4616570;801731.835;5827288.145;1
-778348345;797509.71;5828928.279999999;3
157658302#0;793792.41;5826299.07;1
-1055413927;800043.55;5828672.3;2
-37764670#2;793731.385;5826474.859999999;1
-176031297#1;802294.34;5825493.675;1
-31525765;793654.415;5827432.48;1
-176273730#2;797041.5549999999;5827663.295;3
-1101405166;798286.62;5829645.720000001;1
-4615216#1;800874.675;5829851.859999999;1
-51196439#5;795499.54;5824554.905;2
-1052675228;798977.67;5829222.135;1
-4615209;800753.075;5829897.67;1
37116781;792471.095;5826374.465;1
-480722136#2;794295.05;5825541.4350000005;1
-1126178286;794973.095;5826414.175000001;3
318888122#0;794726.075;5825513.665;2
-950222545;799038.61;5827877.449999999;1
-1101064703#1;792029.8;5828571.955;1
-1042407361;796690.895;5824441.755;2
-8084125#2;801484.15;5829269.175000001;1
807043983;790897.84;5827907.29;8
1092092686;797455.675;5823001.3;1
776782787#0;800326.365;5823690.46;1
109762287#0;802429.9750000001;5825993.54;1
136814968#0;791502.2;5827506.41;2
-24772627#3;802329.15;5828563.005;1
-1056631475#0;801212.0249999999;5826978.58;4
-108457516;796672.69;5828571.715;6
-858659626;802057.2150000001;5823092.5600000005;1
-155594984#0;800933.4099999999;5822545.66;1
155605276#3;801333.525;5824032.39;1
-948841895;801086.8400000001;5823276.095000001;2
155605276#2;801385.355;5824105.54;1
107780775#0;793987.6;5824366.279999999;1
-312926085;798461.8500000001;5829584.205;3
-1089432666;802596.895;5827257.2;2
155605276#0;801524.185;5824301.73;1
-793150994;795918.21;5824174.890000001;1
156341122#0;795219.04;5827257.385;1
-1089432665;802460.3400000001;5827283.79;1
-1100646850;797762.595;5830726.145;1
-1029435691;798020.025;5824145.92;1
-975759018;796491.46;5829490.29;2
-98399629#0;793669.22;5825160.34;2
692480564#0;793886.6799999999;5828475.865;1
71143836;799947.8300000001;5826451.77;1
-1101405165#1;798170.79;5829604.27;1
-231887171#2;793053.995;5826417.5;1
-34580834#2;799017.31;5829400.855;1
-188468362#1;794811.8999999999;5829095.455;1
-4410148#1;795702.505;5828547.83;2
168913243#0;796373.55;5825262.49;1
-1083745465#0;802753.81;5827323.435;1
-4410148#0;795556.27;5828461.115;2
-4618779;796302.215;5825421.074999999;5
508614987#0;795485.895;5823793.535;1
-32590370;800094.54;5827231.300000001;1
-267542610;798532.145;5828864.244999999;1
-852130988;802220.8300000001;5824577.09;1
-332164880#2;795413.9199999999;5829515.385;2
-169755120#0;797268.02;5823519.12;1
-1115537607;792362.01;5826367.92;1
318889283#0;794655.365;5825517.73;1
-1113112206#2;793672.4550000001;5825929.975;3
1072659579;801801.2150000001;5826339.035;1
-4370499;791764.1799999999;5825299.295;1
-1080200810#2;796809.54;5830684.785;1
4395589#0;793811.9850000001;5824929.130000001;2
-840875318;799530.7949999999;5825234.715;1
-843882003;794694.74;5825347.9;2
-4618785;796577.115;5825565.33;2
-1083745465#1;802624.4850000001;5827376.5649999995;2
151571088;797105.605;5823083.609999999;1
-1101911314;801371.75;5827343.050000001;1
-25369037#2;791891.75;5825929.529999999;2
-40644900;803039.5349999999;5827931.744999999;3
-172780076#2;797834.8300000001;5826199.66;2
-8150977;801028.1;5826844.074999999;1
-4495205#2;792108.405;5827110.765000001;1
-4495205#1;791977.73;5827091.34;1
-4495205#0;791847.675;5827071.515000001;1
-5786178;795051.365;5824085.9350000005;1
-6227658#1;797836.72;5828428.405;1
-292429063#0;797489.135;5827817.8100000005;1
-65426521;799425.775;5826774.365;1
84792464#1;791493.3;5825073.16;1
-4389511#5;791579.8300000001;5824970.98;1
-4606266#3;799450.435;5830204.01;2
836953626#0;793662.69;5824879.46;1
230611053#0;793260.015;5826986.2;4
39839437#0;796958.915;5825933.02;2
-1110752632#1;797346.355;5827118.71;3
52158844#1;796166.03;5824946.95;1
-4588068;798020.86;5824361.195;1
176621905;791327.87;5826506.71;2
1057544125;798242.075;5825973.335000001;1
-1057636474;801116.055;5828007.095;2
195439137#0;801700.535;5826282.0600000005;2
-1123106322#2;797602.605;5827772.47;3
265637901;791648.7749999999;5827634.029999999;1
-31586811#1;797892.685;5830489.484999999;1
-37184616#1;800968.8;5822747.46;3
-4525751#2;794578.86;5824395.3100000005;1
-392739719;794042.425;5826461.595000001;1
362719487#0;794547.935;5825724.9;3
-4616576;801738.9450000001;5827627.470000001;3
-43156728#2;798719.1950000001;5827537.785;1
-25066080;798405.94;5824509.77;1
53175869#0;796032.8999999999;5829329.14;1
-25152446;796153.3049999999;5823530.57;1
153689810#0;799471.95;5828852.125;1
195387482;802583.69;5825927.23;2
-4531816#2;794915.7849999999;5825824.99;2
433867834;795344.915;5827396.35;3
-752856111;796055.585;5829397.425000001;1
-1120556205;802338.19;5825598.5600000005;3
-24992424#2;799284.01;5827577.0649999995;1
189354258;794171.7;5827047.925000001;1
-889529769#0;801648.8899999999;5824580.93;2
-22972470#1;797961.39;5827030.045;1
-174317310;801260.28;5825028.6850000005;2
-36738531#0;801833.79;5823838.9350000005;2
-1120161880;796808.04;5829601.105;1
-794782645#2;800243.785;5822860.51;2
-4525754;794504.065;5824739.665;2
-66071379;798255.895;5827593.925000001;2
-752856112;796072.115;5829458.635;1
-4525753;794595.7150000001;5824815.865;1
-4616320#1;790928.73;5826240.535;6
-1081624520;802340.835;5826379.23;1
1079385854#0;795969.8600000001;5826267.685;1
-1097924830;795808.7649999999;5828524.415;1
-1081624522;802532.4650000001;5826637.9399999995;3
25205070#2;793829.53;5823992.18;1
-1116986781;791308.065;5827119.285;1
-38053032#0;793204.46;5828025.1850000005;1
-27244587;798960.275;5824531.345000001;2
-87687993#2;792381.145;5826793.115;1
24912850;795204.85;5826863.85;3
-1116986785;791396.51;5826639.775;1
-404275281;800257.125;5823595.405;2
335462901#0;794127.8049999999;5826985.21;1
-807140901;794145.635;5825559.36;1
-152953710;795632.5900000001;5824349.985;1
-1057138764;797522.855;5826239.695;4
-182669263;791533.435;5827308.095000001;1
-1110388546#1;796585.405;5825855.535;2
-722014546#0;797524.65;5823856.025;1
-4389604#3;793399.885;5824507.57;1
-1040750487#0;792884.655;5824714.82;1
-857496078;800988.2350000001;5824322.665;1
-1040750487#1;792876.65;5824562.05;2
-814840749#0;794123.125;5824572.63;1
902297512#0;799851.925;5825698.335;1
-957237073#3;797910.9650000001;5824579.6899999995;2
440061671#0;802172.245;5827700.415;1
-13782288#1;792856.245;5823786.075;1
85127872#0;793995.815;5823583.945;1
25199263#0;792649.45;5824558.785;2
-1056594138#2;790873.325;5825822.11;3
-219081831#0;793175.3200000001;5827928.6899999995;1
-374815127;798399.065;5830073.01;2
-28789621;796389.595;5829743.73;5
32937789;796931.345;5825879.465;1
-909825429;797122.105;5826605.59;1
-4611712;798292.69;5827084.055;1
-23248770;802325.395;5826973.6;3
-1101061001;795300.265;5828077.43;2
-4597325;797302.525;5827027.475;2
30276434#0;794620.63;5828443.140000001;1
-4631450#1;799567.9299999999;5830678.765000001;2
-4631450#0;799677.59;5830613.140000001;2
-1115537602#2;792633.1699999999;5826384.455;1
-52344540#0;795119.6699999999;5826274.699999999;1
-4396421#3;791705.38;5825641.4;1
-25417782;796110.6599999999;5824889.475;1
-1057185692#2;799259.8400000001;5826226.905;1
-161755130#1;800301.88;5830291.9350000005;2
-62276473;799748.29;5826433.055;2
-653362839;801870.57;5824077.15;1
-25294729;798766.55;5828184.38;1
-1108127004;800794.125;5827556.995;2
4424778#1;795208.74;5828507.12;1
151571084#2;797179.59;5823234.015000001;2
241020236;800730.75;5825632.38;1
4395530#0;793164.71;5823505.075;1
-24654535;793655.265;5827982.025;1
-161755130#0;800143.03;5830369.195;1
1057192512#1;797930.075;5824874.475;2
46096957;798344.715;5825636.43;1
-1123150361#2;798645.72;5828136.5;1
-845476764#0;800443.78;5825199.785;1
-4597336;796691.835;5826603.24;1
-4597334;796827.575;5826614.720000001;1
932637377;800164.54;5828030.455;1
-436413565#1;797643.965;5829567.545;2
137501593#0;793585.8500000001;5827927.485;1
-1052757284;799029.53;5829324.54;1
-27116218;792539.915;5824241.03;1
-444656563;801109.04;5823443.075;2
23026124;800217.335;5824395.995;2
-455097481;799417.355;5826464.77;3
-170311602;799176.0700000001;5826509.865;2
-4400157#4;793220.405;5827504.220000001;6
-1100786084;791237.4199999999;5825934.46;3
-23121445;798486.435;5827887.45;3
1101404262#0;799410.845;5828704.6899999995;2
-4391587;795652.8500000001;5828034.98;1
82649618;799123.9950000001;5827709.25;1
431356094#0;801419.4450000001;5826413.32;1
-1039463196;792960.53;5824628.595;1
-163209069#0;793167.65;5826339.545;1
-53357053#2;799126.53;5826028.225;2
4444428#6;792255.38;5825153.050000001;1
-4437187#1;792199.315;5824946.145;1
-25043972;802495.085;5825556.5600000005;2
10755226#0;796362.3;5825154.48;1
-4437187#0;792192.875;5825035.515000001;1
4444428#0;791940.38;5824790.39;1
-4437187#2;792196.8;5824809.08;2
490356855#0;793962.225;5825917.405;1
-847103786;798577.44;5828710.01;1
-154261296;800984.36;5829400.105;1
-4446722#2;791647.09;5828430.73;1
-988492907;801674.775;5827987.195;1
37294340;796526.285;5826236.465;2
-4686469;800700.87;5824725.119999999;1
-1123020840#2;798817.97;5824986.665;2
-4597356;795727.45;5826524.135;1
-1057554996;798359.77;5825790.38;1
-28222110#2;802025.655;5828791.779999999;1
-152832871;793111.6950000001;5827206.69;1
4531469#0;794846.585;5825682.175;1
-152832873;792991.875;5827260.9350000005;1
-1052669153#3;799759.96;5830165.1899999995;2
-168908245;794286.7050000001;5825780.0;5
1101062759#0;793651.8;5828501.305;1
1083602357#0;803161.325;5827631.925;2
1057209130#0;797875.665;5825099.855;4
-4685732#2;803023.725;5828317.845000001;1
-110008909;793528.275;5825921.904999999;1
-4531625#0;795805.025;5824507.9399999995;1
-4531625#3;795586.3049999999;5824456.485;1
-1107180845#0;795190.7250000001;5825420.78;1
83517336#2;797892.2;5827833.82;1
139746123#1;792080.435;5827343.324999999;1
-4686458;800044.44;5824892.505000001;1
-22954356;799426.595;5827312.4399999995;1
-4612403#1;798802.4450000001;5826838.095;1
396911288#0;793911.605;5825473.945;1
37280436#0;794497.1499999999;5824202.345000001;1
-1032929972;798074.745;5824260.1899999995;1
-4399488;795909.085;5827512.98;22
-1032929971;797894.97;5824278.484999999;1
42732321#0;797628.3049999999;5830814.65;2
-1044406927#0;797667.385;5825316.225;1
-717741321#1;798479.1950000001;5828977.33;1
-717741321#0;798368.165;5828964.745;1
1113400180#4;793549.8200000001;5826458.3;2
155605343#0;800863.5700000001;5824278.39;3
4615780#0;801710.435;5828773.18;1
53357391#0;798618.5700000001;5824725.460000001;1
-195387449;802700.605;5826003.74;1
4679304#4;800064.635;5824436.095000001;5
-217527875;794290.5549999999;5827673.965;1
-4686489;801049.465;5826176.145;1
302429255;791659.875;5827691.535;1
-1083747763;802832.405;5827377.744999999;1
932653429;800235.105;5827524.785;1
-931709659;794317.385;5823815.0;1
-24951393;791098.36;5825125.015;2
-4686487;799649.365;5826329.42;4
-4395632#1;793355.815;5824799.48;2
-915552431;796028.77;5829166.87;1
-24997595;797903.1950000001;5827072.225;1
-4449444;794107.7949999999;5825032.605;1
-135887713;802230.595;5825183.99;7
28426838#0;794071.5449999999;5825939.905;1
-1119933622;797724.755;5827664.4350000005;1
312357351;799188.5800000001;5827824.785;1
-142161211#5;795430.655;5824054.915;2
-4686490;800872.495;5826283.07;2
-65040944#2;798770.495;5826548.0649999995;2
-28701037#1;793423.0149999999;5823308.705;1
30194725#0;795165.645;5827218.265000001;1
-31525750;793725.45;5827358.625;1
-1057131743;799384.31;5826177.15;1
-56383732;800469.3899999999;5823021.575;1
-142161211#2;795277.1499999999;5823967.265000001;1
-103844052;795555.73;5824676.205;1
-287903610#0;801956.88;5826415.215;1
-22874227#1;794830.2050000001;5823828.755;2
-4686474;801162.38;5824503.305;1
-4686477;801435.28;5824017.07;1
-238933341;800482.3500000001;5826860.0649999995;1
-4686470;800845.495;5824694.5;2
-4490444#0;792510.29;5823900.545;2
-140498883#0;802239.925;5828128.91;1
-195411605;797911.99;5828065.145;4
-597922452;802389.44;5827642.41;4
-195387461;802789.7949999999;5825836.445;2
-29548009;800533.2749999999;5826903.9;1
-1102937733#0;792217.715;5826490.71;1
-175913915#2;801637.02;5827304.29;1
-4616192;801777.655;5828026.09;1
-155605278#0;801949.52;5824190.95;1
28658320;791423.125;5827489.685;1
19047484;800552.39;5828620.245;1
-155605278#2;802100.2050000001;5824404.074999999;2
168943639#1;799675.61;5828094.835;1
-405100404#1;796726.78;5827623.865;7
-4619358#0;798198.1;5825054.825;1
-1094052276#2;792983.245;5826338.995;1
-32555844;801168.47;5827357.029999999;1
-1107180836#1;795517.275;5825242.92;2
-4619358#1;798181.9450000001;5824921.645;1
-4540286#1;794089.995;5829021.785;3
-708910290#0;798313.03;5824379.41;1
1072680805;801670.78;5827556.359999999;3
-4556844;792459.3400000001;5827282.904999999;1
-4556841;792357.1;5827411.09;1
25199267#5;792502.585;5824433.205;1
-11483256;798183.7150000001;5829352.485;2
-4611782;798061.14;5825965.985;2
-1054672705;800427.88;5827483.645;1
-198743032;796463.1799999999;5828282.035;1
4782514#1;800420.7050000001;5827124.035;2
1092056221;797303.345;5823412.42;1
-1089751377#2;797268.265;5825457.895;3
-68339346#0;793146.72;5825983.845;1
-4500156#3;793717.4;5824007.654999999;2
-25041360;796447.355;5826830.29;1
-33492395;791267.405;5826576.72;1
-4490168#0;792595.935;5825891.725;4
-4490168#1;792428.3300000001;5825888.63;1
-4490168#2;792339.015;5825885.95;1
-4500156#2;793699.355;5824263.869999999;2
4397762#1;795221.225;5828245.5600000005;2
335477512#0;800563.0549999999;5829927.43;1
-24619225#2;792870.875;5827313.055;1
840401536#0;793775.245;5824886.795;1
-851251671;797770.665;5826438.109999999;3
-4583385#0;794709.29;5824772.49;1
-1100946910;798246.345;5824242.109999999;1
-1102369988;800056.97;5826650.640000001;3
-1102369987;799802.505;5826645.04;1
-32936167#4;794668.8200000001;5824660.75;1
317922820;794058.725;5826318.17;3
381816900#0;797964.89;5825266.645;1
-175298126#0;797412.47;5829868.140000001;2
-1110415990#2;795858.12;5825284.220000001;6
-175298126#1;797575.5700000001;5829748.19;1
302429264#1;793001.32;5826948.46;1
-24162107#2;801936.365;5824367.75;3
-1027272081#2;802470.44;5826773.085;2
-4716382;794042.69;5827159.705;1
-1091805997;797548.375;5823262.8149999995;1
825370773#0;794217.7749999999;5825390.135;1
-1107425338;796194.745;5828205.29;1
52414088;791362.9199999999;5826531.99;1
35373236#0;797782.455;5824719.35;1
-979807159#0;800867.395;5822484.08;1
302429293;791710.375;5827512.94;1
-351509721;801554.5700000001;5827919.545;3
-4607070#2;795808.04;5825877.404999999;3
-849583680;801337.9950000001;5824526.795;1
-1124759213;798247.625;5826096.32;1
206170865#0;794798.42;5827368.655;5
-24242835;797858.705;5826640.18;1
-4607070#5;795870.46;5826143.625;1
1113737284;800049.7949999999;5827921.725;1
-881150162#2;801038.415;5824888.945;2
-909291874#0;792141.245;5827436.53;1
-856945414;801921.7749999999;5824532.93;1
-4611779;797931.06;5825806.555;2
-1052940882;800480.215;5827717.865;2
-837433796#2;795057.1799999999;5823602.545;1
-17370332;799174.685;5826532.625;1
-4492013#2;793663.64;5825635.47;2
-343786622;795958.37;5829674.29;1
431356090#0;801119.01;5826618.06;1
-236000457#2;799737.54;5824741.795;1
-1124992786;799353.03;5826189.29;1
24540242#0;799521.885;5828163.85;1
-1056607368;791397.895;5825977.255000001;2
-35669324;798003.55;5824512.765;2
-4611774;797740.02;5826546.835000001;1
-4612696#7;799182.025;5825889.78;4
-4612696#3;799117.275;5825728.395;1
-389101365#2;797970.515;5827383.87;2
-62363402;798851.565;5828299.365;1
-24804412#0;801913.02;5823062.48;1
-1089457022;801774.095;5827212.305;1
-370617110;800114.6;5827273.17;1
-71827680;801480.9450000001;5823772.85;2
-24180030;802603.565;5827520.585;4
490347868;792873.4450000001;5825516.3100000005;1
-37995740#1;796336.185;5828873.43;2
28362836#0;796826.57;5823951.99;1
-182859952;794220.485;5829358.88;6
-182513811;794971.385;5827875.3149999995;3
-1083346216#0;801481.095;5827729.165;1
-72984394;800373.52;5827255.005;1
-5786177#0;795118.105;5824671.715;1
-25219761#0;792670.755;5828532.85;1
-317350507#2;800852.02;5823855.275;1
1113400586;793541.07;5826872.625;4
-164874299#0;797991.315;5826019.855;2
-137630045;797995.22;5828119.93;1
-169742745;797272.395;5824634.67;2
-936257826;800236.25;5823848.83;3
182604676#0;793677.885;5828060.28;2
-168896326#4;792941.2;5827480.154999999;1
831694400;798644.525;5827858.880000001;3
-782822226;801631.335;5826448.4350000005;1
1126245113;798413.835;5827723.625;1
-1102369941;798812.43;5828148.82;1
-84868091#2;800903.855;5824809.15;1
1082673235#0;802117.6699999999;5827578.525;1
-342078861;794844.34;5828301.37;3
-25178767#3;796880.9299999999;5824770.715;12
305094628#0;799794.915;5828680.8;1
-23485319;793463.7050000001;5824613.08;3
-1100647005;798253.005;5829908.86;2
-4887456;800156.4450000001;5824832.085;2
327805903#3;791899.435;5826342.52;2
-25360631#1;799685.5249999999;5827035.4399999995;1
-129207711;802244.245;5828638.1899999995;1
-111833185;797636.44;5827699.960000001;2
-4397221;794820.015;5826706.415;5
-4410151#1;795746.88;5828309.23;1
-4410151#0;795670.0800000001;5828443.140000001;1
-153698415;797117.99;5827936.58;1
-4357822#2;796242.8600000001;5823869.035;1
-4357822#3;796248.9650000001;5823664.295;3
-36738528#0;800889.655;5824465.55;1
-36738528#1;800972.4950000001;5824424.85;1
24240246#0;797306.1699999999;5827511.395;2
454110665#0;794960.05;5824280.875;1
1101062261#0;794152.1599999999;5828454.5;3
-1102369975;799419.44;5827050.615;1
-38279333#1;793444.46;5828709.05;2
-38279333#0;793420.97;5828988.645;4
28552785#0;801471.135;5829122.265;1
-1110381404#0;792968.65;5827374.725;2
37287191#0;802123.4199999999;5827455.405;1
966802050;795057.22;5824926.21;1
626859099;794571.845;5828571.68;1
-75509950#0;800563.645;5825098.65;1
980710210;801910.72;5823567.465;3
-153698402;797367.37;5827870.92;2
1108492316;794581.005;5827071.285;1
-1102369962;798844.115;5827341.425;1
-24495448;794044.055;5825371.52;2
-1082346484;796997.165;5828775.154999999;1
334160409#0;799996.355;5830268.285;2
25086766;799724.23;5827411.675;1
-35551354;801162.345;5822378.925;1
-4686083;801833.94;5825193.800000001;1
-1051634661#1;803116.52;5827440.975;1
-24242882;797823.51;5827459.665;1
6227796#0;797522.75;5828761.965;1
1096709556#0;800172.915;5829208.945;3
-4638867;797584.86;5823378.925;2
-98860093;800363.2949999999;5823873.785;1
-176031295;799703.6;5827271.875;2
-4581768;795242.63;5828609.5649999995;1
-172321066;795579.225;5827904.85;1
-31621013#3;792093.5800000001;5826727.035;2
-4597354#2;796060.4650000001;5826390.68;3
-989199012;793567.365;5824617.615;1
-24986658#2;797422.44;5825355.3100000005;1
-1091804127;797675.605;5823569.65;1
209264198#0;800009.615;5824586.53;3
-42732325#2;798202.99;5830785.04;2
-24889513#2;797384.76;5824749.4399999995;2
-4597354#6;796107.05;5826621.6850000005;3
-10687028;802142.41;5823856.95;1
111327267#2;801363.435;5823949.43;1
206018257#0;792888.01;5824357.15;1
-4710940#1;796184.745;5823636.71;1
-13853633#0;800051.545;5823161.695;14
-13853633#1;800080.23;5823031.765000001;7
202156994#0;798772.26;5827958.3100000005;2
-13853633#2;800103.23;5822931.85;7
152953712#0;795726.135;5824354.155;4
-4396011#5;791529.395;5826372.59;3
-13853633#3;800126.72;5822831.04;6
-260589819;794861.285;5827724.76;2
-271049536;801052.25;5827569.785;2
96418273#2;794957.31;5825338.4350000005;1
-203910783#0;793824.65;5828690.71;1
129104626#0;796671.1499999999;5829615.95;4
-182620302;800253.54;5828887.195;1
-168890013#2;792144.44;5826866.585;1
-11406684;795380.6699999999;5825746.005000001;2
-27927583#2;796767.715;5830517.48;1
-1109690564;793840.035;5823525.82;3
-1109690563;793601.145;5823531.285;2
-991635257#1;800245.72;5829913.98;1
-740848375;798392.8;5829039.855;1
-1101061545#1;795378.375;5827908.68;1
481651812#0;794954.475;5825606.460000001;1
-418130003#1;793536.4450000001;5829330.53;1
-585683719#2;801355.635;5823464.325;1
-1069691169#0;800686.8;5828120.359999999;3
-1101083333#1;793539.075;5826225.67;1
-1109690559;793126.665;5823377.735;3
-106819379;798393.81;5824424.385;1
155605360#0;800564.995;5823376.82;1
-8094520#2;798065.325;5830872.734999999;1
984896471#2;796158.3;5824007.125;1
4615786;801862.96;5828314.525;1
-203910783#1;793993.985;5828673.525;2
4615785;801744.2150000001;5828485.9350000005;1
-612748459;800400.385;5823055.975;1
-1052675177#0;799416.4;5829267.6;1
-1101059960;794826.745;5827967.3149999995;1
-612748456;800374.215;5823156.595000001;1
-1114731394#0;801833.0449999999;5828697.395;1
-1055082621;801081.6699999999;5827056.21;1
1116542013#0;796274.245;5826301.02;1
-19822684;800990.575;5823687.665;2
52143535#0;793948.385;5824819.135;2
30195540#0;794267.77;5828344.595;1
4436880#3;794794.425;5825555.98;1
-628330888;799519.505;5827727.640000001;1
-68135997#2;801051.9850000001;5824285.605;1
318668065#0;797931.0700000001;5823984.215;1
-1108046818;800794.575;5828191.56;1
-60688536;800416.09;5823532.595000001;1
-4491980#1;794406.255;5825736.43;1
-4556847#0;792722.8400000001;5827408.27;1
-25184342#2;793572.975;5827154.73;5
-25278602;801827.655;5827265.550000001;1
980109812;797539.005;5825532.83;1
30195540#2;794168.56;5828297.135;1
437325052#0;791458.6;5828304.965;2
-991688880#2;800573.9299999999;5823207.0600000005;1
-4437138#4;792506.685;5825283.495;4
36920052#2;801887.27;5826214.245;1
109612319;793029.095;5826791.21;3
4412932;796771.0;5827818.015;3
52158841#5;798355.48;5824762.75;1
-169753576#0;797136.0049999999;5823157.245;1
-16093958#1;796026.255;5826231.385;1
-1101060970;795191.895;5828090.415;2
-432391488;798519.05;5830971.24;4
1082929745;802138.825;5827878.375;1
1117262057;802186.485;5826092.859999999;2
1126244314;798486.825;5827749.800000001;1
-374182872;801439.94;5824825.84;2
-1055112019;800365.15;5828174.005000001;1
-203912352;792556.5349999999;5828912.220000001;13
-4405479;791996.73;5828110.04;2
-4586183;792626.14;5827392.765000001;1
52158841#0;798105.45;5824828.435;2
-176621935;791225.9750000001;5826417.355;2
-4586185;792265.465;5827514.635;2
-168894615#1;792267.435;5828120.095;1
-15977422;797941.89;5827901.08;1
-814944198;801973.325;5826578.99;2
-969888436#3;793830.105;5823426.175;2
-168894615#0;792138.625;5828115.035;1
986957330#1;801424.865;5823318.85;1
391493955#0;797751.6950000001;5824055.8100000005;1
-26071040#2;791577.315;5824825.79;2
68189544#0;800192.995;5823656.725;1
-36689633;798106.23;5828707.945;5
-4586182;792626.76;5827228.0;3
-23720975#6;792515.37;5828261.6;1
-23720975#5;792391.56;5828252.67;2
-4615784;801661.135;5828477.039999999;1
-4531462;794555.55;5824960.325;1
411114887;791533.41;5826897.07;1
-22972473#2;797913.75;5827324.215;1
-1119470747;801536.47;5827476.91;4
-1109690555#0;793666.03;5823214.35;1
-848033607;802367.41;5824006.705;1
-4375670#1;791388.425;5825473.7;2
-4375670#0;791257.87;5825376.765000001;6
-4618782#0;796695.97;5825913.785;1
-4618782#1;796638.9750000001;5825731.715;5
-4586175;793263.3999999999;5827920.575;1
10996312#4;798189.17;5823961.84;4
708296762;799940.53;5827465.695;1
-25134073;798647.825;5829812.43;3
708296763;800069.0349999999;5827403.6899999995;1
-4586176;793100.3049999999;5827984.9399999995;2
-63013586;800450.78;5826192.484999999;2
-4586177;793140.385;5828046.0;2
-4586178;793204.075;5828092.335;1
708296766;799814.885;5827526.845;1
-4586179;793321.9199999999;5828083.494999999;4
-627841674;801850.865;5823349.915;1
-685610358#1;800818.2849999999;5829573.8149999995;1
-55495482#0;796746.0700000001;5826930.505;1
-9536457#1;796144.55;5826392.74;1
4446505#0;791535.63;5826559.945;1
-4618827;795607.87;5825598.3149999995;2
24540243#0;802662.245;5827683.08;1
-4517175;792664.9550000001;5827854.4350000005;2
42732329#0;797781.355;5830541.535;1
-650365503;791547.525;5826712.165;2
4675368#3;798224.96;5825877.11;1
-959671528;797846.065;5824136.76;1
-23720975#2;792224.235;5828240.38;2
1101406088#0;794577.965;5828552.505;1
-4615006#0;799914.345;5829523.87;4
-4686498#2;799825.73;5826010.470000001;2
-4615006#1;800133.62;5829417.59;4
-346861805#2;792955.6699999999;5825454.055;2
-4611693#3;798353.97;5827509.355;1
-612748460#1;800260.955;5823024.205;2
24243056;797522.315;5827935.67;1
-1110381758;793284.535;5827135.665;1
-11406674;795395.605;5825659.8;1
-46672258;800314.015;5822800.395;2
-46672257;800457.6699999999;5822835.805;3
-713576589;798008.28;5828816.125;1
-147664165;797092.78;5829964.045;4
-6183487#2;797258.9;5829461.445;6
-48524869#0;794114.6599999999;5828015.365;1
-328064917#2;797675.19;5825991.195;2
329967778#0;794078.645;5828463.495;1
-840229277;797872.465;5827168.135;1
-328064917#5;797797.72;5826045.585;1
737714165;800328.0;5823683.994999999;1
1126178778;795091.3999999999;5826436.3149999995;4
1123020825#0;798023.5800000001;5823972.165;1
-1037693686#0;803250.565;5827771.955;2
-4611693#0;798333.0549999999;5827597.175;1
340498976#2;798133.9450000001;5827899.29;1
-4495200#0;791924.435;5827467.02;1
95928370#0;797876.615;5823988.075;1
-5174236#1;791038.815;5826408.7;4
-840229275;797857.045;5827264.515000001;2
-152343391#1;795446.75;5824831.28;1
236092221#0;797483.665;5827541.535;2
312534044#1;799728.915;5827716.005000001;1
386822749;794845.765;5825135.955;1
-44851672;801492.6599999999;5828469.745;1
-1109632980;796174.4199999999;5824101.695;1
1100785383#1;791624.7849999999;5826090.85;3
318889288#0;794112.74;5825474.845;2
-4403526#1;796888.9550000001;5828048.609999999;2
-4615781;801512.5900000001;5828666.82;3
1101061468#0;795619.7150000001;5828186.475;2
460217103#0;801384.075;5829237.05;1
1096709248;801477.205;5829155.24;1
-137944958;802873.8400000001;5828340.54;1
-273390876;800647.44;5827404.285;2
-146911405#3;802762.565;5826767.46;1
-566764344;799499.085;5828545.390000001;1
-1083748511;802604.5800000001;5826951.635;1
-134434248#1;797427.84;5822740.215;3
156132846#3;796217.7649999999;5826238.83;5
-4442074#0;793373.0349999999;5823411.1899999995;1
60762617#0;792853.45;5824780.109999999;1
-4515851;791723.2050000001;5826719.529999999;1
-1109632977;795372.29;5824159.385;2
-1109632978;795204.095;5824121.5600000005;3
-26056008#2;798566.855;5825496.95;1
1113400536#1;793430.8200000001;5826569.51;2
-151571097;797191.235;5822706.855;1
-337967751#3;796446.39;5824313.465;5
-1091805063;797560.175;5823752.225;1
-64455490#0;793064.38;5824233.135;1
1101138845#0;794383.785;5826083.300000001;4
-8149663;799321.74;5829851.04;2
-1025365101#1;796989.505;5829391.2;3
-1100646993;798202.635;5829417.1;1
-1100646994;798111.62;5829437.8100000005;1
-1102323795#0;791209.55;5827032.1;1
-4611907#3;798467.0349999999;5825093.72;2
-4410445;794336.12;5829292.01;1
-24837127;791975.23;5827666.609999999;2
-456455655;797659.875;5824024.05;1
42623234#0;800372.185;5824439.41;1
-638688891#0;800565.48;5824682.76;4
-638688891#1;800552.785;5824857.550000001;1
-240438957#0;796238.63;5825681.45;2
-1121097167;800996.075;5826971.975;1
152343392#0;795514.19;5825127.1850000005;1
-112442378#2;792717.62;5825809.345;1
-4535225#2;793325.475;5823469.17;2
-176043807#6;797214.8500000001;5828228.68;2
-495949631;800636.685;5823718.859999999;1
-28658328#2;791823.2849999999;5825796.779999999;3
-1061707859#2;798729.905;5824996.77;5
309602349;795286.4550000001;5826629.815;1
-495949635;801002.45;5822333.85;1
-28497262#2;796029.3200000001;5825263.73;1
-176043807#0;797407.595;5828292.35;1
-25680654#1;800263.03;5822443.255000001;1
-168829867;802509.6000000001;5827222.585;1
1101404966#0;798640.845;5829052.785;1
-683513744#0;799824.13;5825306.234999999;2
-4410415;792299.7250000001;5828660.6850000005;8
433867835#0;795182.94;5827264.255000001;2
338573434#0;801268.4450000001;5828663.95;2
-30196049;798034.895;5828875.495;1
-186214946;797906.25;5825641.99;1
1096709262;801319.83;5829366.6;1
-1057578010;798448.97;5825447.95;2
428660082#0;792747.675;5826779.405;1
-42998616#0;797361.25;5825798.765000001;1
-1083739216;803061.11;5826595.965;1
-182674122;797807.405;5830987.8;1
147684946;795174.9299999999;5826307.41;1
317871682#2;797609.915;5830841.9;3
-42998616#3;797315.075;5825669.855;1
-107747046;799739.865;5826784.645;2
186216343;800687.8;5823652.09;1
-155605363#1;801899.835;5823424.085;1
4525722#3;794587.31;5824877.46;1
968257756#0;793361.21;5823933.595000001;1
-195344059#2;799929.2;5826034.095000001;2
4686029;802384.78;5825585.85;1
228498046#4;799665.5549999999;5824859.92;2
317878192#0;800959.64;5826791.425;2
345816101#0;801363.245;5828720.800000001;1
-228498041;800800.665;5824789.6850000005;1
-338412128#2;796640.8200000001;5823971.975;1
-693612362;797649.605;5823052.645;2
-172421119#0;798768.855;5826707.505;1
-4492396#1;794380.11;5824990.26;1
-151571090#1;796953.27;5823541.645;2
-30189015#0;793857.6499999999;5829137.0600000005;4
-151571090#0;796846.5549999999;5823399.965;2
-4492396#0;794393.0900000001;5825149.65;1
46140376#0;798630.325;5828420.725;1
-228498044;800728.81;5824885.155;1
-26969523;792672.0;5828204.7;1
-903119451#0;800698.125;5827723.91;3
-31586812#1;798277.9199999999;5830691.025;2
-26969526;792767.1;5827870.785;2
-31586812#0;798191.77;5830646.255;2
-4494956#2;793748.69;5824813.085;2
-24162142#0;802314.52;5823932.245;1
-1120414698#0;802358.9199999999;5825522.97;1
-490361980#2;796240.285;5825962.17;1
-25418282;793923.91;5826516.99;1
-540264512;796137.455;5823014.12;4
-4616242;800344.5449999999;5827342.869999999;1
-4525863#1;796559.895;5824736.779999999;2
-133615133;800650.655;5824675.66;1
-701460342;796258.46;5829210.965;1
-542983663;798439.3400000001;5826755.045;1
155069312#5;797401.425;5824891.220000001;1
4937325;791718.6399999999;5824717.5;2
1009799542#1;791482.71;5828221.68;2
1009799542#0;791522.1799999999;5828100.805;6
-127538487#0;803063.175;5827236.3100000005;1
-23109089#5;797050.3300000001;5824294.609999999;1
-4615063#5;800844.3049999999;5829257.609999999;1
-26808870;794632.8049999999;5824557.145;2
-4615063#3;800601.56;5829409.395;2
389400704;799100.345;5830374.33;1
1120993183#1;798364.2450000001;5828384.165;1
142018561;798876.115;5825174.025;2
832298077;798322.7949999999;5826214.045;1
-989199013#2;793513.4750000001;5824493.4;1
-785360431;800780.48;5825844.02;1
367355783#0;796042.475;5824965.65;1
-866658764;799645.5549999999;5825552.625;1
1100785766#1;791342.135;5826069.5600000005;1
-1096664770;800517.715;5828005.8100000005;2
-203910792#1;793469.625;5828904.92;1
-1101189714;791380.38;5826350.335;1
-392759408;801539.615;5826446.185;1
-203910792#0;793366.3400000001;5828882.17;1
-155397367;797677.0700000001;5824457.33;1
-4406361;796977.24;5824385.994999999;6
4597353#1;796245.23;5826489.970000001;2
-1100646924;797355.4750000001;5830081.285;1
-13222746#0;795053.565;5824830.71;1
-8149664#3;799801.27;5829826.59;2
-13222746#1;795141.1699999999;5824736.225;1
-128266207;800667.3899999999;5825820.525;1
-567604389;802900.46;5826564.5649999995;1
-338130659;802148.9299999999;5826353.390000001;1
16095526#0;795279.4199999999;5825861.78;1
-881921235#2;798275.62;5829367.34;1
-421494352;798410.185;5829848.605;1
-16374393#2;797614.37;5826826.835000001;1
-39839436#4;797738.745;5826105.015000001;1
823947544#0;793206.065;5826087.029999999;1
-1081727209;801744.065;5826680.925;2
-1081727207;801617.9299999999;5826606.195;3
-76212441;797011.29;5828086.76;2
4610476;798022.125;5827998.835;2
-4603456#2;798127.495;5830944.8100000005;2
-1124764664;797350.865;5824530.025;1
-4389558#0;796410.835;5828720.1;1
-4389558#2;796366.125;5828812.055;1
-375991056#0;794887.96;5829024.21;2
-217878976;793740.4299999999;5827656.92;1
-1055105774;800252.5800000001;5828097.0649999995;2
-155605274#2;801125.55;5823960.63;1
-840593692;800285.605;5825227.22;2
-391493950;797031.03;5823992.5649999995;1
289967595#0;799451.655;5828048.595000001;1
-4515847;792406.085;5827039.43;3
-4498148#1;791662.355;5828519.055;1
-1083745084;802405.0700000001;5827435.64;1
182106933;797432.71;5829709.895;1
4703556#0;793718.71;5828567.98;1
-593851965;795949.605;5823641.15;5
-747453201;792745.005;5826652.14;1
-1054720881#0;800957.6799999999;5827717.5649999995;4
-28413555#0;795026.285;5825430.05;1
28247402;802048.5;5829100.2;1
-513152006#0;798473.355;5829833.835;3
1101117429#0;793938.39;5826199.975;1
-4442078#0;793600.71;5823315.205;1
-66071387#3;798428.715;5826652.835;1
-66071387#0;797966.99;5826582.525;2
764644562#1;800826.935;5823446.01;2
-607986258;792392.6000000001;5827726.41;3
-151571083#1;797112.835;5823624.815;1
318658545#3;797789.89;5823382.15;6
-141128796;791958.995;5825287.295;1
318658545#0;797799.63;5823167.175000001;15
-187651222#3;794490.9199999999;5824980.8100000005;1
-8084128#1;801731.77;5829364.59;1
318658545#6;797781.8;5823572.779999999;9
-1096709555;800379.55;5829130.925000001;1
-447082548#1;795741.755;5825204.425000001;2
-8084128#0;801860.1950000001;5829182.5600000005;5
-153372294;795188.61;5826495.63;1
-1113707139;800388.315;5827614.24;1
-144129102;796538.615;5824859.915;2
-1096709536;800786.265;5829163.125;3
-1121008013;798242.505;5828515.35;1
1083487488#0;801783.225;5827779.98;3
-36844648;791958.89;5828446.96;3
25041940;796434.745;5826609.045;1
-4583366#0;795092.935;5824278.895;1
-4597202;797459.075;5829015.9350000005;4
-163209068#2;793220.255;5826417.91;1
988868964#0;800388.745;5826628.43;1
-1039422507;793197.485;5824804.595000001;4
-47973763;795039.3400000001;5826321.875;1
-157669323;796017.72;5828780.925;3
-371927739#1;798646.02;5828793.595;1
11605931#0;795426.04;5825786.765000001;1
-637452565;794334.54;5823584.95;3
-28413555#1;795139.785;5825471.695;1
-1096709540;800292.8400000001;5829036.355;2
-1110388547#2;796101.885;5825995.595000001;2
-1096709541;800423.855;5829070.16;3
-785350791#2;801590.905;5823686.105;1
309600206;795514.9199999999;5826230.795;2
-25151919#2;796055.405;5823175.325;1
461526152#0;797777.49;5827589.72;1
-32938436#1;798202.3049999999;5826374.654999999;2
1057632488;801140.91;5828076.715;5
-657255429#2;800999.98;5824048.45;1
-16113660#2;799076.735;5825136.654999999;4
-163379148#0;801196.4450000001;5822869.25;1
-5110896#1;796985.8200000001;5823134.015000001;1
-1033701644;792202.975;5827400.985;2
-1101405292#0;798018.615;5829532.85;1
-5110896#0;796882.87;5823122.21;1
-163379148#1;801046.89;5822828.925;3
-27093182#0;792810.13;5826606.47;2
-118315143;801862.41;5823197.59;1
-279930530;800876.77;5827451.99;2
-157390073;796481.345;5827499.085;2
-12307802#2;796108.2050000001;5824327.475;2
-814842628;794307.6;5824309.16;2
-1105576713;796868.89;5830349.279999999;1
-183982273#0;799537.7;5829999.970000001;1
-1105576712;796671.275;5830254.745;2
-4436884;792180.125;5825870.01;3
-48907690;795626.155;5825930.205;2
-4471965#3;792518.14;5827976.885;2
-4471965#2;792398.5;5827972.495;1
-4471965#5;792692.3200000001;5827982.550000001;1
169658772#0;794460.965;5827736.5600000005;1
-1101189743;791305.51;5826335.470000001;1
-4389571#1;791906.28;5825569.755;1
-4597404#1;795105.385;5825377.789999999;1
-1107180844#2;795924.475;5825154.425000001;1
-4597404#0;795088.41;5825534.635;1
-23755718;798231.5149999999;5826823.33;1
-648467511;800919.755;5823547.91;1
-1057557985#3;798750.79;5824819.725;1
-4396420#2;791854.815;5825635.8149999995;1
-1082303475;801549.615;5825975.02;1
-1082303474;801617.4450000001;5826012.8149999995;1
991644839;795137.12;5825622.055;1
-23809670;798511.5349999999;5828145.595000001;2
-4396910;796301.79;5829532.43;1
-4396420#5;791852.23;5825471.859999999;1
-272972064#0;800831.04;5826982.71;2
-256922648;802688.5449999999;5828328.935;1
169195795#0;798199.565;5827677.915;1
-218388490;801694.165;5823643.02;1
169195795#1;798094.31;5827659.779999999;1
169195795#4;798009.93;5827653.445;1
-558470687;801869.29;5823986.715;1
-272972064#1;800655.5;5827089.845;1
421557818#0;802326.775;5826039.6850000005;1
-4389571#0;791713.04;5825552.609999999;2
-4631474;798841.7749999999;5830902.99;4
-593851922;802731.115;5827231.02;1
-4597231;797835.165;5829815.725;4
4437134;792508.22;5825178.125;3
-4631473;798961.13;5831004.32;1
544399004;795803.595;5827254.845000001;20
-689406332#2;793287.895;5827816.93;2
-743631784;798673.405;5828355.275;1
-4631478;799086.8700000001;5830839.465;1
-845476765#1;800312.02;5825099.52;2
-632065761;797933.58;5826377.96;1
-25759600#0;792930.585;5828459.655;3
-845476765#0;800459.335;5825136.234999999;1
-4610472#3;797693.75;5828142.66;2
-593851923;802275.175;5827321.505;1
-1082080831;792712.275;5828060.825;1
-4610472#0;797815.3500000001;5828169.390000001;2
-1101819503#0;799417.335;5825418.55;1
-1089726114;797061.485;5825538.79;2
-15920077#0;791061.78;5827220.775;1
-17369012;801926.8400000001;5825668.05;1
997788465#0;800223.28;5824618.33;1
-4471965#1;792273.3899999999;5827967.48;1
16096289#0;796408.85;5826450.85;1
-503096340;793864.5700000001;5827138.654999999;1
-458953719;799199.48;5827162.84;1
-4471965#0;792144.365;5827962.33;1
-82533418#2;803039.29;5826869.3;1
-778654456;797341.855;5822605.05;1
28528177#0;791178.205;5826120.905;5
-1105626008#2;792516.8500000001;5825772.535;4
-612346734;793664.85;5829177.225;1
-240438953;796374.1799999999;5825789.175000001;4
25558788#2;799223.4099999999;5829625.92;6
4782524#1;800737.3300000001;5830106.405;2
-605022051;792472.655;5827610.58;3
-41413736#3;793285.1399999999;5827368.695;3
-517871369#2;797092.87;5829270.6850000005;1
147686214;795727.265;5826284.615;1
-4484085#0;791809.56;5828722.225;1
36337926#0;793560.75;5826900.87;3
335487070#0;796854.595;5825944.734999999;3
-41413736#0;793087.745;5827483.035;2
-667569667;802393.325;5828298.300000001;1
823947550#0;792147.2949999999;5826108.51;1
-1079440909#2;800027.84;5826308.745;1
4782524#0;800689.3500000001;5830030.395;1
-131333251;800879.53;5824376.404999999;1
8097777#0;793198.485;5824591.08;1
-1120360217;801918.665;5824812.365;1
-278354657#1;798329.39;5824087.215;3
31609650;799959.265;5827442.555;1
-120853580#0;799854.7250000001;5830384.055;1
-4597254;797949.265;5829115.535;2
-4597252;798063.235;5829818.015000001;1
-4611907#0;798436.53;5824873.225;1
-875860588#0;799224.24;5830739.99;1
-4446721#4;791685.94;5828327.595000001;1
-4446721#5;791657.0;5828189.32;1
-1123729634;799276.2250000001;5830561.24;1
-4446721#6;791624.145;5828050.96;1
-1082712003;795452.7849999999;5828458.865;2
78298214#0;795847.44;5827287.1850000005;2
-4789055;802037.22;5828398.074999999;2
-4474890#1;792071.905;5824805.6850000005;1
1119962276;792535.315;5827139.43;1
-4611862#1;797230.95;5826052.32;3
-151526149#1;794520.335;5825937.575;1
-4583113#2;794601.285;5823629.035;1
-4396816#2;795564.375;5829439.525;6
-4396816#3;795655.4450000001;5829288.32;2
24243092#0;797872.27;5827943.515000001;1
-25968134;801276.155;5823175.904999999;2
-32517164#0;794282.3700000001;5827951.66;1
-241886108#1;797332.965;5828991.15;1
109762285#0;802292.3400000001;5826057.3100000005;1
-4396816#4;795674.405;5829256.67;1
-4396816#5;795776.7150000001;5829083.38;9
-4396816#6;795918.4299999999;5828843.385;5
-151128634;802301.0900000001;5828226.475;2
1098856587#0;799228.0700000001;5829356.9;2
-4686110;801127.14;5825796.735;2
-23075526;796906.8500000001;5830395.805;1
-875619205;799064.65;5830719.72;2
-1102323803;791118.415;5826898.775;3
-1102323801;791341.0449999999;5826932.970000001;3
-1096709563;799757.015;5829006.24;9
-105352753;796987.77;5828152.88;1
-1100718206;801217.065;5827561.54;1
-375958863;795198.62;5829312.21;4
-4531424;794432.21;5825332.54;2
-729397316;796508.335;5828626.12;1
-64781937;799045.52;5825286.0600000005;3
-967690964;801948.96;5823310.32;2
-4612753;799350.905;5825823.645;1
415280722;798962.29;5828149.115;3
-814265560;801797.905;5823062.26;1
-4377781#2;793313.425;5826282.0;2
4525750#7;794672.165;5824062.21;2
169738739#0;799201.6950000001;5825620.57;4
-4543407;793629.8899999999;5828326.8149999995;2
29239824;800918.9450000001;5828516.58;3
25418287#4;793720.1799999999;5825491.279999999;1
319492883#0;793884.7849999999;5824914.775;1
-4543406;793431.63;5828372.98;1
-4517116;791773.31;5827613.59;1
82654059#0;799056.5900000001;5827729.199999999;1
-4612431#1;799670.5149999999;5827129.055;1
-48954018;802421.06;5827356.885;1
-1116876562;796911.52;5825774.07;2
1101071981#0;792725.76;5826071.895;1
-960167546#2;801156.63;5823753.0;2
-176043799;797171.48;5828781.904999999;1
-604236912;792666.28;5827417.335;2
-1101062858#1;793571.25;5828714.62;3
-628750424;797282.6699999999;5823586.244999999;1
-24666391#2;795720.55;5824254.35;1
-1102675943;793552.7849999999;5824887.045;1
1096709564#1;799788.675;5829508.720000001;1
-988870538;799705.8400000001;5826591.859999999;2
-789027137#2;800795.85;5824414.465;2
287903608;801869.11;5826348.18;1
-156314744;797812.63;5824441.125;4
-4597324#0;797197.865;5827121.43;1
-4480560;791343.64;5825756.915;1
-4597422#0;795062.4099999999;5824767.18;1
81942927;795210.78;5827195.665;1
-1055085509;801576.485;5827245.035;3
-150512436#0;794414.955;5825541.145;1
-28218854;793260.74;5823660.635;1
-1119477171#2;797577.005;5824167.925;5
-179019727;798412.3200000001;5824652.425;2
-4410537#1;794150.1100000001;5827560.79;1
-4410537#0;794218.66;5827647.51;3
-150512436#6;794270.595;5825623.505;1
-15973619#1;798497.31;5827208.575;1
-150512436#9;794149.645;5825692.6850000005;2
-15973619#2;798581.44;5827158.02;1
296599839;799985.6799999999;5828518.185;1
-15973619#0;798437.81;5827292.675000001;3
-1101189360;791616.4450000001;5825764.74;4
875860584#0;799368.29;5830332.23;4
-4490367;793984.01;5827719.235;1
-23430154#2;802688.935;5826906.465;1
375311154#1;798465.455;5826971.835;1
-139712152;799037.4299999999;5829806.01;4
-23430154#0;802773.53;5827170.675;1
-447083144;795533.8300000001;5825311.395;1
102773708#0;802077.165;5827232.9;1
11845184#0;797028.285;5826584.645;1
-875619207#3;798727.4199999999;5831015.25;2
-182604673#2;793577.39;5828146.93;1
-176031315;799843.755;5827200.66;2
-367256836#2;794005.8500000001;5825771.515000001;4
-4611885;797411.13;5825177.13;3
-4403571;794989.1000000001;5826624.34;2
-493008121;798493.45;5828622.825;1
-4594102;794741.51;5827909.715;2
-4611886;796897.12;5826322.82;1
-25219762#0;793087.4550000001;5828279.895;1
-176031319;795420.395;5827491.02;1
-4377141#3;794327.395;5827180.085;2
-1115413698;801904.04;5826846.835000001;1
-1083617993;800182.865;5828803.029999999;2
-4377141#2;794414.565;5827316.445;5
-196850606#2;797815.245;5827108.404999999;2
593051116#0;796277.5349999999;5828981.8100000005;1
-25219762#3;793403.245;5828217.5;1
-1113693220#2;800679.0;5827602.505;3
-23859715#2;799629.9099999999;5827054.6899999995;1
-4611898;797974.0900000001;5825074.6;1
-43376693;798199.6799999999;5827019.145;1
-1010060782;801248.85;5822634.125;1
-1100903092;797366.8999999999;5828719.705;4
-764002315#0;802220.765;5823799.795;1
-991635258;800393.01;5829841.805;1
4540653#0;794455.5700000001;5827704.675;1
-4611890;797484.345;5825014.955;1
-1091697620;801793.755;5828153.75;5
-114097468;800521.19;5824342.415;2
-374621842#2;796712.26;5829712.225;1
-26969521#2;792803.2849999999;5826396.91;1
-32936397#0;795223.335;5825101.665;1
-4611895;798090.985;5825329.085000001;3
1025851956;799342.33;5827989.925;1
-849528487#2;801194.35;5824839.744999999;3
-109303707;792395.05;5825675.25;1
-297465352#0;792331.255;5824196.165;1
-297465352#2;792318.8300000001;5824508.745;2
-930703386#2;797735.085;5829698.9;1
-282760689#5;797422.495;5829240.17;1
-1101010196#0;794232.77;5828227.9399999995;1
-4383280#2;797059.365;5828890.65;2
1025851953;799221.6799999999;5827590.8100000005;1
-4894083;795799.6599999999;5826512.8100000005;1
40641234;800638.53;5828551.02;1
-4413173#3;792332.495;5828084.295;2
-102544401#2;799199.875;5830360.125;1
-900014245#3;798635.765;5826398.995;2
-593476355#5;792672.34;5825247.805;1
-34956511#0;796691.9750000001;5829860.055;2
-34956511#1;796811.525;5829992.02;1
-182689596;798860.4550000001;5830374.82;1
27943548#2;800555.9550000001;5824440.050000001;1
-182689595;799007.315;5830378.725;1
-175916784;800990.685;5829164.715;2
-1120362457;802160.005;5824830.35;1
-4357821#1;796161.675;5823285.74;2
-184429424#0;799448.905;5829539.855;1
1083226637#1;800337.6000000001;5827689.485;1
206170868#0;795181.905;5826878.355;4
-873150441;800661.455;5824469.390000001;1
593851959#7;795393.835;5823711.01;3
-666317537#1;798306.71;5823955.265000001;1
-740635748;802222.575;5823727.800000001;1
-152699780;792894.1;5827199.265;1
-46096956#1;798427.94;5825844.015000001;1
-46096956#0;798387.415;5825710.6850000005;1
490356863#0;793923.7649999999;5825936.795;1
-373744355;793259.105;5828036.515;1
142629258;793525.74;5826383.915;1
-11342758#4;797487.275;5824649.109999999;1
-1083536965#2;801981.005;5828498.525;2
188865516;800826.605;5825840.495;1
-176031304;799819.1;5826987.72;3
431356093#0;801310.335;5826477.5600000005;1
-751353892;799554.55;5825366.635;1
-206718346#3;799139.85;5826923.475;1
153692991#0;797432.1699999999;5829174.005;1
-29054704;800046.53;5828394.98;2
-64455507#2;792849.7250000001;5824024.42;1
-334696689#0;796602.64;5824843.13;3
188283090#0;800048.36;5829029.970000001;2
1101404245;799527.5549999999;5828815.9350000005;2
1105526112#0;799311.115;5828534.985;1
342418612#0;801523.315;5828800.390000001;1
1057190073#0;797199.62;5824802.029999999;1
-594048998;802919.625;5826645.45;1
-4597039#2;797722.97;5830392.495;3
-4597039#1;797539.29;5830282.13;3
-1107180839#1;795213.3200000001;5825205.640000001;1
-19064221;801728.1950000001;5825923.890000001;1
431664602#0;795937.77;5829479.21;1
-1092669589#2;792196.29;5824687.585;1
-42346818;794083.3999999999;5824356.375;1
-4613299#1;799339.0149999999;5828784.5649999995;1
-1083722301;802795.1;5827772.3;3
-4543954#2;796689.565;5830409.8149999995;1
-4892704;799774.4450000001;5825180.3100000005;3
-1074551828;798104.045;5826164.265000001;1
-1079442886;800738.89;5825770.06;1
-168942727;798818.95;5828364.38;3
-203910777#1;793444.605;5829092.945;1
-103258836;792083.555;5825440.04;1
-489521490;794212.63;5828552.125;1
-1116876533;796978.0;5825667.675;3
-970227076#0;802286.78;5823107.27;1
-152946752;793429.015;5826266.705;3
-9188883;801957.225;5823921.8;2
4525728#0;795936.07;5824964.175000001;1
1101083664#2;793471.4650000001;5826081.545;1
-15388188;796391.78;5825310.705;4
-694745015;796361.36;5826625.6;1
-1112119808#2;792714.425;5825711.415;1
-1101407425#0;795107.065;5828777.075;1
1101061464#0;795423.115;5828223.16;3
-1101405300;798134.94;5829525.43;1
-1092645063;801236.9299999999;5828808.91;5
137621873;802184.86;5824184.51;1
-4490389;793130.51;5825498.48;2
194962398#0;799637.5900000001;5827793.71;2
-1040630269;800377.945;5828628.745;1
-1040630268;800047.035;5828796.5649999995;2
-28496022#2;800670.095;5822991.66;1
-28496022#1;800650.8500000001;5823041.640000001;1
-209264196#4;801116.19;5824049.695;1
-188591697;796620.1000000001;5824313.359999999;1
-1101405167#1;798275.835;5829503.59;1
-24684997;798689.295;5829218.83;5
-155605316#0;801132.86;5823357.550000001;1
-28402260#1;797599.435;5826467.8100000005;1
-1081624486#2;802366.735;5826282.54;1
-26185150;793013.9199999999;5824335.07;2
238682696;798443.0249999999;5828905.465;2
-1090603292;801428.38;5825649.57;3
-1105631680#2;794202.13;5824995.765;1
-106652862;791682.815;5826919.279999999;2
4618713#0;795647.02;5825460.96;1
-136571494;798862.28;5827746.4399999995;1
4618713#1;795787.81;5825420.93;1
-1101061557#2;795470.145;5827827.865;1
-32975880#0;797549.105;5825082.265000001;3
-146911396;802499.165;5828431.525;1
-172843719#0;795085.5700000001;5824466.545;2
1116067500;801832.435;5826392.91;1
-1113398428#3;801951.425;5828822.225;1
4615779#0;802170.125;5827765.465;1
37426338;791956.27;5828165.85;1
-714067249#0;801175.665;5823075.71;2
-24241790#4;798774.97;5828613.085;1
893550999;802414.8049999999;5827715.475;2
-12307239;796270.075;5824100.08;1
-62240975#2;796426.835;5825517.095;2
4515844;792290.2;5825602.0600000005;1
865069694#1;802273.51;5823305.335;1
1101406067#0;794577.835;5828419.525;1
-1059168977#2;803122.53;5826908.905;1
-508410319;798373.7849999999;5826846.92;1
-8084132#8;802110.1699999999;5828497.755;1
-8084132#9;802157.615;5828401.475;2
-140149258;802152.615;5828223.825;1
-8084132#2;802004.5349999999;5828714.1;1
-18908132;800609.5;5823460.77;3
-1083525648#0;801471.755;5828073.93;5
-4693531#2;794771.675;5824078.640000001;1
1119962237#0;792203.2549999999;5826951.165;1
-1024040654;794192.22;5823623.215;2
-860667828;800200.53;5822509.475;6
-1113111988;793921.4650000001;5825678.09;1
-1057183597#2;798562.795;5826490.82;2
-1110415989#1;795898.855;5825580.25;1
314433169#1;795274.99;5826377.46;1
-419527312#0;801136.675;5827278.525;3
823947554;790895.675;5826016.67;1
-4490163#2;792042.0549999999;5826244.67;4
-22773266;798451.065;5829442.075;5
1078768082#1;795386.8300000001;5828219.79;1
-28497108#0;793572.4099999999;5828419.6899999995;4
541295978#0;797623.06;5828283.970000001;1
-196961376#10;793475.94;5824865.735;1
-1057185107#2;798807.29;5826398.645;2
-53357058;800789.135;5826497.885;2
-53357056;800393.775;5826048.42;2
-989737333;800483.33;5825038.9399999995;3
23026127#0;800460.37;5824494.255000001;1
-53357055;800365.28;5826322.58;2
-849540330;800683.38;5825160.53;2
-1083722299;802896.52;5827774.695;1
-53357052;800608.85;5826117.155;1
4490214#0;790817.2;5825816.405;2
-28497108#4;793542.615;5828248.9;3
24243052#1;797600.23;5827901.49;1
-4603408;797771.32;5830871.16;2
-312176585;799374.945;5828078.7;2
25205072#0;794091.0800000001;5824086.695;2
8005348#0;798867.69;5825070.325;1
-849565610;801374.765;5825110.26;2
-180331460#0;798878.165;5829205.24;1
-1102323792#0;791085.0;5827087.925;1
-4410956#0;794341.95;5827996.835;3
-30136504;794252.06;5829008.3149999995;1
156341117;795317.0449999999;5827383.635;4
-1101071971;792533.46;5826186.09;1
-448076850;800062.25;5828116.59;2
-4410956#1;794430.6799999999;5828069.885;1
400740367;798309.38;5824443.78;2
1105574292;797529.7949999999;5827009.33;1
32909782#0;792493.775;5826708.35;1
-47935842;797464.825;5827348.3;1
-4583371#3;795496.6;5824297.735;1
-860151161#2;801525.135;5824464.6850000005;1
721247136#0;797816.585;5823848.16;1
-196850605#2;797774.33;5827361.775;1
-172425896#2;800187.8400000001;5825595.4399999995;2
-1055187502;797892.53;5830646.165;4
-513152007;798557.715;5829879.445;2
47016365#0;799453.94;5828364.545;1
148565635#0;793994.015;5823555.72;3
-1055187506;797751.2050000001;5830119.16;3
-1055187503;797892.3;5830098.205;2
1101326647#0;797853.535;5824996.665;1
154041920;796980.325;5827342.875;2
-49707010;800780.37;5823479.41;1
4525910#0;794639.005;5824302.26;1
-1020468799;799547.24;5829607.545;2
840401538#2;793631.28;5824827.61;1
1101404246#0;799539.56;5828764.3100000005;1
4296468;798492.8999999999;5828786.984999999;3
-1054785327;799775.1399999999;5829942.07;1
-4396419;791958.62;5825450.98;1
-22972219;798147.31;5828009.234999999;3
-824496040;801537.585;5822654.08;1
-1054785328;799763.935;5830059.045;1
-824496043;801404.69;5822515.85;1
-28536387;801843.81;5828836.095000001;1
-65425836;799883.84;5825910.325;1
-79426218#2;801205.87;5824176.275;2
-874119207;801522.5349999999;5822839.994999999;1
-182669262#0;791548.875;5827218.6;2
-4607069#4;796002.2849999999;5826114.66;1
32937788#0;796853.675;5826019.875;1
-4588222;797707.34;5827141.16;3
-1083523410#2;801435.01;5828691.095000001;1
-848060090;802192.3200000001;5823957.109999999;2
-182669262#3;791682.935;5827239.6899999995;2
4615058#0;800396.1699999999;5829213.915;3
1072598895#0;800715.97;5826943.640000001;2
1108304587;796701.29;5827421.97;5
-848060089;801833.22;5824222.565;1
-387892378;798733.13;5828277.640000001;1
-4377162#0;794834.7;5827788.02;1
-994863624;793680.9299999999;5826195.505000001;1
-9764964;794488.085;5823787.375;1
-531180926#4;795670.735;5824099.9399999995;1
-403736238;792064.62;5826932.54;3
-63031918;801934.135;5827691.77;1
-4588219;797692.3400000001;5827236.665;2
-4372494;791326.71;5825230.17;1
-32909626;792723.3999999999;5825988.995;1
151523084#4;794414.79;5825879.79;1
1101405488#0;795329.3200000001;5828533.32;1
-4685718;802239.575;5828001.545;5
151523084#0;794286.7;5825944.04;1
-24455729;791760.22;5827814.63;2
1101123947#0;794246.51;5826079.635;1
-4371002#2;793498.9650000001;5825330.955;2
-8084123#0;801335.27;5829454.65;1
1008899214;802481.9299999999;5827874.645;4
-8084123#1;801424.915;5829516.029999999;1
-1105809986;796867.895;5829531.675000001;2
-410242419;800705.77;5822900.01;2
-137499661;792923.495;5823697.895;1
-195337820#1;800296.6499999999;5825831.6;3
-211795078;799562.4450000001;5829828.699999999;1
-38168757#5;792926.83;5825080.369999999;1
1017378709;800847.47;5822534.4;1
-1036530810#1;798507.4299999999;5826144.075;1
-211795080;799659.37;5829992.39;2
490326855#0;791687.3500000001;5825140.3149999995;1
457462500#0;799976.9;5830167.455;1
-4612395;798524.9199999999;5825735.705;1
-713114410;794408.6499999999;5828361.18;1
4410427#3;792235.395;5826778.45;1
5368515;801480.84;5826113.725;1
169753567#7;796873.245;5823837.715;3
-1100784732#1;792337.19;5826058.335;2
431356088#0;801301.125;5826476.225;1
-462346349;800927.825;5829322.24;1
-208089047#3;793449.935;5824256.965;2
-4611906#2;798501.485;5824962.545;1
-297373653#2;798180.2;5829179.805;3
-1101060885#1;795086.3;5828085.08;1
-4611906#1;798378.45;5824977.779999999;1
4686354;798968.0800000001;5825298.615;1
-4611906#0;798250.12;5824993.275;1
-356359316#1;797284.27;5826771.395;5
-4615467;801146.325;5829258.5;8
-32911678#4;795583.5349999999;5829263.425;1
-297059850;801265.965;5823336.6850000005;1
-28197508#2;802215.42;5828392.34;1
-28197508#3;802240.105;5828458.539999999;1
-32911678#3;795378.1799999999;5829143.699999999;5
-1107927495;802917.5;5826740.4399999995;1
-851436061;798764.105;5824005.645;2
-1125019581;799908.715;5826744.67;1
-851436059;798790.485;5824084.775;1
-4710462#3;797046.3300000001;5823405.945;1
-195344063;800080.2749999999;5826039.9350000005;2
-195344062;799830.235;5826124.765000001;1
-979668824;798996.3300000001;5828364.885;1
175671149;795627.41;5826281.41;1
-4490390#4;793291.895;5825534.525;6
-195091665;796875.655;5828157.84;1
-4570580;797247.605;5828125.795;2
-94133659#2;798915.265;5829918.52;3
-42507101#1;794443.9450000001;5823704.96;1
1077209078#0;795857.0900000001;5828280.225;1
-4495207#2;791883.335;5826850.035;3
-380451748#4;795568.85;5823785.97;1
-112128825#1;799277.57;5828701.795;1
-112128825#0;799255.21;5828628.55;1
4692267#0;799509.91;5824894.859999999;1
-851436048;799166.4450000001;5824049.36;14
-11635731;795514.2450000001;5825402.9350000005;1
-203912354#2;793100.61;5828963.995;12
-24803495;799377.12;5826698.92;1
-461905068;796294.075;5826777.475;5
-1083744840#2;802255.49;5827503.085;3
-1101834074;803297.36;5827111.77;1
-1101064736#1;792048.395;5828745.82;2
-42507101#2;794457.8200000001;5823576.67;2
85127875;793933.19;5825201.975;1
-563341822;801173.31;5823615.925;1
1116542249#0;795799.755;5826317.91;2
-43114621#2;798717.915;5830034.17;2
-1104991648;800190.875;5830237.775;1
151571113#0;797248.815;5823136.0600000005;1
4686105#0;801754.505;5826232.535;1
-69992969;802260.1799999999;5824839.84;2
-104652096#4;796114.4199999999;5825633.725;1
-4531818#0;795149.745;5826165.475;2
-4525864#0;796504.4199999999;5824636.029999999;1
-4525864#1;796565.9450000001;5824615.975;2
-4592725;797182.625;5828323.965;7
-1107180852#0;795142.115;5824053.05;1
-4400974;793161.48;5827762.975;2
-260589818#3;794919.935;5827845.619999999;1
-933925495;799667.21;5827722.86;1
-27095671#0;800980.79;5827947.4;1
-4790879;798894.605;5828881.75;1
-4612756#1;799510.2;5826054.175;4
76611948;796632.41;5827819.265;1
-8149654#7;798984.655;5829572.04;1
48859717;796586.5549999999;5826731.17;5
-4611785#2;798454.795;5826560.195;1
48859716;796451.3500000001;5827686.54;5
415424122;797943.86;5826315.305;1
929582490#0;794436.625;5827042.47;1
72157174#0;798956.98;5828133.555;5
-8149654#3;799183.8899999999;5829463.535;2
-8149654#4;799082.78;5829516.385;1
-84793968#2;791944.28;5824761.525;1
48859721;796411.94;5827690.855;6
-4592739;796967.96;5827989.825;1
-944009364#2;800859.995;5822778.465;1
333347376;800465.71;5828316.605;3
-195104960;797299.73;5827949.355;3
-69992971;801703.645;5825204.755000001;1
-4540291#0;794422.11;5828972.52;4
138618795#0;792972.505;5824409.875;1
-4540291#2;794447.0;5828570.805;2
-4540291#1;794436.485;5828739.165;1
-4437183#2;792199.435;5824481.895;3
-851506423#0;798569.165;5824513.8;2
1108492317#0;794458.235;5827042.745;4
333967937#0;799848.3400000001;5830232.345000001;2
-4611900;798265.575;5825119.51;2
-28992603;798993.425;5830502.855;3
-147657138;799561.5800000001;5829728.1;2
-1109107936;794853.675;5823983.505;1
1101184953#0;792159.505;5827271.545;1
-1125508320;800945.97;5827204.075;1
-110450334#2;796854.1399999999;5823983.195;1
199847247#0;797846.505;5826913.515000001;1
688053570;792243.365;5826779.77;1
-66071366#1;798243.5900000001;5827428.99;1
-1006033769;799579.085;5828465.135;1
151571094#0;797329.7549999999;5823078.220000001;1
-4827498#2;800894.23;5822668.58;2
-66071366#0;798118.435;5827408.215;2
-176213808#4;795760.6;5823868.85;5
-7917219;797539.645;5828464.42;1
-62241003#2;795838.095;5825670.359999999;4
-4611908;798544.3200000001;5824851.470000001;5
-8008692;799459.985;5826309.005;1
-4475675;791924.2050000001;5828267.685;1
151571094#2;797404.97;5822928.6899999995;1
25418074#0;796461.28;5824876.995;2
151571094#5;797591.845;5822778.715;1
-25950000#0;802264.675;5828328.49;2
4396104;790556.415;5826083.77;2
-150514947#0;795024.015;5826227.5;1
-785350756;801609.5800000001;5823213.88;3
-174172052;796670.315;5830612.745;4
-367355785;796228.855;5825020.305;1
-150514947#4;794953.245;5826060.73;5
195337816;800182.925;5825857.335;1
-4616575#0;801296.535;5827429.58;1
-4616575#1;801388.855;5827523.205;2
4475559#0;797794.78;5824818.005;1
281095736;800447.96;5828136.715;1
785350818;801646.95;5822809.3149999995;1
-8149740;799771.9750000001;5830449.09;1
1079316193;798192.665;5823979.52;1
-150512829;794699.95;5825925.87;2
383776476#1;802491.99;5825970.61;1
-507023458;798017.625;5828334.91;3
-437325047#2;798110.8500000001;5828452.125;1
-4498149#2;791574.27;5828363.99;1
-4407114;793149.855;5823778.52;4
-4685867#2;802548.69;5826708.17;1
-4699695#1;796919.835;5822679.545;1
-53356539#2;797104.605;5824362.635;2
-4699695#0;796854.575;5822764.8;2
-4699695#3;797096.4299999999;5822607.25;1
-53356539#4;797113.52;5824164.550000001;3
-4498149#0;791614.08;5828583.12;1
-26071043#1;792661.9450000001;5824832.675;1
1116986776;791295.365;5827469.234999999;5
-38523780;792079.02;5828417.835;3
-184077630#1;799463.2450000001;5829660.41;4
-4685796;801840.3999999999;5826247.33;1
-150512735#0;794647.64;5825431.875;1
-4685799;802254.435;5826198.029999999;1
1097313358#0;797867.835;5830377.484999999;1
-291670881#2;797081.205;5828989.984999999;2
-1092669931;792286.45;5825038.59;2
-42724851;794701.235;5829477.215;3
-375459783;797903.995;5826970.890000001;3
100405009#0;799371.055;5828399.665;1
-4615005;799867.1599999999;5829400.775;3
-4488973;792860.14;5823584.795;1
-4396823;797841.635;5828542.22;1
318888124#0;794919.885;5825547.075;1
-28241306#0;793670.05;5827349.165;1
329869879#0;798154.2749999999;5825288.640000001;1
-331595238;795443.73;5827649.275;1
-603897822#0;795107.53;5823878.425;2
-184873899;801720.48;5825434.805;2
283283195#0;800326.5249999999;5827974.9;1
-1102685350;793243.125;5826202.215;1
-60333314;797009.97;5828228.885;2
1083226575;800320.635;5827717.5;1
-4395599#2;796227.395;5828028.91;8
-150512735#1;794830.17;5825415.95;4
-34393356;798333.13;5824567.545;1
-35557161#2;798074.705;5827149.525;1
-35557161#0;798043.2450000001;5827345.01;2
-183497785#2;799844.1000000001;5825775.545;1
-980461490#0;801597.825;5824086.9350000005;2
-1101063587#1;793505.51;5829114.22;1
927876178#0;801608.065;5822754.625;2
32909627#1;792595.45;5826102.32;1
971893836;793972.02;5826958.609999999;1
-32936807#5;796068.12;5825464.205;2
-4615062#2;800660.06;5829221.904999999;1
-105802525#0;797976.54;5830334.6850000005;1
-4615062#3;800727.98;5829166.99;1
-4615062#0;800387.7;5829383.515;1
-4615498;799796.655;5828337.165;1
-1101200865#0;791702.865;5828117.65;1
-4381166#2;792988.84;5826525.710000001;2
289966845;799406.2150000001;5828006.25;1
-8590558;793644.3;5823682.52;2
-53731898;801945.765;5824001.585;1
-4492371#7;794470.865;5825244.855;1
4612859#0;799685.8400000001;5825674.615;1
-1101834049#0;803362.505;5827225.41;2
188865518#0;800543.08;5825798.25;1
-24214516;802142.31;5825484.29;4
-1101010197;794265.53;5828044.975;1
4539460;793570.055;5823837.640000001;1
-1101010198;794200.675;5828119.32;1
150542057#2;794967.395;5824128.515000001;2
335393887#0;793955.615;5826177.975;2
4610352;798269.645;5828886.695;1
-4492371#1;794244.155;5825276.415;1
